{
    "blog": {
        "classic": [
            {
                "id": 3,
                "author": "John Doe",
                "comments": "0",
                "content": "Phasellus hendrerit. Pellentesque aliquet nibh nec urna. In nisi neque, aliquet vel, dapibus id, mattis vel, nisi. Sed pretium, ligula sollicitudin laoreet viverra, tortor libero sodales leo, eget blandit nunc tortor eu nibh ... ",
                "date": "2020-09-22",
                "slug": "sed-adipiscing-ornare.",
                "title": "Sed adipiscing ornare.",
                "type": "image",
                "blog_categories": [
                    {
                        "name": "Lifestyle",
                        "slug": "lifestyle"
                    },
                    {
                        "name": "Shopping",
                        "slug": "shopping"
                    }
                ],
                "image": [
                    {
                        "width": "873",
                        "height": "420",
                        "url": "/uploads/post_1_b9361c0eac.jpg"
                    }
                ]
            },
            {
                "id": 16,
                "author": "Jane Doe",
                "comments": "4",
                "content": "Praesent dapibus, neque id cursus faucibus, tortor neque egestas auguae, eu vulputate magna eros eu erat. Aliquam erat volutpat eget felis ...",
                "date": "2020-09-12",
                "slug": "fusce-pellentesque-suscipit.",
                "title": "Fusce pellentesque suscipit.",
                "type": "image",
                "blog_categories": [
                    {
                        "name": "Travel",
                        "slug": "travel"
                    }
                ],
                "image": [
                    {
                        "width": "400",
                        "height": "250",
                        "url": "/uploads/post_4_be80872f91.jpg"
                    }
                ]
            },
            {
                "id": 17,
                "author": "John Doe",
                "comments": "0",
                "content": "Aliquam erat volutpat. Nam dui mi, tincidunt quis, accumsan porttitor, facilisis luctus, metus. Phasellus ultrices nulla quis nibh. Quisque lectus. Donec consectetuer ligula vulputate sem ...",
                "date": "2020-09-11",
                "slug": "donec-nec-justo-eget-felis-facilisis-fermentum.",
                "title": "Donec nec justo eget felis facilisis  fermentum.",
                "type": "image",
                "blog_categories": [
                    {
                        "name": "Hobbies",
                        "slug": "hobbies"
                    }
                ],
                "image": [
                    {
                        "width": "400",
                        "height": "250",
                        "url": "/uploads/post_5_3c9d9563f6.jpg"
                    }
                ]
            },
            {
                "id": 19,
                "author": "John Doe",
                "comments": "0",
                "content": "Morbi purus libero, faucibus adipiscing, commodo quis, gravida id, est. Vestibulum volutpat, lacus a ultrices sagittis, mi neque euismod dui, eu pulvinar nunc sapien ornare nisl. Phasellus pede arcu, dapibus eu, fermentum eturna.",
                "date": "2020-09-21",
                "slug": "vivamus-vestibulum-ngtulla-necante.",
                "title": "Vivamus vestibulum ngtulla necante.",
                "type": "video",
                "blog_categories": [
                    {
                        "name": "Lifestyle",
                        "slug": "lifestyle"
                    }
                ],
                "image": [
                    {
                        "width": "873",
                        "height": "420",
                        "url": "/uploads/post_2_a2b4601de7.jpg"
                    }
                ]
            },
            {
                "id": 20,
                "author": "John Doe",
                "comments": "3",
                "content": "Sed pretium, ligula sollicitudin laoreet viverra, tortor libero sodales leo, eget blandit nunc tortor eu nibh. Suspendisse potenti. Sed egestas, ante et vulputate volutpat, uctus metus libero eu augue.",
                "date": "2020-09-18",
                "slug": "utaliquam-sollicitghrhudin-leo",
                "title": "Utaliquam sollicitghrhudin leo",
                "type": "gallery",
                "blog_categories": [
                    {
                        "name": "Lifestyle",
                        "slug": "lifestyle"
                    },
                    {
                        "name": "Fashion",
                        "slug": "fashion"
                    }
                ],
                "image": [
                    {
                        "width": "873",
                        "height": "420",
                        "url": "/uploads/post_3_1795183906.jpg"
                    },
                    {
                        "width": "873",
                        "height": "420",
                        "url": "/uploads/post_2_7b163853cf.jpg"
                    }
                ]
            }
        ],
        "listing": [
            {
                "id": 1,
                "author": "John Doe",
                "comments": "0",
                "content": "Sed pretium, ligula sollicitudin laoreet viverra, tortor libero sodales leo, eget blandit nunc tortor eu nibh. Suspendisse potenti. Sed egestas ... ",
                "date": "2020-09-22",
                "slug": "cras-ornare-tristique-elit.",
                "title": "Cras ornare tristique elit.",
                "type": "image",
                "blog_categories": [
                    {
                        "name": "Lifestyle",
                        "slug": "lifestyle"
                    },
                    {
                        "name": "Shopping",
                        "slug": "shopping"
                    }
                ],
                "image": [
                    {
                        "width": "400",
                        "height": "250",
                        "url": "/uploads/post_1_182459676d.jpg"
                    }
                ]
            },
            {
                "id": 2,
                "author": "John Doe",
                "comments": "3",
                "content": "Morbi purus libero, faucibus commodo quis, gravida id, est. Vestibulum volutpat, lacus a ultrices sagittis, mi neque euismod dui ... ",
                "date": "2020-09-20",
                "slug": "facilisis-aliquam-porttitor-mauris-sit-amet-orci.",
                "title": "Facilisis aliquam porttitor mauris sit  amet orci.",
                "type": "video",
                "blog_categories": [
                    {
                        "name": "Lifestyle",
                        "slug": "lifestyle"
                    }
                ],
                "image": [
                    {
                        "width": "400",
                        "height": "250",
                        "url": "/uploads/post_2_8738d9e4c3.jpg"
                    }
                ]
            },
            {
                "id": 15,
                "author": "John Doe",
                "comments": "0",
                "content": "Sed pretium, ligula sollicitudin laoreet viverra, tortor libero sodales leo, eget blandit nunc tortor eu nibh. Suspendisse potenti. Sed egestas ...",
                "date": "2020-09-22",
                "slug": "utaliquam-sollicitzdvudin-leo",
                "title": "Utaliquam sollicitzdvudin leo",
                "type": "gallery",
                "blog_categories": [
                    {
                        "name": "Shopping",
                        "slug": "shopping"
                    },
                    {
                        "name": "Lifestyle",
                        "slug": "lifestyle"
                    }
                ],
                "image": [
                    {
                        "width": "400",
                        "height": "250",
                        "url": "/uploads/post_3_04f0a7ccc9.jpg"
                    },
                    {
                        "width": "400",
                        "height": "250",
                        "url": "/uploads/post_1_f7acf524c2.jpg"
                    }
                ]
            },
            {
                "id": 16,
                "author": "Jane Doe",
                "comments": "4",
                "content": "Praesent dapibus, neque id cursus faucibus, tortor neque egestas auguae, eu vulputate magna eros eu erat. Aliquam erat volutpat eget felis ...",
                "date": "2020-09-12",
                "slug": "fusce-pellentesque-suscipit.",
                "title": "Fusce pellentesque suscipit.",
                "type": "image",
                "blog_categories": [
                    {
                        "name": "Travel",
                        "slug": "travel"
                    }
                ],
                "image": [
                    {
                        "width": "400",
                        "height": "250",
                        "url": "/uploads/post_4_be80872f91.jpg"
                    }
                ]
            },
            {
                "id": 17,
                "author": "John Doe",
                "comments": "0",
                "content": "Aliquam erat volutpat. Nam dui mi, tincidunt quis, accumsan porttitor, facilisis luctus, metus. Phasellus ultrices nulla quis nibh. Quisque lectus. Donec consectetuer ligula vulputate sem ...",
                "date": "2020-09-11",
                "slug": "donec-nec-justo-eget-felis-facilisis-fermentum.",
                "title": "Donec nec justo eget felis facilisis  fermentum.",
                "type": "image",
                "blog_categories": [
                    {
                        "name": "Hobbies",
                        "slug": "hobbies"
                    }
                ],
                "image": [
                    {
                        "width": "400",
                        "height": "250",
                        "url": "/uploads/post_5_3c9d9563f6.jpg"
                    }
                ]
            },
            {
                "id": 18,
                "author": "Hans Doe",
                "comments": "0",
                "content": "Nam dui mi, tincidunt quis, accumsan porttitor, facilisis luctus, metus. Phasellus ultrices nulla quis nibh. Quisque lectus. Donec consectetuer ...",
                "date": "2020-09-10",
                "slug": "quisque-volutpat-mattiseros.",
                "title": "Quisque volutpat mattiseros.",
                "type": "image",
                "blog_categories": [
                    {
                        "name": "Travel",
                        "slug": "travel"
                    },
                    {
                        "name": "Hobbies",
                        "slug": "hobbies"
                    }
                ],
                "image": [
                    {
                        "width": "376",
                        "height": "250",
                        "url": "/uploads/post_6_1a382312b4.jpg"
                    }
                ]
            }
        ],
        "grid-2": [
            {
                "id": 23,
                "author": "John Doe",
                "comments": "2",
                "content": "Sed pretium, ligula sollicitudin laoreet viverra, tortor libero sodales leo, eget blandit nunc tortor eu nibh. Suspendisse potenti. Sed egestas vulputate ...",
                "date": "2020-09-22",
                "slug": "cras-ornare-tristiqsvue-elit.",
                "title": "Cras ornare tristiqsvue elit.",
                "type": "image",
                "blog_categories": [
                    {
                        "name": "Lifestyle",
                        "slug": "lifestyle"
                    },
                    {
                        "name": "Shopping",
                        "slug": "shopping"
                    }
                ],
                "image": [
                    {
                        "width": "575",
                        "height": "350",
                        "url": "/uploads/post_1_301e67d5db.jpg"
                    }
                ]
            },
            {
                "id": 24,
                "author": "John Doe",
                "comments": "0",
                "content": "Morbi purus libero, faucibus commodo quis, gravida id, est. Vestibulumvolutpat, lacus a ultrices sagittis, mi neque euismod dui ...",
                "date": "2020-09-21",
                "slug": "vivamus-vestibulusvm-ntulla-necante.",
                "title": "Vivamus vestibulusvm ntulla necante.",
                "type": "video",
                "blog_categories": [
                    {
                        "name": "Lifestyle",
                        "slug": "lifestyle"
                    }
                ],
                "image": [
                    {
                        "width": "575",
                        "height": "350",
                        "url": "/uploads/post_2_65f393f459.jpg"
                    }
                ]
            },
            {
                "id": 25,
                "author": "John Doe",
                "comments": "3",
                "content": "Sed pretium, ligula sollicitudin laoreet viverra, tortor libero sodales leo, eget blandit nunc tortor eu nibh. Suspendisse potenti. Sed egestas ...",
                "date": "2020-09-18",
                "slug": "utaliquam-sdbfdollicitudin-leo.",
                "title": "Utaliquam sdbfdollicitudin leo.",
                "type": "gallery",
                "blog_categories": [
                    {
                        "name": "Fashion",
                        "slug": "fashion"
                    },
                    {
                        "name": "Lifestyle",
                        "slug": "lifestyle"
                    }
                ],
                "image": [
                    {
                        "width": "575",
                        "height": "350",
                        "url": "/uploads/post_3_43f303b296.jpg"
                    },
                    {
                        "width": "575",
                        "height": "350",
                        "url": "/uploads/post_1_81afb44f3e.jpg"
                    }
                ]
            },
            {
                "id": 26,
                "author": "Jane Doe",
                "comments": "4",
                "content": "Praesent dapibus, neque id cursus faucibus, tortor neque egestas auguae, eu vulputate magna eros eu erat. Aliquam erat volutpat ...",
                "date": "2020-09-15",
                "slug": "fusce-pellentesque-suscipghjit.",
                "title": "Fusce pellentesque suscipghjit.",
                "type": "image",
                "blog_categories": [
                    {
                        "name": "Travel",
                        "slug": "travel"
                    }
                ],
                "image": [
                    {
                        "width": "575",
                        "height": "350",
                        "url": "/uploads/post_4_227a5ed9c6.jpg"
                    }
                ]
            },
            {
                "id": 27,
                "author": "John Doe",
                "comments": "2",
                "content": "Aliquam erat volutpat. Nam dui mi, tincidunt quis, accumsan porttitor, facilisis luctus, metus. Phasellus ultrices nulla quis nibh. Quisque lectus ...",
                "date": "2020-09-11",
                "slug": "aenean-dignissim-pellente-squefelis.",
                "title": "Aenean dignissim pellente squefelis.",
                "type": "image",
                "blog_categories": [
                    {
                        "name": "Hobbies",
                        "slug": "hobbies"
                    },
                    {
                        "name": "Travel",
                        "slug": "travel"
                    }
                ],
                "image": [
                    {
                        "width": "575",
                        "height": "350",
                        "url": "/uploads/post_5_7f647f4d6c.jpg"
                    }
                ]
            },
            {
                "id": 28,
                "author": "John Doe",
                "comments": "4",
                "content": "Nam dui mi, tincidunt quis, accumsan porttitor, facilisis luctus, metus. Phasellus ultrices nulla quis nibh. Quisque lectus. Donec consectetuer ...",
                "date": "2020-09-10",
                "slug": "quisque-volufmtpat-mattiseros.",
                "title": "Quisque volufmtpat mattiseros.",
                "type": "image",
                "blog_categories": [
                    {
                        "name": "Hobbies",
                        "slug": "hobbies"
                    }
                ],
                "image": [
                    {
                        "width": "575",
                        "height": "350",
                        "url": "/uploads/post_6_dfdacdfe82.jpg"
                    }
                ]
            }
        ],
        "grid-3": [
            {
                "id": 29,
                "author": "John Doe",
                "comments": "2",
                "content": "Sed pretium, ligula sollicitudin laoreet viverra, tortor libero sodales leo, eget blandit nunc tortor eu nibh. Suspendisse potenti. Sed egestas vulputate ...",
                "date": "2020-09-22",
                "slug": "cras-ornare-trfsistique-elit.",
                "title": "Cras ornare trfsistique elit.",
                "type": "image",
                "blog_categories": [
                    {
                        "name": "Shopping",
                        "slug": "shopping"
                    },
                    {
                        "name": "Lifestyle",
                        "slug": "lifestyle"
                    }
                ],
                "image": [
                    {
                        "width": "376",
                        "height": "250",
                        "url": "/uploads/post_1_bea65230d6.jpg"
                    }
                ]
            },
            {
                "id": 30,
                "author": "John Doe",
                "comments": "0",
                "content": "Morbi purus libero, faucibus commodo quis, gravida id, est. Vestibulumvolutpat, lacus a ultrices sagittis, mi neque euismod dui ...",
                "date": "2020-09-21",
                "slug": "vivamus-vestibulum-ntulla-nesgcante.",
                "title": "Vivamus vestibulum ntulla nesgcante.",
                "type": "video",
                "blog_categories": [
                    {
                        "name": "Lifestyle",
                        "slug": "lifestyle"
                    }
                ],
                "image": [
                    {
                        "width": "376",
                        "height": "250",
                        "url": "/uploads/post_2_5b1456e2d2.jpg"
                    }
                ]
            },
            {
                "id": 31,
                "author": "John Doe",
                "comments": "3",
                "content": "Sed pretium, ligula sollicitudin laoreet viverra, tortor libero sodales leo, eget blandit nunc tortor eu nibh. Suspendisse potenti. Sed egestas ...",
                "date": "2020-09-18",
                "slug": "utaliquam-sollicitsfgvudin-leo.",
                "title": "Utaliquam sollicitsfgvudin leo.",
                "type": "gallery",
                "blog_categories": [
                    {
                        "name": "Fashion",
                        "slug": "fashion"
                    },
                    {
                        "name": "Lifestyle",
                        "slug": "lifestyle"
                    }
                ],
                "image": [
                    {
                        "width": "376",
                        "height": "250",
                        "url": "/uploads/post_3_099ed80474.jpg"
                    },
                    {
                        "width": "376",
                        "height": "250",
                        "url": "/uploads/post_2_e090e64765.jpg"
                    }
                ]
            },
            {
                "id": 32,
                "author": "Jane Doe",
                "comments": "4",
                "content": "Praesent dapibus, neque id cursus faucibus, tortor neque egestas auguae, eu vulputate magna eros eu erat. Aliquam erat volutpat ...",
                "date": "2020-09-15",
                "slug": "fusce-pellentesque-susifghcipit.",
                "title": "Fusce pellentesque susifghcipit.",
                "type": "image",
                "blog_categories": [
                    {
                        "name": "Travel",
                        "slug": "travel"
                    }
                ],
                "image": [
                    {
                        "width": "376",
                        "height": "250",
                        "url": "/uploads/post_4_2268966929.jpg"
                    }
                ]
            },
            {
                "id": 33,
                "author": "John Doe",
                "comments": "2",
                "content": "Aliquam erat volutpat. Nam dui mi, tincidunt quis, accumsan porttitor, facilisis luctus, metus. Phasellus ultrices nulla quis nibh. Quisque lectus ...",
                "date": "2020-09-11",
                "slug": "aenean-dignissim-pelledfgnte-squefelis.",
                "title": "Aenean dignissim pelledfgnte squefelis.",
                "type": "image",
                "blog_categories": [
                    {
                        "name": "Hobbies",
                        "slug": "hobbies"
                    },
                    {
                        "name": "Travel",
                        "slug": "travel"
                    }
                ],
                "image": [
                    {
                        "width": "376",
                        "height": "250",
                        "url": "/uploads/post_5_99e1963709.jpg"
                    }
                ]
            },
            {
                "id": 34,
                "author": "John Doe",
                "comments": "3",
                "content": "Nam dui mi, tincidunt quis, accumsan porttitor, facilisis luctus, metus. Phasellus ultrices nulla quis nibh. Quisque lectus. Donec consectetuer ...",
                "date": "2020-09-10",
                "slug": "quisque-volutpat-maasettiseros.",
                "title": "Quisque volutpat maasettiseros.",
                "type": "image",
                "blog_categories": [
                    {
                        "name": "Hobbies",
                        "slug": "hobbies"
                    }
                ],
                "image": [
                    {
                        "width": "376",
                        "height": "250",
                        "url": "/uploads/post_6_8f016cf0b8.jpg"
                    }
                ]
            },
            {
                "id": 35,
                "author": "John Doe",
                "comments": "3",
                "content": "Praesent dapibus, neque id cursus faucibus, tortor neque egestas auguae, eu vulputate magna eros eu erat. Aliquam erat volutpat ...",
                "date": "2020-09-11",
                "slug": null,
                "title": "Utaliquam sollicitudin leo.",
                "type": "gallery",
                "blog_categories": [
                    {
                        "name": "Travel",
                        "slug": "travel"
                    }
                ],
                "image": [
                    {
                        "width": "376",
                        "height": "250",
                        "url": "/uploads/post_7_969ed71a8d.jpg"
                    },
                    {
                        "width": "376",
                        "height": "250",
                        "url": "/uploads/post_6_7fcf8f10e6.jpg"
                    }
                ]
            },
            {
                "id": 36,
                "author": "John Doe",
                "comments": "0",
                "content": "Aliquam erat volutpat. Nam dui mi, tincidunt quis, accumsan porttitor, facilisis luctus, metus. Phasellus ultrices nulla quis nibh. Quisque lectus ...",
                "date": "2020-09-08",
                "slug": "quisque-a-lebnctus.",
                "title": "Quisque a lebnctus.",
                "type": "image",
                "blog_categories": [
                    {
                        "name": "Fashion",
                        "slug": "fashion"
                    }
                ],
                "image": [
                    {
                        "width": "376",
                        "height": "250",
                        "url": "/uploads/post_8_58cb4f7aff.jpg"
                    }
                ]
            },
            {
                "id": 37,
                "author": "John Doe",
                "comments": "5",
                "content": "Nam dui mi, tincidunt quis, accumsan porttitor, facilisis luctus, metus. Phasellus ultrices nulla quis nibh. Quisque lectus. Donec consectetuer ...",
                "date": "2020-09-07",
                "slug": "fusce-lacinia-arcu-etnulla.",
                "title": "Fusce lacinia arcu etnulla.",
                "type": "image",
                "blog_categories": [
                    {
                        "name": "Travel",
                        "slug": "travel"
                    }
                ],
                "image": [
                    {
                        "width": "376",
                        "height": "250",
                        "url": "/uploads/post_9_f7a2732f14.jpg"
                    }
                ]
            }
        ],
        "grid-4": [
            {
                "id": 38,
                "author": "John Doe",
                "comments": "2",
                "content": "Sed pretium, ligula sollicitudin laoreet viverra, tortor libero sodales leo, eget blandit nunc tortor eu nibh.",
                "date": "2020-09-22",
                "slug": "cras-ornare-trisbtique-elit.",
                "title": "Cras ornare trisbtique elit.",
                "type": "image",
                "blog_categories": [
                    {
                        "name": "Shopping",
                        "slug": "shopping"
                    },
                    {
                        "name": "Lifestyle",
                        "slug": "lifestyle"
                    }
                ],
                "image": [
                    {
                        "width": "376",
                        "height": "250",
                        "url": "/uploads/post_1_fa31ef6852.jpg"
                    }
                ]
            },
            {
                "id": 39,
                "author": "John Doe",
                "comments": "0",
                "content": "Morbi purus libero, faucibus commodo quis, gravida id, est. Vestibulumvo lutpat, lacus a ultrices sagittis ...",
                "date": "2020-09-21",
                "slug": "vivamus-vestibulum-ntulla-ne-cante.",
                "title": "Vivamus vestibulum ntulla ne cante.",
                "type": "video",
                "blog_categories": [
                    {
                        "name": "Lifestyle",
                        "slug": "lifestyle"
                    }
                ],
                "image": [
                    {
                        "width": "376",
                        "height": "250",
                        "url": "/uploads/post_2_d7089dfc74.jpg"
                    }
                ]
            },
            {
                "id": 40,
                "author": "John Doe",
                "comments": "3",
                "content": "Sed pretium, ligula sollicitudin laoreet viverra, tortor libero sodales leo, eget blandit nunc tortor eu nibh ...",
                "date": "2020-09-18",
                "slug": "utaliquam-sollicitudsvin-leo.",
                "title": "Utaliquam sollicitudsvin leo.",
                "type": "gallery",
                "blog_categories": [
                    {
                        "name": "Fashion",
                        "slug": "fashion"
                    },
                    {
                        "name": "Lifestyle",
                        "slug": "lifestyle"
                    }
                ],
                "image": [
                    {
                        "width": "376",
                        "height": "250",
                        "url": "/uploads/post_3_6947d596bb.jpg"
                    },
                    {
                        "width": "376",
                        "height": "250",
                        "url": "/uploads/post_1_7927a519ca.jpg"
                    }
                ]
            },
            {
                "id": 41,
                "author": "Jane Doe",
                "comments": "4",
                "content": "Praesent dapibus, neque id cursus faucibus, tortor neque egestas auguae, eu vulputate magna eros ...",
                "date": "2020-09-15",
                "slug": "fusce-pellentesvque-suscipit.",
                "title": "Fusce pellentesvque suscipit.",
                "type": "image",
                "blog_categories": [
                    {
                        "name": "Travel",
                        "slug": "travel"
                    }
                ],
                "image": [
                    {
                        "width": "376",
                        "height": "250",
                        "url": "/uploads/post_4_e165a990a6.jpg"
                    }
                ]
            },
            {
                "id": 42,
                "author": "John Doe",
                "comments": "2",
                "content": "Aliquam erat volutpat. Nam dui mi, tincidunt quis, accumsan porttitor, facilisis luctus, metus ...",
                "date": "2020-09-11",
                "slug": "aenean-dignissim-pellente-ssdvquefelis.",
                "title": "Aenean dignissim pellente ssdvquefelis.",
                "type": "image",
                "blog_categories": [
                    {
                        "name": "Travel",
                        "slug": "travel"
                    },
                    {
                        "name": "Hobbies",
                        "slug": "hobbies"
                    }
                ],
                "image": [
                    {
                        "width": "376",
                        "height": "250",
                        "url": "/uploads/post_5_4af31f2848.jpg"
                    }
                ]
            },
            {
                "id": 43,
                "author": "John Doe",
                "comments": "4",
                "content": "Nam dui mi, tincidunt quis, accumsan porttitor, facilisis luctus, metus. Phasellus ultrices nulla quis ...",
                "date": "2020-09-10",
                "slug": "quisque-volutbsbpat-mattiseros.",
                "title": "Quisque volutbsbpat mattiseros.",
                "type": "image",
                "blog_categories": [
                    {
                        "name": "Hobbies",
                        "slug": "hobbies"
                    }
                ],
                "image": [
                    {
                        "width": "376",
                        "height": "250",
                        "url": "/uploads/post_6_65fe609528.jpg"
                    }
                ]
            },
            {
                "id": 44,
                "author": "John Doe",
                "comments": "3",
                "content": "Praesent dapibus, neque id cursus faucibus, tortor neque egestas auguae, eu vulputate magna eros ...",
                "date": "2020-09-11",
                "slug": "utaliquam-sollivscitudin-leo.",
                "title": "Utaliquam sollivscitudin leo.",
                "type": "gallery",
                "blog_categories": [
                    {
                        "name": "Travel",
                        "slug": "travel"
                    }
                ],
                "image": [
                    {
                        "width": "376",
                        "height": "250",
                        "url": "/uploads/post_7_84db3074eb.jpg"
                    },
                    {
                        "width": "376",
                        "height": "250",
                        "url": "/uploads/post_6_44422c3e79.jpg"
                    }
                ]
            },
            {
                "id": 45,
                "author": "Jane Doe",
                "comments": "0",
                "content": "Aliquam erat volutpat. Nam dui mi, tincidunt quis, accumsan porttitor, facilisis luctus, metus ...",
                "date": "2020-09-08",
                "slug": "quisque-a-lsvsectus.",
                "title": "Quisque a lsvsectus.",
                "type": "image",
                "blog_categories": [
                    {
                        "name": "Fashion",
                        "slug": "fashion"
                    }
                ],
                "image": [
                    {
                        "width": "376",
                        "height": "250",
                        "url": "/uploads/post_8_483fb85198.jpg"
                    }
                ]
            }
        ],
        "grid-sidebar": [
            {
                "id": 29,
                "author": "John Doe",
                "comments": "2",
                "content": "Sed pretium, ligula sollicitudin laoreet viverra, tortor libero sodales leo, eget blandit nunc tortor eu nibh. Suspendisse potenti. Sed egestas vulputate ...",
                "date": "2020-09-22",
                "slug": "cras-ornare-trfsistique-elit.",
                "title": "Cras ornare trfsistique elit.",
                "type": "image",
                "blog_categories": [
                    {
                        "name": "Shopping",
                        "slug": "shopping"
                    },
                    {
                        "name": "Lifestyle",
                        "slug": "lifestyle"
                    }
                ],
                "image": [
                    {
                        "width": "376",
                        "height": "250",
                        "url": "/uploads/post_1_bea65230d6.jpg"
                    }
                ]
            },
            {
                "id": 30,
                "author": "John Doe",
                "comments": "0",
                "content": "Morbi purus libero, faucibus commodo quis, gravida id, est. Vestibulumvolutpat, lacus a ultrices sagittis, mi neque euismod dui ...",
                "date": "2020-09-21",
                "slug": "vivamus-vestibulum-ntulla-nesgcante.",
                "title": "Vivamus vestibulum ntulla nesgcante.",
                "type": "video",
                "blog_categories": [
                    {
                        "name": "Lifestyle",
                        "slug": "lifestyle"
                    }
                ],
                "image": [
                    {
                        "width": "376",
                        "height": "250",
                        "url": "/uploads/post_2_5b1456e2d2.jpg"
                    }
                ]
            },
            {
                "id": 31,
                "author": "John Doe",
                "comments": "3",
                "content": "Sed pretium, ligula sollicitudin laoreet viverra, tortor libero sodales leo, eget blandit nunc tortor eu nibh. Suspendisse potenti. Sed egestas ...",
                "date": "2020-09-18",
                "slug": "utaliquam-sollicitsfgvudin-leo.",
                "title": "Utaliquam sollicitsfgvudin leo.",
                "type": "gallery",
                "blog_categories": [
                    {
                        "name": "Fashion",
                        "slug": "fashion"
                    },
                    {
                        "name": "Lifestyle",
                        "slug": "lifestyle"
                    }
                ],
                "image": [
                    {
                        "width": "376",
                        "height": "250",
                        "url": "/uploads/post_3_099ed80474.jpg"
                    },
                    {
                        "width": "376",
                        "height": "250",
                        "url": "/uploads/post_2_e090e64765.jpg"
                    }
                ]
            },
            {
                "id": 32,
                "author": "Jane Doe",
                "comments": "4",
                "content": "Praesent dapibus, neque id cursus faucibus, tortor neque egestas auguae, eu vulputate magna eros eu erat. Aliquam erat volutpat ...",
                "date": "2020-09-15",
                "slug": "fusce-pellentesque-susifghcipit.",
                "title": "Fusce pellentesque susifghcipit.",
                "type": "image",
                "blog_categories": [
                    {
                        "name": "Travel",
                        "slug": "travel"
                    }
                ],
                "image": [
                    {
                        "width": "376",
                        "height": "250",
                        "url": "/uploads/post_4_2268966929.jpg"
                    }
                ]
            },
            {
                "id": 33,
                "author": "John Doe",
                "comments": "2",
                "content": "Aliquam erat volutpat. Nam dui mi, tincidunt quis, accumsan porttitor, facilisis luctus, metus. Phasellus ultrices nulla quis nibh. Quisque lectus ...",
                "date": "2020-09-11",
                "slug": "aenean-dignissim-pelledfgnte-squefelis.",
                "title": "Aenean dignissim pelledfgnte squefelis.",
                "type": "image",
                "blog_categories": [
                    {
                        "name": "Hobbies",
                        "slug": "hobbies"
                    },
                    {
                        "name": "Travel",
                        "slug": "travel"
                    }
                ],
                "image": [
                    {
                        "width": "376",
                        "height": "250",
                        "url": "/uploads/post_5_99e1963709.jpg"
                    }
                ]
            },
            {
                "id": 34,
                "author": "John Doe",
                "comments": "3",
                "content": "Nam dui mi, tincidunt quis, accumsan porttitor, facilisis luctus, metus. Phasellus ultrices nulla quis nibh. Quisque lectus. Donec consectetuer ...",
                "date": "2020-09-10",
                "slug": "quisque-volutpat-maasettiseros.",
                "title": "Quisque volutpat maasettiseros.",
                "type": "image",
                "blog_categories": [
                    {
                        "name": "Hobbies",
                        "slug": "hobbies"
                    }
                ],
                "image": [
                    {
                        "width": "376",
                        "height": "250",
                        "url": "/uploads/post_6_8f016cf0b8.jpg"
                    }
                ]
            },
            {
                "id": 35,
                "author": "John Doe",
                "comments": "3",
                "content": "Praesent dapibus, neque id cursus faucibus, tortor neque egestas auguae, eu vulputate magna eros eu erat. Aliquam erat volutpat ...",
                "date": "2020-09-11",
                "slug": null,
                "title": "Utaliquam sollicitudin leo.",
                "type": "gallery",
                "blog_categories": [
                    {
                        "name": "Travel",
                        "slug": "travel"
                    }
                ],
                "image": [
                    {
                        "width": "376",
                        "height": "250",
                        "url": "/uploads/post_7_969ed71a8d.jpg"
                    },
                    {
                        "width": "376",
                        "height": "250",
                        "url": "/uploads/post_6_7fcf8f10e6.jpg"
                    }
                ]
            },
            {
                "id": 36,
                "author": "John Doe",
                "comments": "0",
                "content": "Aliquam erat volutpat. Nam dui mi, tincidunt quis, accumsan porttitor, facilisis luctus, metus. Phasellus ultrices nulla quis nibh. Quisque lectus ...",
                "date": "2020-09-08",
                "slug": "quisque-a-lebnctus.",
                "title": "Quisque a lebnctus.",
                "type": "image",
                "blog_categories": [
                    {
                        "name": "Fashion",
                        "slug": "fashion"
                    }
                ],
                "image": [
                    {
                        "width": "376",
                        "height": "250",
                        "url": "/uploads/post_8_58cb4f7aff.jpg"
                    }
                ]
            }
        ],
        "masonry-2": [
            {
                "id": 46,
                "author": "John Doe",
                "comments": "2",
                "content": "Aliquam erat volutpat. Nam dui mi, tincidunt quis, accumsan porttitor, facilisis luctus, metus ...",
                "date": "2020-09-22",
                "slug": "cras-ornare-trisdtique-elitsd.",
                "title": "Cras ornare trisdtique elitsd.",
                "type": "image",
                "blog_categories": [
                    {
                        "name": "Shopping",
                        "slug": "shopping"
                    },
                    {
                        "name": "Lifestyle",
                        "slug": "lifestyle"
                    }
                ],
                "image": [
                    {
                        "width": "575",
                        "height": "350",
                        "url": "/uploads/post_1_6d89c70151.jpg"
                    }
                ]
            },
            {
                "id": 47,
                "author": "John Doe",
                "comments": "0",
                "content": "Aliquam erat volutpat. Nam dui mi, tincidunt quis, accumsan porttitor, facilisis luctus, metus ...",
                "date": "2020-09-21",
                "slug": "aenean-dignissim-pellente-ssquefelis.",
                "title": "Aenean dignissim pellente ssquefelis.",
                "type": "image",
                "blog_categories": [
                    {
                        "name": "Lifestyle",
                        "slug": "lifestyle"
                    }
                ],
                "image": [
                    {
                        "width": "575",
                        "height": "790",
                        "url": "/uploads/post_2_69086b4121.jpg"
                    }
                ]
            },
            {
                "id": 48,
                "author": "John Doe",
                "comments": "3",
                "content": "Aliquam erat volutpat. Nam dui mi, tincidunt quis, accumsan porttitor, facilisis luctus, metus ...",
                "date": "2020-09-18",
                "slug": "aenean-ddvignissim-pellente.",
                "title": "Aenean ddvignissim pellente.",
                "type": "image",
                "blog_categories": [
                    {
                        "name": "Fashion",
                        "slug": "fashion"
                    },
                    {
                        "name": "Lifestyle",
                        "slug": "lifestyle"
                    }
                ],
                "image": [
                    {
                        "width": "575",
                        "height": "520",
                        "url": "/uploads/post_3_f4558113be.jpg"
                    }
                ]
            },
            {
                "id": 49,
                "author": "Jane Doe",
                "comments": "4",
                "content": "Aliquam erat volutpat. Nam dui mi, tincidunt quis, accumsan porttitor, facilisis luctus, metus ...",
                "date": "2020-09-15",
                "slug": "utaliquam-sollicitudvdin-leo.",
                "title": "Utaliquam sollicitudvdin leo.",
                "type": "gallery",
                "blog_categories": [
                    {
                        "name": "Travel",
                        "slug": "travel"
                    }
                ],
                "image": [
                    {
                        "width": "575",
                        "height": "350",
                        "url": "/uploads/post_4_3647435fe4.jpg"
                    },
                    {
                        "width": "575",
                        "height": "350",
                        "url": "/uploads/post_4_2_f0d7197bfe.jpg"
                    }
                ]
            },
            {
                "id": 50,
                "author": "John Doe",
                "comments": "2",
                "content": "Aliquam erat volutpat. Nam dui mi, tincidunt quis, accumsan porttitor, facilisis luctus, metus ...",
                "date": "2020-09-11",
                "slug": "quisque-volutpat-mattisdvseros.",
                "title": "Quisque volutpat mattisdvseros.",
                "type": "image",
                "blog_categories": [
                    {
                        "name": "Travel",
                        "slug": "travel"
                    },
                    {
                        "name": "Hobbies",
                        "slug": "hobbies"
                    }
                ],
                "image": [
                    {
                        "width": "575",
                        "height": "640",
                        "url": "/uploads/post_5_e44505987c.jpg"
                    }
                ]
            },
            {
                "id": 51,
                "author": "John Doe",
                "comments": "4",
                "content": "Aliquam erat volutpat. Nam dui mi, tincidunt quis, accumsan porttitor, facilisis luctus, metus ...",
                "date": "2020-09-10",
                "slug": "vivamus-vestivbulum-ntulla-necante.",
                "title": "Vivamus vestivbulum ntulla necante.",
                "type": "video",
                "blog_categories": [
                    {
                        "name": "Hobbies",
                        "slug": "hobbies"
                    }
                ],
                "image": [
                    {
                        "width": "575",
                        "height": "350",
                        "url": "/uploads/post_6_b48a165159.jpg"
                    }
                ]
            }
        ],
        "masonry-3": [
            {
                "id": 52,
                "author": "John Doe",
                "comments": "2",
                "content": "Aliquam erat volutpat. Nam dui mi, tincidunt quis, accumsan porttitor, facilisis luctus, metus ...",
                "date": "2020-09-22",
                "slug": "cras-ornare-tristiqvue-elit.",
                "title": "Cras ornare tristiqvue elit.",
                "type": "image",
                "blog_categories": [
                    {
                        "name": "Lifestyle",
                        "slug": "lifestyle"
                    },
                    {
                        "name": "Shopping",
                        "slug": "shopping"
                    }
                ],
                "image": [
                    {
                        "width": "376",
                        "height": "250",
                        "url": "/uploads/post_1_3e8bc0917a.jpg"
                    }
                ]
            },
            {
                "id": 53,
                "author": "John Doe",
                "comments": "0",
                "content": "Aliquam erat volutpat. Nam dui mi, tincidunt quis, accumsan porttitor, facilisis luctus, metus ...",
                "date": "2020-09-21",
                "slug": "fusce-lacindia-arcu-etnulla.",
                "title": "Fusce lacindia arcu etnulla.",
                "type": "image",
                "blog_categories": [
                    {
                        "name": "Lifestyle",
                        "slug": "lifestyle"
                    }
                ],
                "image": [
                    {
                        "width": "376",
                        "height": "490",
                        "url": "/uploads/post_2_e5bad6fe2f.jpg"
                    }
                ]
            },
            {
                "id": 54,
                "author": "John Doe",
                "comments": "3",
                "content": "Aliquam erat volutpat. Nam dui mi, tincidunt quis, accumsan porttitor, facilisis luctus, metus ...",
                "date": "2020-09-18",
                "slug": "utaliquam-sollicitudin-levdo.",
                "title": "Utaliquam sollicitudin levdo.",
                "type": "gallery",
                "blog_categories": [
                    {
                        "name": "Fashion",
                        "slug": "fashion"
                    },
                    {
                        "name": "Lifestyle",
                        "slug": "lifestyle"
                    }
                ],
                "image": [
                    {
                        "width": "376",
                        "height": "250",
                        "url": "/uploads/post_3_f3611f7479.jpg"
                    },
                    {
                        "width": "376",
                        "height": "250",
                        "url": "/uploads/post_3_2_36f91d67d7.jpg"
                    }
                ]
            },
            {
                "id": 55,
                "author": "Jane Doe",
                "comments": "4",
                "content": "Aliquam erat volutpat. Nam dui mi, tincidunt quis, accumsan porttitor, facilisis luctus, metus ...",
                "date": "2020-09-15",
                "slug": "vivamus-vestidvbulum-ntulla-necante.",
                "title": "Vivamus vestidvbulum ntulla necante.",
                "type": "video",
                "blog_categories": [
                    {
                        "name": "Travel",
                        "slug": "travel"
                    }
                ],
                "image": [
                    {
                        "width": "376",
                        "height": "250",
                        "url": "/uploads/post_4_3f5665825c.jpg"
                    }
                ]
            },
            {
                "id": 56,
                "author": "John Doe",
                "comments": "2",
                "content": "Aliquam erat volutpat. Nam dui mi, tincidunt quis, accumsan porttitor, facilisis luctus, metus ...",
                "date": "2020-09-11",
                "slug": "quisque-volutpat-mattisdseros.",
                "title": "Quisque volutpat mattisdseros.",
                "type": "image",
                "blog_categories": [
                    {
                        "name": "Travel",
                        "slug": "travel"
                    },
                    {
                        "name": "Hobbies",
                        "slug": "hobbies"
                    }
                ],
                "image": [
                    {
                        "width": "376",
                        "height": "460",
                        "url": "/uploads/post_5_2424446a33.jpg"
                    }
                ]
            },
            {
                "id": 57,
                "author": "John Doe",
                "comments": "4",
                "content": "Aliquam erat volutpat. Nam dui mi, tincidunt quis, accumsan porttitor, facilisis luctus, metus ...",
                "date": "2020-09-10",
                "slug": "aenean-dignissim-pellensdvte-squefelis.",
                "title": "Aenean dignissim pellensdvte squefelis.",
                "type": "image",
                "blog_categories": [
                    {
                        "name": "Hobbies",
                        "slug": "hobbies"
                    }
                ],
                "image": [
                    {
                        "width": "376",
                        "height": "340",
                        "url": "/uploads/post_6_d8e95ee739.jpg"
                    }
                ]
            },
            {
                "id": 58,
                "author": "John Doe",
                "comments": "3",
                "content": "Aliquam erat volutpat. Nam dui mi, tincidunt quis, accumsan porttitor, facilisis luctus, metus ...",
                "date": "2020-09-11",
                "slug": "quisque-a-levdctus.",
                "title": "Quisque a levdctus.",
                "type": "image",
                "blog_categories": [
                    {
                        "name": "Travel",
                        "slug": "travel"
                    }
                ],
                "image": [
                    {
                        "width": "376",
                        "height": "480",
                        "url": "/uploads/post_7_7c46b5f472.jpg"
                    }
                ]
            },
            {
                "id": 59,
                "author": "John Doe",
                "comments": "0",
                "content": "Aliquam erat volutpat. Nam dui mi, tincidunt quis, accumsan porttitor, facilisis luctus, metus ...",
                "date": "2020-09-08",
                "slug": "fusce-pellentdvsesque-suscipit.",
                "title": "Fusce pellentdvsesque suscipit.",
                "type": "image",
                "blog_categories": [
                    {
                        "name": "Fashion",
                        "slug": "fashion"
                    }
                ],
                "image": [
                    {
                        "width": "376",
                        "height": "250",
                        "url": "/uploads/post_8_989b9feb2e.jpg"
                    }
                ]
            },
            {
                "id": 60,
                "author": "John Doe",
                "comments": "5",
                "content": "Aliquam erat volutpat. Nam dui mi, tincidunt quis, accumsan porttitor, facilisis luctus, metus ...",
                "date": "2020-09-07",
                "slug": "utaliquam-sollicivdtudin-leo.",
                "title": "Utaliquam sollicivdtudin leo.",
                "type": "gallery",
                "blog_categories": [
                    {
                        "name": "Travel",
                        "slug": "travel"
                    }
                ],
                "image": [
                    {
                        "width": "376",
                        "height": "250",
                        "url": "/uploads/post_9_500bfeac6d.jpg"
                    },
                    {
                        "width": "376",
                        "height": "250",
                        "url": "/uploads/post_9_2_796a059aca.jpg"
                    }
                ]
            }
        ],
        "masonry-4": [
            {
                "id": 61,
                "author": "John Doe",
                "comments": "2",
                "content": "Aliquam erat volutpat. Nam dui mi, tincidunt quis, accumsan porttitor, facilisis luctus, metus ...",
                "date": "2020-09-22",
                "slug": "cras-ornarve-tristique-elit.",
                "title": "Cras ornarve tristique elit.",
                "type": "image",
                "blog_categories": [
                    {
                        "name": "Lifestyle",
                        "slug": "lifestyle"
                    },
                    {
                        "name": "Shopping",
                        "slug": "shopping"
                    }
                ],
                "image": [
                    {
                        "width": "277",
                        "height": "180",
                        "url": "/uploads/post_1_3626c46323.jpg"
                    }
                ]
            },
            {
                "id": 62,
                "author": "John Doe",
                "comments": "0",
                "content": "Aliquam erat volutpat. Nam dui mi, tincidunt quis, accumsan porttitor, facilisis luctus, metus ...",
                "date": "2020-09-21",
                "slug": "aenean-dignissism-pellente-squefelis.",
                "title": "Aenean dignissism pellente squefelis.",
                "type": "image",
                "blog_categories": [
                    {
                        "name": "Lifestyle",
                        "slug": "lifestyle"
                    }
                ],
                "image": [
                    {
                        "width": "277",
                        "height": "250",
                        "url": "/uploads/post_2_30b7a7018e.jpg"
                    }
                ]
            },
            {
                "id": 63,
                "author": "John Doe",
                "comments": "3",
                "content": "Aliquam erat volutpat. Nam dui mi, tincidunt quis, accumsan porttitor, facilisis luctus, metus ...",
                "date": "2020-09-18",
                "slug": "utaliquam-sollicitudinv-leo.",
                "title": "Utaliquam sollicitudinv leo.",
                "type": "gallery",
                "blog_categories": [
                    {
                        "name": "Fashion",
                        "slug": "fashion"
                    },
                    {
                        "name": "Lifestyle",
                        "slug": "lifestyle"
                    }
                ],
                "image": [
                    {
                        "width": "277",
                        "height": "180",
                        "url": "/uploads/post_3_2_df60da7937.jpg"
                    },
                    {
                        "width": "277",
                        "height": "180",
                        "url": "/uploads/post_3_fdb5783bbd.jpg"
                    }
                ]
            },
            {
                "id": 64,
                "author": "Jane Doe",
                "comments": "4",
                "content": "Aliquam erat volutpat. Nam dui mi, tincidunt quis, accumsan porttitor, facilisis luctus, metus ...",
                "date": "2020-09-15",
                "slug": "quisque-volu-tpat-mattiseros.",
                "title": "Quisque volu tpat mattiseros.",
                "type": "image",
                "blog_categories": [
                    {
                        "name": "Travel",
                        "slug": "travel"
                    }
                ],
                "image": [
                    {
                        "width": "277",
                        "height": "340",
                        "url": "/uploads/post_4_0228561a84.jpg"
                    }
                ]
            },
            {
                "id": 65,
                "author": "John Doe",
                "comments": "2",
                "content": "Aliquam erat volutpat. Nam dui mi, tincidunt quis, accumsan porttitor, facilisis luctus, metus ...",
                "date": "2020-09-11",
                "slug": "vivamus-vestisdbulum-ntulla-necante.",
                "title": "Vivamus vestisdbulum ntulla necante.",
                "type": "video",
                "blog_categories": [
                    {
                        "name": "Hobbies",
                        "slug": "hobbies"
                    },
                    {
                        "name": "Travel",
                        "slug": "travel"
                    }
                ],
                "image": [
                    {
                        "width": "277",
                        "height": "180",
                        "url": "/uploads/post_5_da770f2247.jpg"
                    }
                ]
            },
            {
                "id": 66,
                "author": "John Doe",
                "comments": "4",
                "content": "Aliquam erat volutpat. Nam dui mi, tincidunt quis, accumsan porttitor, facilisis luctus, metus ...",
                "date": "2020-09-10",
                "slug": "quisque-a-ledctus.",
                "title": "Quisque a ledctus.",
                "type": "image",
                "blog_categories": [
                    {
                        "name": "Hobbies",
                        "slug": "hobbies"
                    }
                ],
                "image": [
                    {
                        "width": "277",
                        "height": "370",
                        "url": "/uploads/post_6_25168a863e.jpg"
                    }
                ]
            },
            {
                "id": 67,
                "author": "John Doe",
                "comments": "3",
                "content": "Aliquam erat volutpat. Nam dui mi, tincidunt quis, accumsan porttitor, facilisis luctus, metus ...",
                "date": "2020-09-11",
                "slug": "fusce-pellentdvesque-suscipit.",
                "title": "Fusce pellentdvesque suscipit.",
                "type": "image",
                "blog_categories": [
                    {
                        "name": "Travel",
                        "slug": "travel"
                    }
                ],
                "image": [
                    {
                        "width": "277",
                        "height": "180",
                        "url": "/uploads/post_7_b1dbe86496.jpg"
                    }
                ]
            },
            {
                "id": 68,
                "author": "John Doe",
                "comments": "0",
                "content": "Aliquam erat volutpat. Nam dui mi, tincidunt quis, accumsan porttitor, facilisis luctus, metus ...",
                "date": "2020-09-08",
                "slug": "utaliquam-sollicitfbdudin-leo.",
                "title": "Utaliquam sollicitfbdudin leo.",
                "type": "gallery",
                "blog_categories": [
                    {
                        "name": "Fashion",
                        "slug": "fashion"
                    }
                ],
                "image": [
                    {
                        "width": "277",
                        "height": "180",
                        "url": "/uploads/post_8_0173767d08.jpg"
                    },
                    {
                        "width": "277",
                        "height": "180",
                        "url": "/uploads/post_8_2_aca2a5cf70.jpg"
                    }
                ]
            },
            {
                "id": 69,
                "author": "John Doe",
                "comments": "5",
                "content": "Aliquam erat volutpat. Nam dui mi, tincidunt quis, accumsan porttitor, facilisis luctus, metus ...",
                "date": "2020-09-07",
                "slug": "quisque-volutpat-mfbdattiseros.",
                "title": "Quisque volutpat mfbdattiseros.",
                "type": "image",
                "blog_categories": [
                    {
                        "name": "Travel",
                        "slug": "travel"
                    }
                ],
                "image": [
                    {
                        "width": "277",
                        "height": "370",
                        "url": "/uploads/post_9_78ada02d7a.jpg"
                    }
                ]
            },
            {
                "id": 70,
                "author": "John Doe",
                "comments": "1",
                "content": "Aliquam erat volutpat. Nam dui mi, tincidunt quis, accumsan porttitor, facilisis luctus, metus ...",
                "date": "2020-09-07",
                "slug": "donec-nec-justo-eget-felis-ffacilisis-fermentum.",
                "title": "Donec nec justo eget felis ffacilisis  fermentum.",
                "type": "image",
                "blog_categories": [
                    {
                        "name": "Travel",
                        "slug": "travel"
                    }
                ],
                "image": [
                    {
                        "width": "277",
                        "height": "250",
                        "url": "/uploads/post_10_6e4da271fa.jpg"
                    }
                ]
            },
            {
                "id": 71,
                "author": "John Doe",
                "comments": "3",
                "content": "Aliquam erat volutpat. Nam dui mi, tincidunt quis, accumsan porttitor, facilisis luctus, metus ...",
                "date": "2020-09-06",
                "slug": "aliquam-tincidunt-mbauris.",
                "title": "Aliquam tincidunt mbauris.",
                "type": "image",
                "blog_categories": [
                    {
                        "name": "Travel",
                        "slug": "travel"
                    }
                ],
                "image": [
                    {
                        "width": "277",
                        "height": "220",
                        "url": "/uploads/post_11_be402bf0fa.jpg"
                    }
                ]
            },
            {
                "id": 72,
                "author": "John Doe",
                "comments": "0",
                "content": "Aliquam erat volutpat. Nam dui mi, tincidunt quis, accumsan porttitor, facilisis luctus, metus ...",
                "date": "2020-09-05",
                "slug": "cras-ornare-dftristique-elit.",
                "title": "Cras ornare dftristique elit.",
                "type": "image",
                "blog_categories": [
                    {
                        "name": "Shopping",
                        "slug": "shopping"
                    }
                ],
                "image": [
                    {
                        "width": "277",
                        "height": "180",
                        "url": "/uploads/post_12_cd5e9c6cc5.jpg"
                    }
                ]
            }
        ],
        "masonry-sidebar": [
            {
                "id": 73,
                "author": "John Doe",
                "comments": "2",
                "content": "Aliquam erat volutpat. Nam dui mi, tincidunt quis, accumsan porttitor, facilisis luctus, metus ...",
                "date": "2020-09-22",
                "slug": null,
                "title": "Cras ornare tristique elit.",
                "type": "image",
                "blog_categories": [
                    {
                        "name": "Lifestyle",
                        "slug": "lifestyle"
                    },
                    {
                        "name": "Shopping",
                        "slug": "shopping"
                    }
                ],
                "image": [
                    {
                        "width": "426",
                        "height": "285",
                        "url": "/uploads/post_1_f8b94e97cf.jpg"
                    }
                ]
            },
            {
                "id": 74,
                "author": "John Doe",
                "comments": "0",
                "content": "Aliquam erat volutpat. Nam dui mi, tincidunt quis, accumsan porttitor, facilisis luctus, metus ...",
                "date": "2020-09-21",
                "slug": "quisque-voflutpat-mattiseros.",
                "title": "Quisque voflutpat mattiseros.",
                "type": "image",
                "blog_categories": [
                    {
                        "name": "Lifestyle",
                        "slug": "lifestyle"
                    }
                ],
                "image": [
                    {
                        "width": "426",
                        "height": "520",
                        "url": "/uploads/post_2_d13e3a7f9e.jpg"
                    }
                ]
            },
            {
                "id": 75,
                "author": "John Doe",
                "comments": "3",
                "content": "Aliquam erat volutpat. Nam dui mi, tincidunt quis, accumsan porttitor, facilisis luctus, metus ...",
                "date": "2020-09-18",
                "slug": "quisque-a-lecfbdtus.",
                "title": "Quisque a lecfbdtus.",
                "type": "image",
                "blog_categories": [
                    {
                        "name": "Fashion",
                        "slug": "fashion"
                    },
                    {
                        "name": "Lifestyle",
                        "slug": "lifestyle"
                    }
                ],
                "image": [
                    {
                        "width": "426",
                        "height": "500",
                        "url": "/uploads/post_3_20646cbd8e.jpg"
                    }
                ]
            },
            {
                "id": 76,
                "author": "John Doe",
                "comments": "4",
                "content": "Aliquam erat volutpat. Nam dui mi, tincidunt quis, accumsan porttitor, facilisis luctus, metus ...",
                "date": "2020-09-15",
                "slug": "vivamus-vestibulum-ntulla-nnecante.",
                "title": "Vivamus vestibulum ntulla nnecante.",
                "type": "video",
                "blog_categories": [
                    {
                        "name": "Travel",
                        "slug": "travel"
                    }
                ],
                "image": [
                    {
                        "width": "426",
                        "height": "285",
                        "url": "/uploads/post_4_8cf160367c.jpg"
                    }
                ]
            },
            {
                "id": 77,
                "author": "John Doe",
                "comments": "2",
                "content": "Aliquam erat volutpat. Nam dui mi, tincidunt quis, accumsan porttitor, facilisis luctus, metus ...",
                "date": "2020-09-11",
                "slug": "utaliquam-sollicifgntudin-leo.",
                "title": "Utaliquam sollicifgntudin leo.",
                "type": "image",
                "blog_categories": [
                    {
                        "name": "Hobbies",
                        "slug": "hobbies"
                    },
                    {
                        "name": "Travel",
                        "slug": "travel"
                    }
                ],
                "image": [
                    {
                        "width": "426",
                        "height": "285",
                        "url": "/uploads/post_5_74a26eb7c1.jpg"
                    }
                ]
            },
            {
                "id": 78,
                "author": "John Doe",
                "comments": "4",
                "content": "Aliquam erat volutpat. Nam dui mi, tincidunt quis, accumsan porttitor, facilisis luctus, metus ...",
                "date": "2020-09-10",
                "slug": "fusce-epellentesque-suscipit.",
                "title": "Fusce epellentesque suscipit.",
                "type": "image",
                "blog_categories": [
                    {
                        "name": "Hobbies",
                        "slug": "hobbies"
                    }
                ],
                "image": [
                    {
                        "width": "426",
                        "height": "285",
                        "url": "/uploads/post_6_cd9d13fde9.jpg"
                    }
                ]
            },
            {
                "id": 79,
                "author": "John Doe",
                "comments": "4",
                "content": "Aliquam erat volutpat. Nam dui mi, tincidunt quis, accumsan porttitor, facilisis luctus, metus ...",
                "date": "2020-09-10",
                "slug": "aenean-dignissim-pellente-squed-felis.",
                "title": "Aenean dignissim pellente squed felis.",
                "type": "image",
                "blog_categories": [
                    {
                        "name": "Hobbies",
                        "slug": "hobbies"
                    }
                ],
                "image": [
                    {
                        "width": "428",
                        "height": "385",
                        "url": "/uploads/post_7_981883ab6b.jpg"
                    }
                ]
            },
            {
                "id": 80,
                "author": "Jane Doe",
                "comments": "4",
                "content": "Aliquam erat volutpat. Nam dui mi, tincidunt quis, accumsan porttitor, facilisis luctus, metus ...",
                "date": "2020-09-15",
                "slug": "utaliquam-sollicitudfbdin-leo.",
                "title": "Utaliquam sollicitudfbdin leo.",
                "type": "gallery",
                "blog_categories": [
                    {
                        "name": "Travel",
                        "slug": "travel"
                    }
                ],
                "image": [
                    {
                        "width": "428",
                        "height": "285",
                        "url": "/uploads/post_8_b5d693f9f7.jpg"
                    },
                    {
                        "width": "428",
                        "height": "285",
                        "url": "/uploads/post_8_2_4fefb6b580.jpg"
                    }
                ]
            }
        ],
        "mask": [
            {
                "id": 12,
                "author": "Jane Doe",
                "comments": "2",
                "content": null,
                "date": "2020-09-22",
                "slug": "cras-ornare-tristique-eli-asdf.",
                "title": "Cras ornare tristique eli asdf.",
                "type": "image",
                "blog_categories": [
                    {
                        "name": "Lifestyle",
                        "slug": "lifestyle"
                    },
                    {
                        "name": "Shopping",
                        "slug": "shopping"
                    }
                ],
                "image": [
                    {
                        "width": "376",
                        "height": "400",
                        "url": "/uploads/post_1_dd454ab04c.jpg"
                    }
                ]
            },
            {
                "id": 13,
                "author": "Jane Doe",
                "comments": "0",
                "content": null,
                "date": "2020-09-22",
                "slug": "vivamus-vestibulum-ntulla-necante.",
                "title": "Vivamus vestibulum ntulla necante.",
                "type": "video",
                "blog_categories": [
                    {
                        "name": "Lifestyle",
                        "slug": "lifestyle"
                    }
                ],
                "image": [
                    {
                        "width": "376",
                        "height": "400",
                        "url": "/uploads/post_2_de8fd44ad3.jpg"
                    }
                ]
            },
            {
                "id": 14,
                "author": "Jane Doe",
                "comments": "3",
                "content": null,
                "date": "2020-09-22",
                "slug": "utaliquam-sollicitudin-leo.",
                "title": "Utaliquam sollicitudin leo.",
                "type": "gallery",
                "blog_categories": [
                    {
                        "name": "Fashion",
                        "slug": "fashion"
                    },
                    {
                        "name": "Lifestyle",
                        "slug": "lifestyle"
                    }
                ],
                "image": [
                    {
                        "width": "376",
                        "height": "400",
                        "url": "/uploads/post_3_8b69144778.jpg"
                    },
                    {
                        "width": "376",
                        "height": "400",
                        "url": "/uploads/post_8_c9ff034de1.jpg"
                    }
                ]
            },
            {
                "id": 81,
                "author": "Jane Doe",
                "comments": "4",
                "content": "Praesent dapibus, neque id cursus faucibus, tortor neque egestas auguae, eu vulputate magna eros eu erat. Aliquam erat volutpat ...",
                "date": "2020-09-15",
                "slug": "fusce-pellentesque-sfsuscipit.",
                "title": "Fusce pellentesque sfsuscipit.",
                "type": "image",
                "blog_categories": [
                    {
                        "name": "Travel",
                        "slug": "travel"
                    }
                ],
                "image": [
                    {
                        "width": "376",
                        "height": "400",
                        "url": "/uploads/post_4_af9eb23f77.jpg"
                    }
                ]
            },
            {
                "id": 82,
                "author": "John Doe",
                "comments": "2",
                "content": "Aliquam erat volutpat. Nam dui mi, tincidunt quis, accumsan porttitor, facilisis luctus, metus. Phasellus ultrices nulla quis nibh. Quisque lectus ...",
                "date": "2020-09-11",
                "slug": "aenean-dignisjuysim-pellente-squefelis.",
                "title": "Aenean dignisjuysim pellente squefelis.",
                "type": "image",
                "blog_categories": [
                    {
                        "name": "Travel",
                        "slug": "travel"
                    },
                    {
                        "name": "Hobbies",
                        "slug": "hobbies"
                    }
                ],
                "image": [
                    {
                        "width": "376",
                        "height": "400",
                        "url": "/uploads/post_5_7c29c94e95.jpg"
                    }
                ]
            },
            {
                "id": 83,
                "author": "John Doe",
                "comments": "4",
                "content": "Nam dui mi, tincidunt quis, accumsan porttitor, facilisis luctus, metus. Phasellus ultrices nulla quis nibh. Quisque lectus. Donec consectetuer ...",
                "date": "2020-09-10",
                "slug": "quisque-volutpat-yjmattiseros.",
                "title": "Quisque volutpat yjmattiseros.",
                "type": "image",
                "blog_categories": [
                    {
                        "name": "Hobbies",
                        "slug": "hobbies"
                    }
                ],
                "image": [
                    {
                        "width": "376",
                        "height": "400",
                        "url": "/uploads/post_6_1eff454d57.jpg"
                    }
                ]
            },
            {
                "id": 84,
                "author": "John Doe",
                "comments": "3",
                "content": "Praesent dapibus, neque id cursus faucibus, tortor neque egestas auguae, eu vulputate magna eros eu erat. Aliquam erat volutpat ...",
                "date": "2020-09-11",
                "slug": "utaliquam-sollicitudiyjn-leo.",
                "title": "Utaliquam sollicitudiyjn leo.",
                "type": "gallery",
                "blog_categories": [
                    {
                        "name": "Travel",
                        "slug": "travel"
                    }
                ],
                "image": [
                    {
                        "width": "376",
                        "height": "400",
                        "url": "/uploads/post_7_187402248d.jpg"
                    }
                ]
            },
            {
                "id": 85,
                "author": "John Doe",
                "comments": "0",
                "content": "Aliquam erat volutpat. Nam dui mi, tincidunt quis, accumsan porttitor, facilisis luctus, metus. Phasellus ultrices nulla quis nibh. Quisque lectus ...",
                "date": "2020-09-08",
                "slug": "quisque-a-qwlectus.",
                "title": "Quisque a qwlectus.",
                "type": "image",
                "blog_categories": [
                    {
                        "name": "Fashion",
                        "slug": "fashion"
                    }
                ],
                "image": [
                    {
                        "width": "376",
                        "height": "400",
                        "url": "/uploads/post_8_0f7cd26c8e.jpg"
                    }
                ]
            },
            {
                "id": 86,
                "author": "John Doe",
                "comments": "5",
                "content": "Nam dui mi, tincidunt quis, accumsan porttitor, facilisis luctus, metus. Phasellus ultrices nulla quis nibh. Quisque lectus. Donec consectetuer ...",
                "date": "2020-09-07",
                "slug": "fusce-lacinia-arcu-etnullasfc.",
                "title": "Fusce lacinia arcu etnullasfc.",
                "type": "image",
                "blog_categories": [
                    {
                        "name": "Travel",
                        "slug": "travel"
                    }
                ],
                "image": [
                    {
                        "width": "376",
                        "height": "400",
                        "url": "/uploads/post_9_0a335e7741.jpg"
                    }
                ]
            }
        ],
        "mask-masonry": [
            {
                "id": 87,
                "author": null,
                "comments": "2",
                "content": "Praesent dapibus, neque id cursus faucibus, tortor neque egestas auguae, eu vulputate magna eros eu erat. Aliquam erat volutpat ...",
                "date": "2020-09-22",
                "slug": "cras-ornarsde-tristique-elit.",
                "title": "Cras ornarsde tristique elit.",
                "type": "image",
                "blog_categories": [
                    {
                        "name": "Lifestyle",
                        "slug": "lifestyle"
                    },
                    {
                        "name": "Shopping",
                        "slug": "shopping"
                    }
                ],
                "image": [
                    {
                        "width": "376",
                        "height": "250",
                        "url": "/uploads/post_1_dbbdd66135.jpg"
                    }
                ]
            },
            {
                "id": 88,
                "author": null,
                "comments": "4",
                "content": "Praesent dapibus, neque id cursus faucibus, tortor neque egestas auguae, eu vulputate magna eros eu erat. Aliquam erat volutpat ...",
                "date": "2020-09-10",
                "slug": "aenean-dignissim-pelsslente-squefelis.",
                "title": "Aenean dignissim pelsslente squefelis.",
                "type": "image",
                "blog_categories": [
                    {
                        "name": "Hobbies",
                        "slug": "hobbies"
                    }
                ],
                "image": [
                    {
                        "width": "376",
                        "height": "340",
                        "url": "/uploads/post_2_5bd704aded.jpg"
                    }
                ]
            },
            {
                "id": 89,
                "author": null,
                "comments": "3",
                "content": "Praesent dapibus, neque id cursus faucibus, tortor neque egestas auguae, eu vulputate magna eros eu erat. Aliquam erat volutpat ...",
                "date": "2020-09-18",
                "slug": "utaliquam-sollicitudinb-leo.",
                "title": "Utaliquam sollicitudinb leo.",
                "type": "gallery",
                "blog_categories": [
                    {
                        "name": "Lifestyle",
                        "slug": "lifestyle"
                    },
                    {
                        "name": "Fashion",
                        "slug": "fashion"
                    }
                ],
                "image": [
                    {
                        "width": "376",
                        "height": "250",
                        "url": "/uploads/post_3_6fa6f1c3f3.jpg"
                    }
                ]
            },
            {
                "id": 90,
                "author": "Jane Doe",
                "comments": "4",
                "content": "Praesent dapibus, neque id cursus faucibus, tortor neque egestas auguae, eu vulputate magna eros eu erat. Aliquam erat volutpat ...",
                "date": "2020-09-15",
                "slug": "vivamus-vestibudfblum-ntulla-necante.",
                "title": "Vivamus vestibudfblum ntulla necante.",
                "type": "video",
                "blog_categories": [
                    {
                        "name": "Travel",
                        "slug": "travel"
                    }
                ],
                "image": [
                    {
                        "width": "376",
                        "height": "250",
                        "url": "/uploads/post_4_923b3a72a0.jpg"
                    }
                ]
            },
            {
                "id": 91,
                "author": "John Doe",
                "comments": "2",
                "content": "Aliquam erat volutpat. Nam dui mi, tincidunt quis, accumsan porttitor, facilisis luctus, metus. Phasellus ultrices nulla quis nibh. Quisque lectus ...",
                "date": "2020-09-11",
                "slug": "quisque-volutpat-mddattiseros.",
                "title": "Quisque volutpat mddattiseros.",
                "type": "image",
                "blog_categories": [
                    {
                        "name": "Travel",
                        "slug": "travel"
                    },
                    {
                        "name": "Hobbies",
                        "slug": "hobbies"
                    }
                ],
                "image": [
                    {
                        "width": "376",
                        "height": "460",
                        "url": "/uploads/post_5_d4aa9c5f85.jpg"
                    }
                ]
            },
            {
                "id": 92,
                "author": "John Doe",
                "comments": "0",
                "content": "Nam dui mi, tincidunt quis, accumsan porttitor, facilisis luctus, metus. Phasellus ultrices nulla quis nibh. Quisque lectus. Donec consectetuer ...",
                "date": "2020-09-21",
                "slug": "fuscedb-lacinia-arcu-etnulla.",
                "title": "Fuscedb lacinia arcu etnulla.",
                "type": "image",
                "blog_categories": [
                    {
                        "name": "Lifestyle",
                        "slug": "lifestyle"
                    }
                ],
                "image": [
                    {
                        "width": "376",
                        "height": "490",
                        "url": "/uploads/post_6_c2b9d49907.jpg"
                    }
                ]
            },
            {
                "id": 93,
                "author": "John Doe",
                "comments": "3",
                "content": "Praesent dapibus, neque id cursus faucibus, tortor neque egestas auguae, eu vulputate magna eros eu erat. Aliquam erat volutpat ...",
                "date": "2020-09-11",
                "slug": "quisque-a-ldfectus.",
                "title": "Quisque a ldfectus.",
                "type": "image",
                "blog_categories": [
                    {
                        "name": "Travel",
                        "slug": "travel"
                    }
                ],
                "image": [
                    {
                        "width": "376",
                        "height": "480",
                        "url": "/uploads/post_7_4833f5a86a.jpg"
                    }
                ]
            },
            {
                "id": 94,
                "author": "John Doe",
                "comments": "5",
                "content": "Nam dui mi, tincidunt quis, accumsan porttitor, facilisis luctus, metus. Phasellus ultrices nulla quis nibh. Quisque lectus. Donec consectetuer ...",
                "date": "2020-09-07",
                "slug": "utaliquam-sollibdcitudin-leo.",
                "title": "Utaliquam sollibdcitudin leo.",
                "type": "gallery",
                "blog_categories": [
                    {
                        "name": "Travel",
                        "slug": "travel"
                    }
                ],
                "image": [
                    {
                        "width": "376",
                        "height": "250",
                        "url": "/uploads/post_9_7299e62b6a.jpg"
                    }
                ]
            },
            {
                "id": 95,
                "author": "John Doe",
                "comments": "0",
                "content": "Aliquam erat volutpat. Nam dui mi, tincidunt quis, accumsan porttitor, facilisis luctus, metus. Phasellus ultrices nulla quis nibh. Quisque lectus ...",
                "date": "2020-09-08",
                "slug": "fusce-pellentesqueb-suscipit.",
                "title": "Fusce pellentesqueb suscipit.",
                "type": "image",
                "blog_categories": [
                    {
                        "name": "Fashion",
                        "slug": "fashion"
                    }
                ],
                "image": [
                    {
                        "width": "376",
                        "height": "250",
                        "url": "/uploads/post_8_47a2ea9bf5.jpg"
                    }
                ]
            }
        ]
    },
    "categories": {
        "classic": [
            {
                "name": "Lifestyle",
                "slug": "lifestyle",
                "count": 3
            },
            {
                "name": "Shopping",
                "slug": "shopping",
                "count": 1
            },
            {
                "name": "Travel",
                "slug": "travel",
                "count": 1
            },
            {
                "name": "Hobbies",
                "slug": "hobbies",
                "count": 1
            },
            {
                "name": "Fashion",
                "slug": "fashion",
                "count": 1
            }
        ],
        "listing": [
            {
                "name": "Lifestyle",
                "slug": "lifestyle",
                "count": 3
            },
            {
                "name": "Shopping",
                "slug": "shopping",
                "count": 2
            },
            {
                "name": "Travel",
                "slug": "travel",
                "count": 2
            },
            {
                "name": "Hobbies",
                "slug": "hobbies",
                "count": 2
            },
            {
                "name": "Fashion",
                "slug": "fashion",
                "count": 0
            }
        ],
        "grid-sidebar": [
            {
                "name": "Lifestyle",
                "slug": "lifestyle",
                "count": 3
            },
            {
                "name": "Shopping",
                "slug": "shopping",
                "count": 1
            },
            {
                "name": "Travel",
                "slug": "travel",
                "count": 3
            },
            {
                "name": "Hobbies",
                "slug": "hobbies",
                "count": 2
            },
            {
                "name": "Fashion",
                "slug": "fashion",
                "count": 2
            }
        ],
        "masonry-sidebar": [
            {
                "name": "Lifestyle",
                "slug": "lifestyle",
                "count": 3
            },
            {
                "name": "Shopping",
                "slug": "shopping",
                "count": 1
            },
            {
                "name": "Travel",
                "slug": "travel",
                "count": 3
            },
            {
                "name": "Hobbies",
                "slug": "hobbies",
                "count": 3
            },
            {
                "name": "Fashion",
                "slug": "fashion",
                "count": 1
            }
        ],
        "single": [
            {
                "name": "Lifestyle",
                "slug": "lifestyle",
                "count": 3
            },
            {
                "name": "Shopping",
                "slug": "shopping",
                "count": 1
            },
            {
                "name": "Travel",
                "slug": "travel",
                "count": 1
            },
            {
                "name": "Hobbies",
                "slug": "hobbies",
                "count": 1
            },
            {
                "name": "Fashion",
                "slug": "fashion",
                "count": 1
            }
        ]
    }
}