{
    "products": [
        {
            "id": 122,
            "name": "Apple – 11” iPad Pro with Wi-Fi 256 GB",
            "slug": "apple-11\"-ipad-pro-with-wi-fi-256-gb",
            "short_desc": "Morbi purus libero, faucibus adipiscing, commodo quis, gravida id, est. Sed lectus. Praesent elementum hendrerit tortor. Sed semper lorem at felis. Vestibulum volutpat, lacus a ultrices sagittis, mi neque euismod dui, eu pulvinar nunc sapien ",
            "price": 899.99,
            "sale_price": null,
            "review": 2,
            "ratings": 5,
            "until": "2022-05-01",
            "stock": 100,
            "top": null,
            "featured": null,
            "new": null,
            "author": null,
            "sold": null,
            "category": [
                {
                    "name": "Computers",
                    "slug": "computers"
                },
                {
                    "name": "Tablets",
                    "slug": "tablets"
                },
                {
                    "name": "Cell Phone",
                    "slug": "cell-phone"
                },
                {
                    "name": "TV",
                    "slug": "tv"
                }
            ],
            "brands": [
                {
                    "name": "F&F",
                    "slug": "fandf"
                },
                {
                    "name": "UGG",
                    "slug": "ugg"
                }
            ],
            "pictures": [
                {
                    "width": "600",
                    "height": "600",
                    "url": "/uploads/product_1_2_4e1d56ee3e.jpg"
                },
                {
                    "width": "600",
                    "height": "600",
                    "url": "/uploads/product_1_1_4426ffc7d8.jpg"
                }
            ],
            "sm_pictures": [
                {
                    "width": "300",
                    "height": "300",
                    "url": "/uploads/product_1_2_300x300_23e5807726.jpg"
                },
                {
                    "width": "300",
                    "height": "300",
                    "url": "/uploads/product_1_1_300x300_efb79f650f.jpg"
                }
            ],
            "variants": []
        },
        {
            "id": 123,
            "name": "Apple – Smart Folio for 11-inch iPad Pro",
            "slug": "apple-smart-folio-for-11-inch-ipad-pro",
            "short_desc": "Morbi purus libero, faucibus adipiscing, commodo quis, gravida id, est. Sed lectus. Praesent elementum hendrerit tortor. Sed semper lorem at felis. Vestibulum volutpat, lacus a ultrices sagittis, mi neque euismod dui, eu pulvinar nunc sapien ornare nisl. Phasellus pede arcu, dapibus eu, ",
            "price": 150.99,
            "sale_price": null,
            "review": 2,
            "ratings": 4,
            "until": null,
            "stock": 100,
            "top": null,
            "featured": null,
            "new": null,
            "author": null,
            "sold": null,
            "category": [
                {
                    "name": "Computers",
                    "slug": "computers"
                },
                {
                    "name": "Tablets",
                    "slug": "tablets"
                }
            ],
            "brands": [
                {
                    "name": "UGG",
                    "slug": "ugg"
                },
                {
                    "name": "F&F",
                    "slug": "fandf"
                }
            ],
            "pictures": [
                {
                    "width": "600",
                    "height": "600",
                    "url": "/uploads/product_2_2_6f8df4fd35.jpg"
                },
                {
                    "width": "600",
                    "height": "600",
                    "url": "/uploads/product_2_1_02ebe3462b.jpg"
                }
            ],
            "sm_pictures": [
                {
                    "width": "300",
                    "height": "300",
                    "url": "/uploads/product_2_2_300x300_8f533fffc2.jpg"
                },
                {
                    "width": "300",
                    "height": "300",
                    "url": "/uploads/product_2_1_300x300_fa1dabe59f.jpg"
                }
            ],
            "variants": [
                {
                    "id": 25,
                    "color": "#3399cc",
                    "color_name": "Blue",
                    "price": 160.99,
                    "size": [
                        {
                            "id": 61,
                            "name": "Large",
                            "slug": null
                        },
                        {
                            "id": 62,
                            "name": "Extra Large",
                            "slug": null
                        }
                    ]
                },
                {
                    "id": 24,
                    "color": "#ebebeb",
                    "color_name": "Grey",
                    "price": 150.99,
                    "size": [
                        {
                            "id": 60,
                            "name": "Small",
                            "slug": null
                        },
                        {
                            "id": 63,
                            "name": "Medium",
                            "slug": null
                        },
                        {
                            "id": 64,
                            "name": "Large",
                            "slug": null
                        }
                    ]
                }
            ]
        },
        {
            "id": 124,
            "name": "Apple – Watch Series 3 with White Sport Band",
            "slug": "apple-watch-series-3-with-white-sport-band",
            "short_desc": "Morbi purus libero, faucibus adipiscing, commodo quis, gravida id, est. Sed lectus. Praesent elementum hendrerit tortor. Sed semper lorem at felis. Vestibulum volutpat, lacus a ultrices sagittis, mi neque euismod dui, eu pulvinar nunc sapien ornare nisl. Phasellus pede arcu, dapibus eu, ",
            "price": 214.99,
            "sale_price": 167.99,
            "review": 2,
            "ratings": 4,
            "until": null,
            "stock": 100,
            "top": true,
            "featured": true,
            "new": null,
            "author": null,
            "sold": null,
            "category": [
                {
                    "name": "Accessories",
                    "slug": "accessories"
                },
                {
                    "name": "Smartwatches",
                    "slug": "smartwatches"
                }
            ],
            "brands": [
                {
                    "name": "Geox",
                    "slug": "geox"
                },
                {
                    "name": "UGG",
                    "slug": "ugg"
                },
                {
                    "name": "River Island",
                    "slug": "river-island"
                }
            ],
            "pictures": [
                {
                    "width": "600",
                    "height": "600",
                    "url": "/uploads/product_3_1_45e6a01021.jpg"
                },
                {
                    "width": "600",
                    "height": "600",
                    "url": "/uploads/product_3_2_4fd98d77ab.jpg"
                }
            ],
            "sm_pictures": [
                {
                    "width": "300",
                    "height": "300",
                    "url": "/uploads/product_3_1_300x300_8581e4797e.jpg"
                },
                {
                    "width": "300",
                    "height": "300",
                    "url": "/uploads/product_3_2_300x300_1953e6bf05.jpg"
                }
            ],
            "variants": [
                {
                    "id": 26,
                    "color": "#f2719c",
                    "color_name": "Red",
                    "price": 214.99,
                    "size": [
                        {
                            "id": 65,
                            "name": "Small",
                            "slug": null
                        },
                        {
                            "id": 70,
                            "name": "Medium",
                            "slug": null
                        },
                        {
                            "id": 68,
                            "name": "Large",
                            "slug": null
                        }
                    ]
                },
                {
                    "id": 27,
                    "color": "#669933",
                    "color_name": "Green",
                    "price": 217.99,
                    "size": [
                        {
                            "id": 69,
                            "name": "Medium",
                            "slug": null
                        },
                        {
                            "id": 66,
                            "name": "Large",
                            "slug": null
                        },
                        {
                            "id": 67,
                            "name": "Extra Large",
                            "slug": null
                        }
                    ]
                }
            ]
        },
        {
            "id": 125,
            "name": "GoPro – HERO7 Black HD Waterproof Action",
            "slug": "gopro-hero7-black-hd-waterproof-action",
            "short_desc": "Sed egestas, ante et vulputate volutpat, eros pede semper est, vitae luctus metus libero eu augue. Morbi purus libero, faucibus adipiscing. Sed lectus.",
            "price": 360.99,
            "sale_price": 130,
            "review": 2,
            "ratings": 4,
            "until": null,
            "stock": 100,
            "top": null,
            "featured": null,
            "new": true,
            "author": null,
            "sold": null,
            "category": [
                {
                    "name": "Accessories",
                    "slug": "accessories"
                },
                {
                    "name": "Camcorders",
                    "slug": "camcorders"
                },
                {
                    "name": "Cameras",
                    "slug": "cameras"
                }
            ],
            "brands": [
                {
                    "name": "Geox",
                    "slug": "geox"
                }
            ],
            "pictures": [
                {
                    "width": "600",
                    "height": "600",
                    "url": "/uploads/product_4_1_7fb85a90a1.jpg"
                },
                {
                    "width": "600",
                    "height": "600",
                    "url": "/uploads/product_4_2_dbd9ddb7b4.jpg"
                },
                {
                    "width": "600",
                    "height": "600",
                    "url": "/uploads/product_4_3_0faff7383b.jpg"
                }
            ],
            "sm_pictures": [
                {
                    "width": "300",
                    "height": "300",
                    "url": "/uploads/product_4_1_300x300_ba8482c604.jpg"
                },
                {
                    "width": "300",
                    "height": "300",
                    "url": "/uploads/product_4_2_300x300_d8952e6e3d.jpg"
                },
                {
                    "width": "300",
                    "height": "300",
                    "url": "/uploads/product_4_3_300x300_b96bb64a64.jpg"
                }
            ],
            "variants": []
        },
        {
            "id": 126,
            "name": "Microsoft – Refurbish Xbox One S 500GB",
            "slug": "microsoft-refurbish-xbox-one-s-500gb",
            "short_desc": "Morbi purus libero, faucibus adipiscing, commodo quis, gravida id, est. Sed lectus. Praesent elementum hendrerit tortor. Sed semper lorem at felis. Vestibulum volutpat, lacus a ultrices sagittis, mi neque euismod dui, eu pulvinar nunc sapien ornare nisl. Phasellus pede arcu, dapibus eu, ",
            "price": 279.99,
            "sale_price": null,
            "review": 2,
            "ratings": 0,
            "until": null,
            "stock": 100,
            "top": true,
            "featured": true,
            "new": true,
            "author": null,
            "sold": null,
            "category": [
                {
                    "name": "Accessories",
                    "slug": "accessories"
                },
                {
                    "name": "Video Games",
                    "slug": "video-games"
                },
                {
                    "name": "Entertainment",
                    "slug": "entertainment"
                }
            ],
            "brands": [
                {
                    "name": "New Balance",
                    "slug": "new-balance"
                }
            ],
            "pictures": [
                {
                    "width": "600",
                    "height": "600",
                    "url": "/uploads/product_5_1_dd9d0d7c58.jpg"
                },
                {
                    "width": "600",
                    "height": "600",
                    "url": "/uploads/product_5_2_7cfd8f31c7.jpg"
                },
                {
                    "width": "600",
                    "height": "600",
                    "url": "/uploads/product_5_3_fdb59d93f8.jpg"
                }
            ],
            "sm_pictures": [
                {
                    "width": "300",
                    "height": "300",
                    "url": "/uploads/product_5_1_300x300_3dbc9b1611.jpg"
                },
                {
                    "width": "300",
                    "height": "300",
                    "url": "/uploads/product_5_2_300x300_100e169228.jpg"
                },
                {
                    "width": "300",
                    "height": "300",
                    "url": "/uploads/product_5_3_300x300_39035ca6ee.jpg"
                }
            ],
            "variants": []
        },
        {
            "id": 127,
            "name": "Sony – Alpha a5100 Mirrorless Camera",
            "slug": "sony-alpha-a5100-mirrorless-camera",
            "short_desc": "Sed egestas, ante et vulputate volutpat, eros pede semper est, vitae luctus metus libero eu augue. Morbi purus libero, faucibus adipiscing. Sed lectus.",
            "price": 499.99,
            "sale_price": null,
            "review": 2,
            "ratings": 4,
            "until": null,
            "stock": 100,
            "top": true,
            "featured": true,
            "new": null,
            "author": null,
            "sold": null,
            "category": [
                {
                    "name": "Camcorders",
                    "slug": "camcorders"
                },
                {
                    "name": "Cameras",
                    "slug": "cameras"
                }
            ],
            "brands": [
                {
                    "name": "River Island",
                    "slug": "river-island"
                }
            ],
            "pictures": [
                {
                    "width": "600",
                    "height": "600",
                    "url": "/uploads/product_6_1_741904409f.jpg"
                },
                {
                    "width": "600",
                    "height": "600",
                    "url": "/uploads/product_6_2_c6ac080105.jpg"
                },
                {
                    "width": "600",
                    "height": "600",
                    "url": "/uploads/product_6_3_e7ded9c086.jpg"
                }
            ],
            "sm_pictures": [
                {
                    "width": "300",
                    "height": "300",
                    "url": "/uploads/product_6_1_300x300_7baa1cb292.jpg"
                },
                {
                    "width": "300",
                    "height": "300",
                    "url": "/uploads/product_6_2_300x300_b12d6f87d6.jpg"
                },
                {
                    "width": "300",
                    "height": "300",
                    "url": "/uploads/product_6_3_300x300_4fca36ffef.jpg"
                }
            ],
            "variants": []
        },
        {
            "id": 128,
            "name": "Canon – EOS 5D Mark IV DSLR Camera",
            "slug": "canon-eos-5d-mark-iv-dslr-camera",
            "short_desc": "Morbi purus libero, faucibus adipiscing, commodo quis, gravida id, est. Sed lectus. Praesent elementum hendrerit tortor. Sed semper lorem at felis. Vestibulum volutpat, lacus a ultrices sagittis, mi neque euismod dui, eu pulvinar nunc sapien ornare nisl. Phasellus pede arcu, dapibus eu, ",
            "price": 399.99,
            "sale_price": 359.99,
            "review": 2,
            "ratings": 0,
            "until": null,
            "stock": 100,
            "top": true,
            "featured": true,
            "new": true,
            "author": null,
            "sold": null,
            "category": [
                {
                    "name": "Cameras",
                    "slug": "cameras"
                },
                {
                    "name": "Camcorders",
                    "slug": "camcorders"
                }
            ],
            "brands": [
                {
                    "name": "Nike",
                    "slug": "nike"
                }
            ],
            "pictures": [
                {
                    "width": "600",
                    "height": "600",
                    "url": "/uploads/product_15_1_91c85ae0e4.jpg"
                },
                {
                    "width": "600",
                    "height": "600",
                    "url": "/uploads/product_15_2_52c6944780.jpg"
                }
            ],
            "sm_pictures": [
                {
                    "width": "300",
                    "height": "300",
                    "url": "/uploads/product_15_1_300x300_5a77c6dd85.jpg"
                },
                {
                    "width": "300",
                    "height": "300",
                    "url": "/uploads/product_15_2_300x300_264b8b9e00.jpg"
                }
            ],
            "variants": []
        },
        {
            "id": 129,
            "name": "Google – Pixel 6.2-Inch 3 XL 128GB",
            "slug": "google-pixel-6.2-inch-3-xl-128gb",
            "short_desc": "Morbi purus libero, faucibus adipiscing, commodo quis, gravida id, est. Sed lectus. Praesent elementum hendrerit tortor. Sed semper lorem at felis. Vestibulum volutpat, lacus a ultrices sagittis, mi neque euismod dui, eu pulvinar nunc sapien ornare nisl. Phasellus pede arcu, dapibus eu, ",
            "price": 40,
            "sale_price": null,
            "review": 2,
            "ratings": 5,
            "until": null,
            "stock": 100,
            "top": true,
            "featured": true,
            "new": null,
            "author": null,
            "sold": null,
            "category": [
                {
                    "name": "Tablets",
                    "slug": "tablets"
                },
                {
                    "name": "Entertainment",
                    "slug": "entertainment"
                },
                {
                    "name": "Cell Phone",
                    "slug": "cell-phone"
                },
                {
                    "name": "Computers",
                    "slug": "computers"
                }
            ],
            "brands": [
                {
                    "name": "New Balance",
                    "slug": "new-balance"
                }
            ],
            "pictures": [
                {
                    "width": "600",
                    "height": "600",
                    "url": "/uploads/product_14_1_1224d0c93f.jpg"
                },
                {
                    "width": "600",
                    "height": "600",
                    "url": "/uploads/product_14_2_e58c08d49a.jpg"
                }
            ],
            "sm_pictures": [
                {
                    "width": "300",
                    "height": "300",
                    "url": "/uploads/product_14_1_300x300_efbf227b95.jpg"
                },
                {
                    "width": "300",
                    "height": "300",
                    "url": "/uploads/product_14_2_300x300_aa41f75b41.jpg"
                }
            ],
            "variants": []
        },
        {
            "id": 130,
            "name": "Home Smart Speaker with Google Assistant",
            "slug": "home-smart-speaker-with-google-assistant",
            "short_desc": "Morbi purus libero, faucibus adipiscing, commodo quis, gravida id, est. Sed lectus. Praesent elementum hendrerit tortor. Sed semper lorem at felis. Vestibulum volutpat, lacus a ultrices sagittis, mi neque euismod dui, eu pulvinar nunc sapien ornare nisl. Phasellus pede arcu, dapibus eu, ",
            "price": 150.99,
            "sale_price": 129.99,
            "review": 2,
            "ratings": 3,
            "until": "2022-01-01",
            "stock": 100,
            "top": null,
            "featured": null,
            "new": true,
            "author": null,
            "sold": null,
            "category": [
                {
                    "name": "Accessories",
                    "slug": "accessories"
                },
                {
                    "name": "Audio",
                    "slug": "audio"
                }
            ],
            "brands": [
                {
                    "name": "New Balance",
                    "slug": "new-balance"
                }
            ],
            "pictures": [
                {
                    "width": "600",
                    "height": "600",
                    "url": "/uploads/product_11_1_406aa04e7f.jpg"
                },
                {
                    "width": "600",
                    "height": "600",
                    "url": "/uploads/product_11_2_1ce4dc30f2.jpg"
                },
                {
                    "width": "600",
                    "height": "600",
                    "url": "/uploads/product_11_3_2d28636d36.jpg"
                }
            ],
            "sm_pictures": [
                {
                    "width": "300",
                    "height": "300",
                    "url": "/uploads/product_11_1_300x300_c7664ff065.jpg"
                },
                {
                    "width": "300",
                    "height": "300",
                    "url": "/uploads/product_11_2_300x300_563c9a4c7f.jpg"
                },
                {
                    "width": "300",
                    "height": "300",
                    "url": "/uploads/product_11_3_300x300_1cbe3af5cb.jpg"
                }
            ],
            "variants": []
        },
        {
            "id": 131,
            "name": "Sony – Class LED 2160p Smart 4K Ultra HD",
            "slug": "sony-class-led-2160p-smart-4k-ultra-hd",
            "short_desc": "Morbi purus libero, faucibus adipiscing, commodo quis, gravida id, est. Sed lectus. Praesent elementum hendrerit tortor. Sed semper lorem at felis. Vestibulum volutpat, lacus a ultrices sagittis, mi neque euismod dui, eu pulvinar nunc sapien ornare nisl. Phasellus pede arcu, dapibus eu, ",
            "price": 999.99,
            "sale_price": 899.99,
            "review": 2,
            "ratings": 5,
            "until": null,
            "stock": 100,
            "top": null,
            "featured": null,
            "new": true,
            "author": null,
            "sold": null,
            "category": [
                {
                    "name": "Entertainment",
                    "slug": "entertainment"
                },
                {
                    "name": "TV",
                    "slug": "tv"
                }
            ],
            "brands": [
                {
                    "name": "New Balance",
                    "slug": "new-balance"
                }
            ],
            "pictures": [
                {
                    "width": "600",
                    "height": "600",
                    "url": "/uploads/product_7_1_ba7a5197ad.jpg"
                },
                {
                    "width": "600",
                    "height": "600",
                    "url": "/uploads/product_7_2_e951bc82a6.jpg"
                }
            ],
            "sm_pictures": [
                {
                    "width": "300",
                    "height": "300",
                    "url": "/uploads/product_7_1_300x300_7d52e44699.jpg"
                },
                {
                    "width": "300",
                    "height": "300",
                    "url": "/uploads/product_7_2_300x300_141620b1d4.jpg"
                }
            ],
            "variants": []
        },
        {
            "id": 132,
            "name": "MacBook Pro 13″ laptop Display, i5",
            "slug": "macbook-pro-13-laptop-display-i5",
            "short_desc": "Morbi purus libero, faucibus adipiscing, commodo quis, gravida id, est. Sed lectus. Praesent elementum hendrerit tortor. Sed semper lorem at felis. Vestibulum volutpat, lacus a ultrices sagittis, mi neque euismod dui, eu pulvinar nunc sapien ornare nisl. Phasellus pede arcu, dapibus eu, ",
            "price": 199.99,
            "sale_price": null,
            "review": 2,
            "ratings": 2,
            "until": null,
            "stock": 100,
            "top": null,
            "featured": null,
            "new": true,
            "author": null,
            "sold": null,
            "category": [
                {
                    "name": "Tablets",
                    "slug": "tablets"
                },
                {
                    "name": "Computers",
                    "slug": "computers"
                },
                {
                    "name": "Laptops",
                    "slug": "laptops"
                }
            ],
            "brands": [
                {
                    "name": "UGG",
                    "slug": "ugg"
                }
            ],
            "pictures": [
                {
                    "width": "600",
                    "height": "600",
                    "url": "/uploads/product_9_1_7a1ef0e54f.jpg"
                },
                {
                    "width": "600",
                    "height": "600",
                    "url": "/uploads/product_9_2_28fee92c79.jpg"
                },
                {
                    "width": "600",
                    "height": "600",
                    "url": "/uploads/product_9_3_0a795fde5f.jpg"
                }
            ],
            "sm_pictures": [
                {
                    "width": "300",
                    "height": "300",
                    "url": "/uploads/product_9_1_300x300_3bcf580b2b.jpg"
                },
                {
                    "width": "300",
                    "height": "300",
                    "url": "/uploads/product_9_2_300x300_dc60e9079f.jpg"
                },
                {
                    "width": "300",
                    "height": "300",
                    "url": "/uploads/product_9_3_300x300_a6904bf7ba.jpg"
                }
            ],
            "variants": []
        },
        {
            "id": 133,
            "name": "Apple Watch Series 4 Gold Aluminum Case",
            "slug": "apple-watch-series-4-gold-aluminum-case",
            "short_desc": "Morbi purus libero, faucibus adipiscing, commodo quis, gravida id, est. Sed lectus. Praesent elementum hendrerit tortor. Sed semper lorem at felis. Vestibulum volutpat, lacus a ultrices sagittis, mi neque euismod dui, eu pulvinar nunc sapien ornare nisl. Phasellus pede arcu, dapibus eu, ",
            "price": 499.99,
            "sale_price": 300.99,
            "review": 2,
            "ratings": 5,
            "until": null,
            "stock": 100,
            "top": true,
            "featured": null,
            "new": null,
            "author": null,
            "sold": null,
            "category": [
                {
                    "name": "Entertainment",
                    "slug": "entertainment"
                },
                {
                    "name": "Accessories",
                    "slug": "accessories"
                },
                {
                    "name": "Smartwatches",
                    "slug": "smartwatches"
                }
            ],
            "brands": [
                {
                    "name": "Geox",
                    "slug": "geox"
                }
            ],
            "pictures": [
                {
                    "width": "600",
                    "height": "600",
                    "url": "/uploads/product_13_1_58f26fb6b0.jpg"
                },
                {
                    "width": "600",
                    "height": "600",
                    "url": "/uploads/product_13_2_fff26f80dc.jpg"
                }
            ],
            "sm_pictures": [
                {
                    "width": "300",
                    "height": "300",
                    "url": "/uploads/product_13_1_300x300_0fbdf2ba54.jpg"
                },
                {
                    "width": "300",
                    "height": "300",
                    "url": "/uploads/product_13_2_300x300_8ee25c33ec.jpg"
                }
            ],
            "variants": []
        },
        {
            "id": 134,
            "name": "Samsung – 55″ Class LED 2160p Smart",
            "slug": "samsung-55-class-led-2160p-smart",
            "short_desc": "Morbi purus libero, faucibus adipiscing, commodo quis, gravida id, est. Sed lectus. Praesent elementum hendrerit tortor. Sed semper lorem at felis. Vestibulum volutpat, lacus a ultrices sagittis, mi neque euismod dui, eu pulvinar nunc sapien ornare nisl. Phasellus pede arcu, dapibus eu, ",
            "price": 899.99,
            "sale_price": null,
            "review": 2,
            "ratings": 5,
            "until": null,
            "stock": 100,
            "top": null,
            "featured": null,
            "new": null,
            "author": null,
            "sold": null,
            "category": [
                {
                    "name": "Entertainment",
                    "slug": "entertainment"
                }
            ],
            "brands": [
                {
                    "name": "Geox",
                    "slug": "geox"
                }
            ],
            "pictures": [
                {
                    "width": "600",
                    "height": "600",
                    "url": "/uploads/product_8_1_c204a16f27.jpg"
                },
                {
                    "width": "600",
                    "height": "600",
                    "url": "/uploads/product_8_2_ee25b64922.jpg"
                }
            ],
            "sm_pictures": [
                {
                    "width": "300",
                    "height": "300",
                    "url": "/uploads/product_8_1_300x300_8f56b6b2cf.jpg"
                },
                {
                    "width": "300",
                    "height": "300",
                    "url": "/uploads/product_8_2_300x300_0f3131e54f.jpg"
                }
            ],
            "variants": [
                {
                    "id": 28,
                    "color": "#333333",
                    "color_name": "Grey",
                    "price": 899.99,
                    "size": [
                        {
                            "id": 71,
                            "name": "Small",
                            "slug": null
                        },
                        {
                            "id": 72,
                            "name": "Medium",
                            "slug": null
                        }
                    ]
                },
                {
                    "id": 29,
                    "color": "#3399cc",
                    "color_name": "Blue",
                    "price": 1099.99,
                    "size": [
                        {
                            "id": 74,
                            "name": "Small",
                            "slug": null
                        },
                        {
                            "id": 73,
                            "name": "Medium",
                            "slug": null
                        }
                    ]
                }
            ]
        },
        {
            "id": 135,
            "name": "Lenovo – Laptop 330-15IKBR Pro 15.6″",
            "slug": "lenovo-laptop-330-15ikbr-pro-15.6",
            "short_desc": "Morbi purus libero, faucibus adipiscing, commodo quis, gravida id, est. Sed lectus. Praesent elementum hendrerit tortor. Sed semper lorem at felis. Vestibulum volutpat, lacus a ultrices sagittis, mi neque euismod dui, eu pulvinar nunc sapien ornare nisl. Phasellus pede arcu, dapibus eu, ",
            "price": 339.99,
            "sale_price": null,
            "review": 2,
            "ratings": 0,
            "until": null,
            "stock": 0,
            "top": null,
            "featured": null,
            "new": null,
            "author": null,
            "sold": null,
            "category": [
                {
                    "name": "Tablets",
                    "slug": "tablets"
                },
                {
                    "name": "Computers",
                    "slug": "computers"
                },
                {
                    "name": "Laptops",
                    "slug": "laptops"
                }
            ],
            "brands": [
                {
                    "name": "Geox",
                    "slug": "geox"
                }
            ],
            "pictures": [
                {
                    "width": "600",
                    "height": "600",
                    "url": "/uploads/product_10_1_3739ad6682.jpg"
                },
                {
                    "width": "600",
                    "height": "600",
                    "url": "/uploads/product_10_2_7e3efcb79c.jpg"
                },
                {
                    "width": "600",
                    "height": "600",
                    "url": "/uploads/product_10_3_23293abb39.jpg"
                },
                {
                    "width": "600",
                    "height": "600",
                    "url": "/uploads/product_10_4_bc3ef10ce7.jpg"
                }
            ],
            "sm_pictures": [
                {
                    "width": "300",
                    "height": "300",
                    "url": "/uploads/product_10_1_300x300_fde9949208.jpg"
                },
                {
                    "width": "300",
                    "height": "300",
                    "url": "/uploads/product_10_2_300x300_a0afeaad6e.jpg"
                },
                {
                    "width": "300",
                    "height": "300",
                    "url": "/uploads/product_10_3_300x300_6ee66bdd87.jpg"
                },
                {
                    "width": "300",
                    "height": "300",
                    "url": "/uploads/product_10_4_300x300_b47fe44862.jpg"
                }
            ],
            "variants": []
        },
        {
            "id": 136,
            "name": "Bose – SoundSport wireless headphones",
            "slug": "bose-soundsport-wireless-headphones",
            "short_desc": "Morbi purus libero, faucibus adipiscing, commodo quis, gravida id, est. Sed lectus. Praesent elementum hendrerit tortor. Sed semper lorem at felis. Vestibulum volutpat, lacus a ultrices sagittis, mi neque euismod dui, eu pulvinar nunc sapien ornare nisl. Phasellus pede arcu, dapibus eu, ",
            "price": 199,
            "sale_price": null,
            "review": 2,
            "ratings": 3,
            "until": null,
            "stock": 100,
            "top": null,
            "featured": null,
            "new": null,
            "author": null,
            "sold": null,
            "category": [
                {
                    "name": "Accessories",
                    "slug": "accessories"
                },
                {
                    "name": "Headphones",
                    "slug": "headphones"
                }
            ],
            "brands": [
                {
                    "name": "New Balance",
                    "slug": "new-balance"
                }
            ],
            "pictures": [
                {
                    "width": "600",
                    "height": "600",
                    "url": "/uploads/product_12_1_b78d4034f6.jpg"
                },
                {
                    "width": "600",
                    "height": "600",
                    "url": "/uploads/product_12_2_e1f0e014f0.jpg"
                }
            ],
            "sm_pictures": [
                {
                    "width": "300",
                    "height": "300",
                    "url": "/uploads/product_12_1_300x300_c593ef09c9.jpg"
                },
                {
                    "width": "300",
                    "height": "300",
                    "url": "/uploads/product_12_2_300x300_29499be6c4.jpg"
                }
            ],
            "variants": []
        }
    ],
    "posts": []
}