{
    "products": [
        {
            "id": 272,
            "name": "BLACK+DECKER BDJS600C",
            "slug": "black+decker-bdjs600c",
            "short_desc": "Morbi purus libero, faucibus adipiscing, commodo quis, gravida id, est. Sed lectus. Praesent elementum hendrerit tortor. Sed semper lorem at felis. Vestibulum volutpat, lacus a ultrices sagittis, mi neque euismod dui, eu pulvinar nunc sapien ornare nisl. Phasellus pede arcu, dapibus eu, ",
            "price": 67.5,
            "sale_price": 42.99,
            "review": 2,
            "ratings": 4,
            "until": "2022-01-01",
            "stock": 100,
            "top": null,
            "featured": null,
            "new": null,
            "author": null,
            "sold": null,
            "category": [
                {
                    "name": "Power Tools",
                    "slug": "power-tools"
                }
            ],
            "brands": [
                {
                    "name": "Nike",
                    "slug": "nike"
                }
            ],
            "pictures": [
                {
                    "width": "800",
                    "height": "800",
                    "url": "/uploads/product_12_1_276fc84418.jpg"
                },
                {
                    "width": "800",
                    "height": "800",
                    "url": "/uploads/product_12_2_ee7965d8a8.jpg"
                }
            ],
            "sm_pictures": [
                {
                    "width": "300",
                    "height": "300",
                    "url": "/uploads/product_12_1_300x300_e9f4109e08.jpg"
                },
                {
                    "width": "300",
                    "height": "300",
                    "url": "/uploads/product_12_2_300x300_f5c851a63f.jpg"
                }
            ],
            "variants": []
        },
        {
            "id": 273,
            "name": "DEWALT DCB205 20V",
            "slug": "dewalt-dcb205-20v",
            "short_desc": "Morbi purus libero, faucibus adipiscing, commodo quis, gravida id, est. Sed lectus. Praesent elementum hendrerit tortor. Sed semper lorem at felis. Vestibulum volutpat, lacus a ultrices sagittis, mi neque euismod dui, eu pulvinar nunc sapien ornare nisl. Phasellus pede arcu, dapibus eu, ",
            "price": 69.94,
            "sale_price": null,
            "review": 2,
            "ratings": 3,
            "until": null,
            "stock": 100,
            "top": null,
            "featured": null,
            "new": null,
            "author": null,
            "sold": null,
            "category": [
                {
                    "name": "Accessories",
                    "slug": "accessories"
                },
                {
                    "name": "Power Tools",
                    "slug": "power-tools"
                }
            ],
            "brands": [
                {
                    "name": "Nike",
                    "slug": "nike"
                }
            ],
            "pictures": [
                {
                    "width": "800",
                    "height": "800",
                    "url": "/uploads/product_11_1_81e2c1ffb3.jpg"
                },
                {
                    "width": "800",
                    "height": "800",
                    "url": "/uploads/product_11_2_83dfa5b1e2.jpg"
                }
            ],
            "sm_pictures": [
                {
                    "width": "300",
                    "height": "300",
                    "url": "/uploads/product_11_1_300x300_0cef18c0b7.jpg"
                },
                {
                    "width": "300",
                    "height": "300",
                    "url": "/uploads/product_11_2_300x300_47b515eb3b.jpg"
                }
            ],
            "variants": []
        },
        {
            "id": 274,
            "name": "DEWALT DCE511B",
            "slug": "dewalt-dce511b",
            "short_desc": "Morbi purus libero, faucibus adipiscing, commodo quis, gravida id, est. Sed lectus. Praesent elementum hendrerit tortor. Sed semper lorem at felis. Vestibulum volutpat, lacus a ultrices sagittis, mi neque euismod dui, eu pulvinar nunc sapien ornare nisl. Phasellus pede arcu, dapibus eu, ",
            "price": 130,
            "sale_price": 100.99,
            "review": 2,
            "ratings": 0,
            "until": null,
            "stock": 100,
            "top": null,
            "featured": null,
            "new": null,
            "author": null,
            "sold": null,
            "category": [
                {
                    "name": "Compressors",
                    "slug": "compressors"
                },
                {
                    "name": "Air Tools",
                    "slug": "air-tools"
                }
            ],
            "brands": [
                {
                    "name": "Nike",
                    "slug": "nike"
                }
            ],
            "pictures": [
                {
                    "width": "800",
                    "height": "800",
                    "url": "/uploads/product_9_154f2c2bf6.jpg"
                }
            ],
            "sm_pictures": [
                {
                    "width": "800",
                    "height": "800",
                    "url": "/uploads/product_9_154f2c2bf6.jpg"
                }
            ],
            "variants": []
        },
        {
            "id": 275,
            "name": "DEWALT DW1354 14-Piece Titanium Drill Bit Set",
            "slug": "dewalt-dw1354-14-piece-titanium-drill-bit-set",
            "short_desc": "Sed egestas, ante et vulputate volutpat, eros pede semper est, vitae luctus metus libero eu augue. Morbi purus libero, faucibus adipiscing. Sed lectus.",
            "price": 29.99,
            "sale_price": null,
            "review": 2,
            "ratings": 5,
            "until": null,
            "stock": 100,
            "top": null,
            "featured": null,
            "new": null,
            "author": null,
            "sold": null,
            "category": [
                {
                    "name": "Power Tools",
                    "slug": "power-tools"
                },
                {
                    "name": "Accessories",
                    "slug": "accessories"
                }
            ],
            "brands": [
                {
                    "name": "Nike",
                    "slug": "nike"
                }
            ],
            "pictures": [
                {
                    "width": "800",
                    "height": "800",
                    "url": "/uploads/product_13_1_b439547b26.jpg"
                },
                {
                    "width": "800",
                    "height": "800",
                    "url": "/uploads/product_13_2_df45c820ea.jpg"
                }
            ],
            "sm_pictures": [
                {
                    "width": "300",
                    "height": "300",
                    "url": "/uploads/product_13_1_300x300_5995283af9.jpg"
                },
                {
                    "width": "300",
                    "height": "300",
                    "url": "/uploads/product_13_2_300x300_d3b2196135.jpg"
                }
            ],
            "variants": []
        },
        {
            "id": 276,
            "name": "DEWALT DWARA 100",
            "slug": "dewalt-dwara-100",
            "short_desc": "Sed egestas, ante et vulputate volutpat, eros pede semper est, vitae luctus metus libero eu augue. Morbi purus libero, faucibus adipiscing. Sed lectus.",
            "price": 40.99,
            "sale_price": 23.35,
            "review": 2,
            "ratings": 4,
            "until": null,
            "stock": 100,
            "top": null,
            "featured": true,
            "new": null,
            "author": null,
            "sold": null,
            "category": [
                {
                    "name": "Woodworking",
                    "slug": "woodworking"
                }
            ],
            "brands": [
                {
                    "name": "UGG",
                    "slug": "ugg"
                },
                {
                    "name": "F&F",
                    "slug": "fandf"
                }
            ],
            "pictures": [
                {
                    "width": "800",
                    "height": "800",
                    "url": "/uploads/product_1_16dee019e1.jpg"
                }
            ],
            "sm_pictures": [
                {
                    "width": "800",
                    "height": "800",
                    "url": "/uploads/product_1_16dee019e1.jpg"
                }
            ],
            "variants": []
        },
        {
            "id": 277,
            "name": "DEWALT DWASHRIR",
            "slug": "dewalt-dwashrir",
            "short_desc": "Morbi purus libero, faucibus adipiscing, commodo quis, gravida id, est. Sed lectus. Praesent elementum hendrerit tortor. Sed semper lorem at felis. Vestibulum volutpat, lacus a ultrices sagittis, mi neque euismod dui, eu pulvinar nunc sapien ornare nisl. Phasellus pede arcu, dapibus eu, ",
            "price": 90,
            "sale_price": 70.95,
            "review": 2,
            "ratings": 4,
            "until": null,
            "stock": 100,
            "top": true,
            "featured": true,
            "new": null,
            "author": null,
            "sold": null,
            "category": [
                {
                    "name": "Hand Tools",
                    "slug": "hand-tools"
                },
                {
                    "name": "Power Tools",
                    "slug": "power-tools"
                }
            ],
            "brands": [
                {
                    "name": "Nike",
                    "slug": "nike"
                },
                {
                    "name": "F&F",
                    "slug": "fandf"
                }
            ],
            "pictures": [
                {
                    "width": "800",
                    "height": "800",
                    "url": "/uploads/product_4_1_6f31ff6271.jpg"
                },
                {
                    "width": "800",
                    "height": "800",
                    "url": "/uploads/product_4_2_144a83e135.jpg"
                },
                {
                    "width": "800",
                    "height": "800",
                    "url": "/uploads/product_4_3_88bd596bcb.jpg"
                }
            ],
            "sm_pictures": [
                {
                    "width": "300",
                    "height": "300",
                    "url": "/uploads/product_4_1_300x300_d468fc121d.jpg"
                },
                {
                    "width": "300",
                    "height": "300",
                    "url": "/uploads/product_4_2_300x300_ac20eeea86.jpg"
                },
                {
                    "width": "300",
                    "height": "300",
                    "url": "/uploads/product_4_3_300x300_a330a3e70b.jpg"
                }
            ],
            "variants": []
        },
        {
            "id": 278,
            "name": "DEWALT Hammer Drill",
            "slug": "dewalt-hammer-drill",
            "short_desc": "Morbi purus libero, faucibus adipiscing, commodo quis, gravida id, est. Sed lectus. Praesent elementum hendrerit tortor. Sed semper lorem at felis. Vestibulum volutpat, lacus a ultrices sagittis, mi neque euismod dui, eu pulvinar nunc sapien ornare nisl. Phasellus pede arcu, dapibus eu, ",
            "price": 54.99,
            "sale_price": null,
            "review": 2,
            "ratings": 3,
            "until": null,
            "stock": 0,
            "top": null,
            "featured": true,
            "new": null,
            "author": null,
            "sold": null,
            "category": [
                {
                    "name": "Power Tools",
                    "slug": "power-tools"
                }
            ],
            "brands": [
                {
                    "name": "Nike",
                    "slug": "nike"
                },
                {
                    "name": "F&F",
                    "slug": "fandf"
                }
            ],
            "pictures": [
                {
                    "width": "800",
                    "height": "800",
                    "url": "/uploads/product_2_1_69150b70e2.jpg"
                },
                {
                    "width": "800",
                    "height": "800",
                    "url": "/uploads/product_2_2_3156cddcbd.jpg"
                }
            ],
            "sm_pictures": [
                {
                    "width": "300",
                    "height": "300",
                    "url": "/uploads/product_2_1_300x300_30b4c1454f.jpg"
                },
                {
                    "width": "300",
                    "height": "300",
                    "url": "/uploads/product_2_2_300x300_a6aed41241.jpg"
                }
            ],
            "variants": []
        },
        {
            "id": 279,
            "name": "DEWALT DWE575SB",
            "slug": "dewalt-dwe575sb",
            "short_desc": "Morbi purus libero, faucibus adipiscing, commodo quis, gravida id, est. Sed lectus. Praesent elementum hendrerit tortor. Sed semper lorem at felis. Vestibulum volutpat, lacus a ultrices sagittis, mi neque euismod dui, eu pulvinar nunc sapien ornare nisl. Phasellus pede arcu, dapibus eu, ",
            "price": 143,
            "sale_price": 79,
            "review": 2,
            "ratings": 4,
            "until": "2022-01-01",
            "stock": 100,
            "top": null,
            "featured": null,
            "new": null,
            "author": null,
            "sold": null,
            "category": [
                {
                    "name": "Woodworking",
                    "slug": "woodworking"
                }
            ],
            "brands": [
                {
                    "name": "F&F",
                    "slug": "fandf"
                },
                {
                    "name": "UGG",
                    "slug": "ugg"
                }
            ],
            "pictures": [
                {
                    "width": "800",
                    "height": "800",
                    "url": "/uploads/product_15_1_045f42bf41.jpg"
                },
                {
                    "width": "800",
                    "height": "800",
                    "url": "/uploads/product_15_2_3b6ae6222d.jpg"
                },
                {
                    "width": "800",
                    "height": "800",
                    "url": "/uploads/product_15_3_8c58f2a16a.jpg"
                }
            ],
            "sm_pictures": [
                {
                    "width": "300",
                    "height": "300",
                    "url": "/uploads/product_15_1_300x300_f52010948a.jpg"
                },
                {
                    "width": "300",
                    "height": "300",
                    "url": "/uploads/product_15_2_300x300_40ed00f419.jpg"
                },
                {
                    "width": "300",
                    "height": "300",
                    "url": "/uploads/product_15_3_300x300_e4da479b11.jpg"
                }
            ],
            "variants": []
        },
        {
            "id": 280,
            "name": "Makita XBU02PT1",
            "slug": "makita-xbu02pt1",
            "short_desc": "Morbi purus libero, faucibus adipiscing, commodo quis, gravida id, est. Sed lectus. Praesent elementum hendrerit tortor. Sed semper lorem at felis. Vestibulum volutpat, lacus a ultrices sagittis, mi neque euismod dui, eu pulvinar nunc sapien ornare nisl. Phasellus pede arcu, dapibus eu, ",
            "price": 302,
            "sale_price": null,
            "review": 2,
            "ratings": 4,
            "until": null,
            "stock": 100,
            "top": true,
            "featured": true,
            "new": null,
            "author": null,
            "sold": null,
            "category": [
                {
                    "name": "Air Tools",
                    "slug": "air-tools"
                }
            ],
            "brands": [
                {
                    "name": "New Balance",
                    "slug": "new-balance"
                }
            ],
            "pictures": [
                {
                    "width": "800",
                    "height": "800",
                    "url": "/uploads/product_3_1_b17e5d8023.jpg"
                },
                {
                    "width": "800",
                    "height": "800",
                    "url": "/uploads/product_3_2_baabfbca9d.jpg"
                },
                {
                    "width": "800",
                    "height": "800",
                    "url": "/uploads/product_3_3_d09722d140.jpg"
                }
            ],
            "sm_pictures": [
                {
                    "width": "300",
                    "height": "300",
                    "url": "/uploads/product_3_1_300x300_d0f526fe4f.jpg"
                },
                {
                    "width": "300",
                    "height": "300",
                    "url": "/uploads/product_3_2_300x300_71e2e5ccaa.jpg"
                },
                {
                    "width": "300",
                    "height": "300",
                    "url": "/uploads/product_3_3_300x300_6543974a62.jpg"
                }
            ],
            "variants": []
        },
        {
            "id": 281,
            "name": "Makita XCV11Z",
            "slug": "makita-xcv11z",
            "short_desc": "Morbi purus libero, faucibus adipiscing, commodo quis, gravida id, est. Sed lectus. Praesent elementum hendrerit tortor. Sed semper lorem at felis. Vestibulum volutpat, lacus a ultrices sagittis, mi neque euismod dui, eu pulvinar nunc sapien ornare nisl. Phasellus pede arcu, dapibus eu, ",
            "price": 330,
            "sale_price": 158,
            "review": 2,
            "ratings": 4,
            "until": null,
            "stock": 100,
            "top": true,
            "featured": true,
            "new": null,
            "author": null,
            "sold": null,
            "category": [
                {
                    "name": "Air Tools",
                    "slug": "air-tools"
                },
                {
                    "name": "Compressors",
                    "slug": "compressors"
                }
            ],
            "brands": [
                {
                    "name": "River Island",
                    "slug": "river-island"
                }
            ],
            "pictures": [
                {
                    "width": "800",
                    "height": "800",
                    "url": "/uploads/product_6_1_f0a245126e.jpg"
                },
                {
                    "width": "800",
                    "height": "800",
                    "url": "/uploads/product_6_2_5cb195627c.jpg"
                }
            ],
            "sm_pictures": [
                {
                    "width": "300",
                    "height": "300",
                    "url": "/uploads/product_6_1_300x300_8188435395.jpg"
                },
                {
                    "width": "300",
                    "height": "300",
                    "url": "/uploads/product_6_2_300x300_7dd98821b0.jpg"
                }
            ],
            "variants": []
        },
        {
            "id": 282,
            "name": "Ryobi P506 One+",
            "slug": "ryobi-p506-one+",
            "short_desc": "Morbi purus libero, faucibus adipiscing, commodo quis, gravida id, est. Sed lectus. Praesent elementum hendrerit tortor. Sed semper lorem at felis. Vestibulum volutpat, lacus a ultrices sagittis, mi neque euismod dui, eu pulvinar nunc sapien ornare nisl. Phasellus pede arcu, dapibus eu, ",
            "price": 35,
            "sale_price": null,
            "review": 2,
            "ratings": 5,
            "until": null,
            "stock": 100,
            "top": null,
            "featured": null,
            "new": null,
            "author": null,
            "sold": null,
            "category": [
                {
                    "name": "Power Tools",
                    "slug": "power-tools"
                }
            ],
            "brands": [
                {
                    "name": "Nike",
                    "slug": "nike"
                }
            ],
            "pictures": [
                {
                    "width": "800",
                    "height": "800",
                    "url": "/uploads/product_14_1_f5c54e85c0.jpg"
                },
                {
                    "width": "800",
                    "height": "800",
                    "url": "/uploads/product_14_2_f4afcb9052.jpg"
                },
                {
                    "width": "800",
                    "height": "800",
                    "url": "/uploads/product_14_3_34b1ab76ec.jpg"
                },
                {
                    "width": "800",
                    "height": "800",
                    "url": "/uploads/product_14_4_2678985601.jpg"
                }
            ],
            "sm_pictures": [
                {
                    "width": "300",
                    "height": "300",
                    "url": "/uploads/product_14_1_300x300_98558d570a.jpg"
                },
                {
                    "width": "300",
                    "height": "300",
                    "url": "/uploads/product_14_2_300x300_e0eab7687c.jpg"
                },
                {
                    "width": "300",
                    "height": "300",
                    "url": "/uploads/product_14_3_300x300_58ab8de355.jpg"
                },
                {
                    "width": "300",
                    "height": "300",
                    "url": "/uploads/product_14_4_300x300_f1e979c082.jpg"
                }
            ],
            "variants": []
        },
        {
            "id": 283,
            "name": "Milwaukee 2803-20",
            "slug": "milwaukee-2803-20",
            "short_desc": "Morbi purus libero, faucibus adipiscing, commodo quis, gravida id, est. Sed lectus. Praesent elementum hendrerit tortor. Sed semper lorem at felis. Vestibulum volutpat, lacus a ultrices sagittis, mi neque euismod dui, eu pulvinar nunc sapien ornare nisl. Phasellus pede arcu, dapibus eu, ",
            "price": 115,
            "sale_price": 77,
            "review": 2,
            "ratings": 5,
            "until": null,
            "stock": 100,
            "top": true,
            "featured": null,
            "new": null,
            "author": null,
            "sold": null,
            "category": [
                {
                    "name": "Power Tools",
                    "slug": "power-tools"
                }
            ],
            "brands": [
                {
                    "name": "Nike",
                    "slug": "nike"
                }
            ],
            "pictures": [
                {
                    "width": "800",
                    "height": "800",
                    "url": "/uploads/product_7_1_332ac77096.jpg"
                },
                {
                    "width": "800",
                    "height": "800",
                    "url": "/uploads/product_7_2_735d780079.jpg"
                }
            ],
            "sm_pictures": [
                {
                    "width": "300",
                    "height": "300",
                    "url": "/uploads/product_7_1_300x300_4a7bd02871.jpg"
                },
                {
                    "width": "300",
                    "height": "300",
                    "url": "/uploads/product_7_2_300x300_b80820eb6f.jpg"
                }
            ],
            "variants": []
        },
        {
            "id": 284,
            "name": "Makita XSH03Z",
            "slug": "makita-xsh03z",
            "short_desc": "Morbi purus libero, faucibus adipiscing, commodo quis, gravida id, est. Sed lectus. Praesent elementum hendrerit tortor. Sed semper lorem at felis. Vestibulum volutpat, lacus a ultrices sagittis, mi neque euismod dui, eu pulvinar nunc sapien ornare nisl. Phasellus pede arcu, dapibus eu, ",
            "price": 119.99,
            "sale_price": null,
            "review": 2,
            "ratings": 4,
            "until": null,
            "stock": 100,
            "top": null,
            "featured": null,
            "new": null,
            "author": null,
            "sold": null,
            "category": [
                {
                    "name": "Power Tools",
                    "slug": "power-tools"
                }
            ],
            "brands": [
                {
                    "name": "Nike",
                    "slug": "nike"
                }
            ],
            "pictures": [
                {
                    "width": "800",
                    "height": "800",
                    "url": "/uploads/product_8_1_12017f9afb.jpg"
                },
                {
                    "width": "800",
                    "height": "800",
                    "url": "/uploads/product_8_2_223eadc3c0.jpg"
                }
            ],
            "sm_pictures": [
                {
                    "width": "300",
                    "height": "300",
                    "url": "/uploads/product_8_1_300x300_04389c7f3f.jpg"
                },
                {
                    "width": "300",
                    "height": "300",
                    "url": "/uploads/product_8_2_300x300_1dbd7833a3.jpg"
                }
            ],
            "variants": []
        },
        {
            "id": 285,
            "name": "Milwaukee 2648-20",
            "slug": "milwaukee-2648-20",
            "short_desc": "Sed egestas, ante et vulputate volutpat, eros pede semper est, vitae luctus metus libero eu augue. Morbi purus libero, faucibus adipiscing. Sed lectus.",
            "price": 151.75,
            "sale_price": null,
            "review": 2,
            "ratings": 4,
            "until": null,
            "stock": 100,
            "top": true,
            "featured": true,
            "new": null,
            "author": null,
            "sold": null,
            "category": [
                {
                    "name": "Power Tools",
                    "slug": "power-tools"
                }
            ],
            "brands": [
                {
                    "name": "Nike",
                    "slug": "nike"
                }
            ],
            "pictures": [
                {
                    "width": "800",
                    "height": "800",
                    "url": "/uploads/product_5_1_094441b864.jpg"
                },
                {
                    "width": "800",
                    "height": "800",
                    "url": "/uploads/product_5_2_6c35e4ceb1.jpg"
                },
                {
                    "width": "800",
                    "height": "800",
                    "url": "/uploads/product_5_3_43522a4bcf.jpg"
                }
            ],
            "sm_pictures": [
                {
                    "width": "300",
                    "height": "300",
                    "url": "/uploads/product_5_1_300x300_6ab6440b6b.jpg"
                },
                {
                    "width": "300",
                    "height": "300",
                    "url": "/uploads/product_5_2_300x300_daffb254b9.jpg"
                },
                {
                    "width": "300",
                    "height": "300",
                    "url": "/uploads/product_5_3_300x300_b587e59eb6.jpg"
                }
            ],
            "variants": []
        }
    ],
    "posts": [
        {
            "id": 132,
            "author": "John Doe",
            "comments": "3",
            "content": "Sed egestas, ante et vulputate volutpat, eros pede semper est, vitae luctus metus libero augue. Lorem ipsum dolor sit amet, ",
            "date": "2020-05-28",
            "slug": "sed-adipiscing-uymornare.",
            "title": "Sed adipiscing uymornare.",
            "type": "image",
            "blog_categories": [
                {
                    "name": "Fashion",
                    "slug": "fashion"
                }
            ],
            "image": [
                {
                    "width": "375",
                    "height": "250",
                    "url": "/uploads/post_1_be890e0c2c.jpg"
                }
            ]
        },
        {
            "id": 133,
            "author": "John Doe",
            "comments": "3",
            "content": "Sed pretium, ligula sollicitudin laoreet viverra, tortor libero sodales leo, eget blandit nunc. Morbi purus libero, faucibus adipiscing, ",
            "date": "2020-09-18",
            "slug": "aenean-dignuymiissim-pellentesque.",
            "title": "Aenean dignuymiissim pellentesque.",
            "type": "image",
            "blog_categories": [
                {
                    "name": "Fashion",
                    "slug": "fashion"
                }
            ],
            "image": [
                {
                    "width": "375",
                    "height": "250",
                    "url": "/uploads/post_2_dd4acb9a87.jpg"
                }
            ]
        },
        {
            "id": 134,
            "author": "John Doe",
            "comments": "3",
            "content": "Phasellus hendrerit. Pelletesque aliquet nibh necurna In nisi neque, aliquet vel, dapibus. Sed pretium, ligula sollicitudin laoreet ",
            "date": "2020-05-28",
            "slug": "quisque-volutpat-myuiattis.",
            "title": "Quisque volutpat myuiattis.",
            "type": "image",
            "blog_categories": [
                {
                    "name": "Fashion",
                    "slug": "fashion"
                },
                {
                    "name": "Lifestyle",
                    "slug": "lifestyle"
                }
            ],
            "image": [
                {
                    "width": "375",
                    "height": "250",
                    "url": "/uploads/post_3_04cbae50d7.jpg"
                }
            ]
        }
    ]
}