{
    "products": [
        {
            "id": 95,
            "name": "Loafers",
            "slug": "loafers",
            "short_desc": "Morbi purus libero, faucibus adipiscing, commodo quis, gravida id, est. Sed lectus. Praesent elementum hendrerit tortor. Sed semper lorem at felis. Vestibulum volutpat, lacus a ultrices sagittis, mi neque euismod dui, eu pulvinar nunc sapien ornare nisl. Phasellus pede arcu, dapibus eu, ",
            "price": 67,
            "sale_price": null,
            "review": 2,
            "ratings": 3,
            "until": null,
            "stock": 103,
            "top": null,
            "featured": null,
            "new": true,
            "author": null,
            "sold": 54,
            "category": [
                {
                    "name": "Women",
                    "slug": "women"
                },
                {
                    "name": "Shoes",
                    "slug": "shoes"
                },
                {
                    "name": "Men",
                    "slug": "men"
                }
            ],
            "brands": [
                {
                    "name": "UGG",
                    "slug": "ugg"
                }
            ],
            "pictures": [
                {
                    "width": "800",
                    "height": "1088",
                    "url": "/uploads/1_big_7540f08de7.jpg"
                },
                {
                    "width": "800",
                    "height": "1088",
                    "url": "/uploads/2_big_f23fcb5d30.jpg"
                },
                {
                    "width": "800",
                    "height": "1088",
                    "url": "/uploads/3_big_898d71e39e.jpg"
                }
            ],
            "sm_pictures": [
                {
                    "width": "300",
                    "height": "408",
                    "url": "/uploads/1_90856a8f53.jpg"
                },
                {
                    "width": "600",
                    "height": "816",
                    "url": "/uploads/2_4d45fbbc96.jpg"
                },
                {
                    "width": "300",
                    "height": "408",
                    "url": "/uploads/3_780cc695ad.jpg"
                }
            ],
            "variants": []
        },
        {
            "id": 96,
            "name": "Printed Sweatshirt",
            "slug": "printed-sweatshirt",
            "short_desc": "Morbi purus libero, faucibus adipiscing, commodo quis, gravida id, est. Sed lectus. Praesent elementum hendrerit tortor. Sed semper lorem at felis. Vestibulum volutpat, lacus a ultrices sagittis, mi neque euismod dui, eu pulvinar nunc sapien ornare nisl. Phasellus pede arcu, dapibus eu, ",
            "price": 12.99,
            "sale_price": 7.99,
            "review": 2,
            "ratings": 1,
            "until": null,
            "stock": 100,
            "top": false,
            "featured": true,
            "new": null,
            "author": null,
            "sold": null,
            "category": [
                {
                    "name": "Women",
                    "slug": "women"
                },
                {
                    "name": "Clothing",
                    "slug": "clothing"
                }
            ],
            "brands": [
                {
                    "name": "River Island",
                    "slug": "river-island"
                },
                {
                    "name": "Nike",
                    "slug": "nike"
                }
            ],
            "pictures": [
                {
                    "width": "800",
                    "height": "1088",
                    "url": "/uploads/product_1_1_e44ea6b001.jpg"
                },
                {
                    "width": "800",
                    "height": "1088",
                    "url": "/uploads/product_1_2_08bb219386.jpg"
                },
                {
                    "width": "800",
                    "height": "1088",
                    "url": "/uploads/product_1_3_288d572a84.jpg"
                },
                {
                    "width": "800",
                    "height": "1088",
                    "url": "/uploads/product_1_4_01a63f4949.jpg"
                }
            ],
            "sm_pictures": [
                {
                    "width": "300",
                    "height": "408",
                    "url": "/uploads/product_1_1_300x408_1f662c0197.jpg"
                },
                {
                    "width": "300",
                    "height": "408",
                    "url": "/uploads/product_1_2_300x408_9e213baa0a.jpg"
                },
                {
                    "width": "300",
                    "height": "408",
                    "url": "/uploads/product_1_3_300x408_21f126ec4b.jpg"
                },
                {
                    "width": "300",
                    "height": "408",
                    "url": "/uploads/product_1_4_300x408_a9d690bee3.jpg"
                }
            ],
            "variants": []
        },
        {
            "id": 99,
            "name": "Biker Jacket",
            "slug": "biker-jacket",
            "short_desc": "Morbi purus libero, faucibus adipiscing, commodo quis, gravida id, est. Sed lectus. Praesent elementum hendrerit tortor. Sed semper lorem at felis. Vestibulum volutpat, lacus a ultrices sagittis, mi neque euismod dui, eu pulvinar nunc sapien ornare nisl. Phasellus pede arcu, dapibus eu, ",
            "price": 23.99,
            "sale_price": null,
            "review": 2,
            "ratings": 4,
            "until": null,
            "stock": 203,
            "top": null,
            "featured": null,
            "new": null,
            "author": null,
            "sold": null,
            "category": [
                {
                    "name": "Women",
                    "slug": "women"
                },
                {
                    "name": "Men",
                    "slug": "men"
                },
                {
                    "name": "Clothing",
                    "slug": "clothing"
                }
            ],
            "brands": [
                {
                    "name": "F&F",
                    "slug": "fandf"
                }
            ],
            "pictures": [
                {
                    "width": "800",
                    "height": "1088",
                    "url": "/uploads/product_4_1_ef8847a107.jpg"
                },
                {
                    "width": "800",
                    "height": "1088",
                    "url": "/uploads/product_4_2_364fb96a04.jpg"
                },
                {
                    "width": "800",
                    "height": "1088",
                    "url": "/uploads/product_4_3_0e392227fd.jpg"
                },
                {
                    "width": "800",
                    "height": "1088",
                    "url": "/uploads/product_4_4_e42faa4191.jpg"
                }
            ],
            "sm_pictures": [
                {
                    "width": "300",
                    "height": "408",
                    "url": "/uploads/product_4_1_300x408_5d955e425b.jpg"
                },
                {
                    "width": "300",
                    "height": "408",
                    "url": "/uploads/product_4_2_300x408_5c1ff41318.jpg"
                },
                {
                    "width": "300",
                    "height": "408",
                    "url": "/uploads/product_4_3_300x408_b73efbb65e.jpg"
                },
                {
                    "width": "300",
                    "height": "408",
                    "url": "/uploads/product_4_4_300x408_a4039568f3.jpg"
                }
            ],
            "variants": []
        },
        {
            "id": 101,
            "name": "Denim Jacket",
            "slug": "denim-jacket",
            "short_desc": "Morbi purus libero, faucibus adipiscing, commodo quis, gravida id, est. Sed lectus. Praesent elementum hendrerit tortor. Sed semper lorem at felis. Vestibulum volutpat, lacus a ultrices sagittis, mi neque euismod dui, eu pulvinar nunc sapien ornare nisl. Phasellus pede arcu, dapibus eu, ",
            "price": 19.99,
            "sale_price": null,
            "review": 2,
            "ratings": 5,
            "until": null,
            "stock": 100,
            "top": true,
            "featured": true,
            "new": null,
            "author": null,
            "sold": null,
            "category": [
                {
                    "name": "Women",
                    "slug": "women"
                },
                {
                    "name": "Clothing",
                    "slug": "clothing"
                },
                {
                    "name": "Men",
                    "slug": "men"
                }
            ],
            "brands": [
                {
                    "name": "F&F",
                    "slug": "fandf"
                }
            ],
            "pictures": [
                {
                    "width": "800",
                    "height": "1088",
                    "url": "/uploads/product_7_2_d00ce48601.jpg"
                },
                {
                    "width": "800",
                    "height": "1088",
                    "url": "/uploads/product_7_3_6f5d9cd3be.jpg"
                },
                {
                    "width": "800",
                    "height": "1088",
                    "url": "/uploads/product_7_4_094df63be5.jpg"
                }
            ],
            "sm_pictures": [
                {
                    "width": "300",
                    "height": "408",
                    "url": "/uploads/product_7_2_300x408_22bf0655ad.jpg"
                },
                {
                    "width": "300",
                    "height": "408",
                    "url": "/uploads/product_7_3_300x408_2e98eaeb9f.jpg"
                },
                {
                    "width": "300",
                    "height": "408",
                    "url": "/uploads/product_7_4_300x408_82f7f11127.jpg"
                }
            ],
            "variants": [
                {
                    "id": 14,
                    "color": "#f2719c",
                    "color_name": "Red",
                    "price": 25.99,
                    "size": [
                        {
                            "id": 33,
                            "name": "Small",
                            "slug": null
                        },
                        {
                            "id": 35,
                            "name": "Medium",
                            "slug": null
                        },
                        {
                            "id": 36,
                            "name": "Large",
                            "slug": null
                        },
                        {
                            "id": 176,
                            "name": "Extra Small",
                            "slug": null
                        }
                    ]
                },
                {
                    "id": 13,
                    "color": "#333333",
                    "color_name": "Grey",
                    "price": 19.99,
                    "size": [
                        {
                            "id": 32,
                            "name": "Small",
                            "slug": null
                        },
                        {
                            "id": 34,
                            "name": "Medium",
                            "slug": null
                        },
                        {
                            "id": 37,
                            "name": "Large",
                            "slug": null
                        },
                        {
                            "id": 38,
                            "name": "Extra Large",
                            "slug": null
                        }
                    ]
                }
            ]
        },
        {
            "id": 102,
            "name": "Linen-blend paper bag trousers",
            "slug": "linen-blend-paper-bag-trousers",
            "short_desc": "Morbi purus libero, faucibus adipiscing, commodo quis, gravida id, est. Sed lectus. Praesent elementum hendrerit tortor. Sed semper lorem at felis. Vestibulum volutpat, lacus a ultrices sagittis, mi neque euismod dui, eu pulvinar nunc sapien ornare nisl. Phasellus pede arcu, dapibus eu, ",
            "price": 15.99,
            "sale_price": null,
            "review": 2,
            "ratings": 5,
            "until": null,
            "stock": 100,
            "top": null,
            "featured": null,
            "new": null,
            "author": null,
            "sold": null,
            "category": [
                {
                    "name": "Clothing",
                    "slug": "clothing"
                },
                {
                    "name": "Women",
                    "slug": "women"
                }
            ],
            "brands": [
                {
                    "name": "F&F",
                    "slug": "fandf"
                }
            ],
            "pictures": [
                {
                    "width": "800",
                    "height": "1088",
                    "url": "/uploads/product_8_1_72e07f48f1.jpg"
                },
                {
                    "width": "800",
                    "height": "1088",
                    "url": "/uploads/product_8_2_7fe692f65a.jpg"
                },
                {
                    "width": "800",
                    "height": "1088",
                    "url": "/uploads/product_8_3_9adb24513e.jpg"
                },
                {
                    "width": "800",
                    "height": "1088",
                    "url": "/uploads/product_8_4_cf221d835e.jpg"
                }
            ],
            "sm_pictures": [
                {
                    "width": "300",
                    "height": "408",
                    "url": "/uploads/product_8_1_300x408_d451a2ae2b.jpg"
                },
                {
                    "width": "300",
                    "height": "408",
                    "url": "/uploads/product_8_2_300x408_fd68021adc.jpg"
                },
                {
                    "width": "300",
                    "height": "408",
                    "url": "/uploads/product_8_3_300x408_53b143835c.jpg"
                },
                {
                    "width": "300",
                    "height": "408",
                    "url": "/uploads/product_8_4_300x408_8a0d78879a.jpg"
                }
            ],
            "variants": []
        },
        {
            "id": 103,
            "name": "Small Bucket Bag",
            "slug": "small-bucket-bag",
            "short_desc": "Morbi purus libero, faucibus adipiscing, commodo quis, gravida id, est. Sed lectus. Praesent elementum hendrerit tortor. Sed semper lorem at felis. Vestibulum volutpat, lacus a ultrices sagittis, mi neque euismod dui, eu pulvinar nunc sapien ornare nisl. Phasellus pede arcu, dapibus eu, ",
            "price": 14.99,
            "sale_price": null,
            "review": 2,
            "ratings": 4,
            "until": null,
            "stock": 100,
            "top": null,
            "featured": null,
            "new": null,
            "author": null,
            "sold": null,
            "category": [
                {
                    "name": "Men",
                    "slug": "men"
                },
                {
                    "name": "Bags",
                    "slug": "bags"
                },
                {
                    "name": "Women",
                    "slug": "women"
                }
            ],
            "brands": [
                {
                    "name": "F&F",
                    "slug": "fandf"
                }
            ],
            "pictures": [
                {
                    "width": "800",
                    "height": "1088",
                    "url": "/uploads/product_6_1_f458795894.jpg"
                },
                {
                    "width": "800",
                    "height": "1088",
                    "url": "/uploads/product_6_2_fba2744fea.jpg"
                },
                {
                    "width": "800",
                    "height": "1088",
                    "url": "/uploads/product_6_3_bef3482d93.jpg"
                },
                {
                    "width": "800",
                    "height": "1088",
                    "url": "/uploads/product_6_4_8d7c957812.jpg"
                }
            ],
            "sm_pictures": [
                {
                    "width": "300",
                    "height": "408",
                    "url": "/uploads/product_6_1_300x408_0ecfb374f2.jpg"
                },
                {
                    "width": "300",
                    "height": "408",
                    "url": "/uploads/product_6_2_300x408_6130a39faf.jpg"
                },
                {
                    "width": "300",
                    "height": "408",
                    "url": "/uploads/product_6_3_300x408_128eede4e4.jpg"
                },
                {
                    "width": "300",
                    "height": "408",
                    "url": "/uploads/product_6_4_300x408_c659226482.jpg"
                }
            ],
            "variants": []
        },
        {
            "id": 104,
            "name": "Sandals",
            "slug": "sandals",
            "short_desc": "Morbi purus libero, faucibus adipiscing, commodo quis, gravida id, est. Sed lectus. Praesent elementum hendrerit tortor. Sed semper lorem at felis. Vestibulum volutpat, lacus a ultrices sagittis, mi neque euismod dui, eu pulvinar nunc sapien ornare nisl. Phasellus pede arcu, dapibus eu, ",
            "price": 17.99,
            "sale_price": null,
            "review": 2,
            "ratings": 0,
            "until": null,
            "stock": 0,
            "top": true,
            "featured": null,
            "new": null,
            "author": null,
            "sold": null,
            "category": [
                {
                    "name": "Shoes",
                    "slug": "shoes"
                },
                {
                    "name": "Women",
                    "slug": "women"
                }
            ],
            "brands": [
                {
                    "name": "Nike",
                    "slug": "nike"
                }
            ],
            "pictures": [
                {
                    "width": "800",
                    "height": "1088",
                    "url": "/uploads/product_10_1_bac3a325d4.jpg"
                },
                {
                    "width": "800",
                    "height": "1088",
                    "url": "/uploads/product_10_2_4e125fa3b6.jpg"
                },
                {
                    "width": "800",
                    "height": "1088",
                    "url": "/uploads/product_10_3_03d0737c7d.jpg"
                }
            ],
            "sm_pictures": [
                {
                    "width": "300",
                    "height": "408",
                    "url": "/uploads/product_10_1_300x408_ee78dab46b.jpg"
                },
                {
                    "width": "300",
                    "height": "408",
                    "url": "/uploads/product_10_2_300x408_6cffdb4228.jpg"
                },
                {
                    "width": "300",
                    "height": "408",
                    "url": "/uploads/product_10_3_300x408_a9517c4ccf.jpg"
                }
            ],
            "variants": []
        },
        {
            "id": 105,
            "name": "Short wrap dress",
            "slug": "short-wrap-dress",
            "short_desc": "Morbi purus libero, faucibus adipiscing, commodo quis, gravida id, est. Sed lectus. Praesent elementum hendrerit tortor. Sed semper lorem at felis. Vestibulum volutpat, lacus a ultrices sagittis, mi neque euismod dui, eu pulvinar nunc sapien ornare nisl. Phasellus pede arcu, dapibus eu, ",
            "price": 14.99,
            "sale_price": null,
            "review": 2,
            "ratings": 0,
            "until": null,
            "stock": 100,
            "top": true,
            "featured": null,
            "new": null,
            "author": null,
            "sold": null,
            "category": [
                {
                    "name": "Women",
                    "slug": "women"
                },
                {
                    "name": "Clothing",
                    "slug": "clothing"
                }
            ],
            "brands": [
                {
                    "name": "New Balance",
                    "slug": "new-balance"
                },
                {
                    "name": "Geox",
                    "slug": "geox"
                }
            ],
            "pictures": [
                {
                    "width": "800",
                    "height": "1088",
                    "url": "/uploads/product_11_1_6074c08e92.jpg"
                },
                {
                    "width": "800",
                    "height": "1088",
                    "url": "/uploads/product_11_2_fa9b29a69c.jpg"
                },
                {
                    "width": "800",
                    "height": "1088",
                    "url": "/uploads/product_11_3_cdf013acad.jpg"
                }
            ],
            "sm_pictures": [
                {
                    "width": "300",
                    "height": "408",
                    "url": "/uploads/product_11_1_300x408_3315022870.jpg"
                },
                {
                    "width": "300",
                    "height": "408",
                    "url": "/uploads/product_11_2_300x408_6ffa44abed.jpg"
                },
                {
                    "width": "300",
                    "height": "408",
                    "url": "/uploads/product_11_3_300x408_d60deeae95.jpg"
                }
            ],
            "variants": []
        },
        {
            "id": 106,
            "name": "Fashion Sandals",
            "slug": "fashion-sandals",
            "short_desc": "Morbi purus libero, faucibus adipiscing, commodo quis, gravida id, est. Sed lectus. Praesent elementum hendrerit tortor. Sed semper lorem at felis. Vestibulum volutpat, lacus a ultrices sagittis, mi neque euismod dui, eu pulvinar nunc sapien ornare nisl. Phasellus pede arcu, dapibus eu, ",
            "price": 24.99,
            "sale_price": null,
            "review": 2,
            "ratings": 0,
            "until": null,
            "stock": 100,
            "top": true,
            "featured": true,
            "new": true,
            "author": null,
            "sold": null,
            "category": [
                {
                    "name": "Shoes",
                    "slug": "shoes"
                },
                {
                    "name": "Women",
                    "slug": "women"
                }
            ],
            "brands": [
                {
                    "name": "Nike",
                    "slug": "nike"
                }
            ],
            "pictures": [
                {
                    "width": "800",
                    "height": "1088",
                    "url": "/uploads/product_12_1_9844c58035.jpg"
                },
                {
                    "width": "800",
                    "height": "1088",
                    "url": "/uploads/product_12_2_5ae332d395.jpg"
                },
                {
                    "width": "800",
                    "height": "1088",
                    "url": "/uploads/product_12_3_b629f4b2af.jpg"
                }
            ],
            "sm_pictures": [
                {
                    "width": "300",
                    "height": "408",
                    "url": "/uploads/product_12_1_300x408_f2de20153a.jpg"
                },
                {
                    "width": "300",
                    "height": "408",
                    "url": "/uploads/product_12_2_300x408_040de8318b.jpg"
                },
                {
                    "width": "300",
                    "height": "408",
                    "url": "/uploads/product_12_3_300x408_1b467e9669.jpg"
                }
            ],
            "variants": []
        },
        {
            "id": 152,
            "name": "Fine -knit Sweater",
            "slug": "fine-knit-sweater",
            "short_desc": "Morbi purus libero, faucibus adipiscing, commodo quis, gravida id, est. Sed lectus. Praesent elementum hendrerit tortor. Sed semper lorem at felis. Vestibulum volutpat, lacus a ultrices sagittis, mi neque euismod dui, eu pulvinar nunc sapien ",
            "price": 17.99,
            "sale_price": 8.99,
            "review": 2,
            "ratings": 3,
            "until": "2022-01-01",
            "stock": 100,
            "top": null,
            "featured": true,
            "new": null,
            "author": null,
            "sold": null,
            "category": [
                {
                    "name": "Clothing",
                    "slug": "clothing"
                },
                {
                    "name": "Men",
                    "slug": "men"
                }
            ],
            "brands": [
                {
                    "name": "F&F",
                    "slug": "fandf"
                },
                {
                    "name": "UGG",
                    "slug": "ugg"
                }
            ],
            "pictures": [
                {
                    "width": "800",
                    "height": "1089",
                    "url": "/uploads/product_1_1_8f0fb224eb.jpg"
                },
                {
                    "width": "800",
                    "height": "1089",
                    "url": "/uploads/product_1_2_c4663742b3.jpg"
                }
            ],
            "sm_pictures": [
                {
                    "width": "300",
                    "height": "408",
                    "url": "/uploads/product_1_1_300x408_3ab4983c1d.jpg"
                },
                {
                    "width": "300",
                    "height": "408",
                    "url": "/uploads/product_1_2_300x408_53bf0b96dd.jpg"
                }
            ],
            "variants": []
        },
        {
            "id": 153,
            "name": "Elasticated cotton shorts",
            "slug": "elasticated-cotton-shorts",
            "short_desc": "Morbi purus libero, faucibus adipiscing, commodo quis, gravida id, est. Sed lectus. Praesent elementum hendrerit tortor. Sed semper lorem at felis. Vestibulum volutpat, lacus a ultrices sagittis, mi neque euismod dui, eu pulvinar nunc sapien ",
            "price": 30.99,
            "sale_price": 24.99,
            "review": 2,
            "ratings": 4,
            "until": "2022-01-01",
            "stock": 100,
            "top": true,
            "featured": false,
            "new": false,
            "author": null,
            "sold": 56,
            "category": [
                {
                    "name": "Clothing",
                    "slug": "clothing"
                },
                {
                    "name": "Men",
                    "slug": "men"
                }
            ],
            "brands": [
                {
                    "name": "New Balance",
                    "slug": "new-balance"
                },
                {
                    "name": "Nike",
                    "slug": "nike"
                },
                {
                    "name": "F&F",
                    "slug": "fandf"
                }
            ],
            "pictures": [
                {
                    "width": "800",
                    "height": "1089",
                    "url": "/uploads/product_2_1_ef585a9d3a.jpg"
                },
                {
                    "width": "800",
                    "height": "1089",
                    "url": "/uploads/product_2_2_aaba42988b.jpg"
                },
                {
                    "width": "800",
                    "height": "1089",
                    "url": "/uploads/product_2_3_d991dbd243.jpg"
                }
            ],
            "sm_pictures": [
                {
                    "width": "300",
                    "height": "408",
                    "url": "/uploads/product_2_1_300x408_2061def759.jpg"
                },
                {
                    "width": "300",
                    "height": "408",
                    "url": "/uploads/product_2_2_300x408_14ff1ad498.jpg"
                },
                {
                    "width": "300",
                    "height": "408",
                    "url": "/uploads/product_2_3_300x408_d59811e0ab.jpg"
                }
            ],
            "variants": []
        }
    ],
    "posts": [
        {
            "id": 104,
            "author": "John Doe",
            "comments": "3",
            "content": "Sed egestas, ante et vulputate volutpat, eros pede semper est, vitae luctus metus libero augue. Lorem ipsum dolor sit amet, ",
            "date": "2020-05-28",
            "slug": "sed-adipisdbcing-ornare.",
            "title": "Sed adipisdbcing ornare.",
            "type": "image",
            "blog_categories": [
                {
                    "name": "Fashion",
                    "slug": "fashion"
                }
            ],
            "image": [
                {
                    "width": "376",
                    "height": "250",
                    "url": "/uploads/post_1_4324bd5309.jpg"
                }
            ]
        },
        {
            "id": 105,
            "author": "John Doe",
            "comments": "3",
            "content": "Sed pretium, ligula sollicitudin laoreet viverra, tortor libero sodales leo, eget blandit nunc. Morbi purus libero, faucibus adipiscing, ",
            "date": "2020-09-18",
            "slug": "aenean-dignissim-pellwsentesque.",
            "title": "Aenean dignissim pellwsentesque.",
            "type": "image",
            "blog_categories": [
                {
                    "name": "Fashion",
                    "slug": "fashion"
                }
            ],
            "image": [
                {
                    "width": "376",
                    "height": "250",
                    "url": "/uploads/post_2_15815069af.jpg"
                }
            ]
        },
        {
            "id": 106,
            "author": "John Doe",
            "comments": "3",
            "content": "Phasellus hendrerit. Pelletesque aliquet nibh necurna In nisi neque, aliquet vel, dapibus. Sed pretium, ligula sollicitudin laoreet ",
            "date": "2020-05-28",
            "slug": "quisque-volutpadbt-mattis.",
            "title": "Quisque volutpadbt mattis.",
            "type": "image",
            "blog_categories": [
                {
                    "name": "Fashion",
                    "slug": "fashion"
                },
                {
                    "name": "Lifestyle",
                    "slug": "lifestyle"
                }
            ],
            "image": [
                {
                    "width": "376",
                    "height": "250",
                    "url": "/uploads/post_3_0a6ccce5a4.jpg"
                }
            ]
        }
    ]
}