{
    "products": [
        {
            "id": 240,
            "name": "Becoming Michelle Obama ",
            "slug": "becoming-michelle-obama",
            "short_desc": "Morbi purus libero, faucibus adipiscing, commodo quis, gravida id, est. Sed lectus. Praesent elementum hendrerit tortor. Sed semper lorem at felis. Vestibulum volutpat, lacus a ultrices sagittis, mi neque euismod dui, eu pulvinar nunc sapien ",
            "price": 32.5,
            "sale_price": 19.5,
            "review": 2,
            "ratings": 5,
            "until": null,
            "stock": null,
            "top": true,
            "featured": false,
            "new": null,
            "author": "Matt Haig",
            "sold": null,
            "category": [
                {
                    "name": "Business & Economics",
                    "slug": "business-and-economics"
                }
            ],
            "brands": [
                {
                    "name": "UGG",
                    "slug": "ugg"
                },
                {
                    "name": "F&F",
                    "slug": "fandf"
                }
            ],
            "pictures": [
                {
                    "width": "600",
                    "height": "930",
                    "url": "/uploads/product_1_1a05fb58fb.jpg"
                }
            ],
            "sm_pictures": [
                {
                    "width": "194",
                    "height": "300",
                    "url": "/uploads/product_1_194x300_7d4e3277d8.jpg"
                }
            ],
            "variants": []
        },
        {
            "id": 241,
            "name": "The Secret Barrister",
            "slug": "the-secret-barrister",
            "short_desc": "Morbi purus libero, faucibus adipiscing, commodo quis, gravida id, est. Sed lectus. Praesent elementum hendrerit tortor. Sed semper lorem at felis. Vestibulum volutpat, lacus a ultrices sagittis, mi neque euismod dui, eu pulvinar nunc sapien ",
            "price": 17.34,
            "sale_price": null,
            "review": 2,
            "ratings": 5,
            "until": null,
            "stock": 100,
            "top": true,
            "featured": null,
            "new": null,
            "author": "Jordan B. Perterson",
            "sold": null,
            "category": [
                {
                    "name": "Detective",
                    "slug": "detective"
                },
                {
                    "name": "Horror",
                    "slug": "horror"
                }
            ],
            "brands": [
                {
                    "name": "F&F",
                    "slug": "fandf"
                },
                {
                    "name": "Nike",
                    "slug": "nike"
                }
            ],
            "pictures": [
                {
                    "width": "600",
                    "height": "930",
                    "url": "/uploads/product_2_0d62414fc0.jpg"
                }
            ],
            "sm_pictures": [
                {
                    "width": "194",
                    "height": "300",
                    "url": "/uploads/product_2_194x300_f2ce841bec.jpg"
                }
            ],
            "variants": []
        },
        {
            "id": 242,
            "name": "Five Feet Apart",
            "slug": "five-feet-apart",
            "short_desc": "Morbi purus libero, faucibus adipiscing, commodo quis, gravida id, est. Sed lectus. Praesent elementum hendrerit tortor. Sed semper lorem at felis. Vestibulum volutpat, lacus a ultrices sagittis, mi neque euismod dui, eu pulvinar nunc sapien ",
            "price": 18.99,
            "sale_price": 14.99,
            "review": 2,
            "ratings": 5,
            "until": null,
            "stock": 100,
            "top": true,
            "featured": false,
            "new": null,
            "author": "Rachael Lippincott",
            "sold": null,
            "category": [
                {
                    "name": "Detective",
                    "slug": "detective"
                },
                {
                    "name": "Horror",
                    "slug": "horror"
                }
            ],
            "brands": [
                {
                    "name": "Nike",
                    "slug": "nike"
                }
            ],
            "pictures": [
                {
                    "width": "600",
                    "height": "930",
                    "url": "/uploads/product_3_4d071da211.jpg"
                }
            ],
            "sm_pictures": [
                {
                    "width": "194",
                    "height": "300",
                    "url": "/uploads/product_3_194x300_0805445268.jpg"
                }
            ],
            "variants": []
        },
        {
            "id": 243,
            "name": "One Of Us Is Lying",
            "slug": "one-of-us-is-lying",
            "short_desc": "Morbi purus libero, faucibus adipiscing, commodo quis, gravida id, est. Sed lectus. Praesent elementum hendrerit tortor. Sed semper lorem at felis. Vestibulum volutpat, lacus a ultrices sagittis, mi neque euismod dui, eu pulvinar nunc sapien ",
            "price": 17.99,
            "sale_price": null,
            "review": 2,
            "ratings": 5,
            "until": null,
            "stock": 100,
            "top": true,
            "featured": false,
            "new": null,
            "author": "Karen M.McManus",
            "sold": null,
            "category": [
                {
                    "name": "Children",
                    "slug": "children"
                },
                {
                    "name": "Detective",
                    "slug": "detective"
                }
            ],
            "brands": [
                {
                    "name": "UGG",
                    "slug": "ugg"
                }
            ],
            "pictures": [
                {
                    "width": "600",
                    "height": "930",
                    "url": "/uploads/product_4_12669153a3.jpg"
                }
            ],
            "sm_pictures": [
                {
                    "width": "194",
                    "height": "300",
                    "url": "/uploads/product_4_194x300_9b6c19f3e6.jpg"
                }
            ],
            "variants": []
        },
        {
            "id": 244,
            "name": "How to stop time",
            "slug": "how-to-stop-time",
            "short_desc": "Morbi purus libero, faucibus adipiscing, commodo quis, gravida id, est. Sed lectus. Praesent elementum hendrerit tortor. Sed semper lorem at felis. Vestibulum volutpat, lacus a ultrices sagittis, mi neque euismod dui, eu pulvinar nunc sapien ",
            "price": 11.68,
            "sale_price": null,
            "review": 2,
            "ratings": 4,
            "until": null,
            "stock": 100,
            "top": true,
            "featured": false,
            "new": null,
            "author": "Matt Haig",
            "sold": null,
            "category": [
                {
                    "name": "Future",
                    "slug": "future"
                },
                {
                    "name": "Romance",
                    "slug": "romance"
                }
            ],
            "brands": [
                {
                    "name": "UGG",
                    "slug": "ugg"
                }
            ],
            "pictures": [
                {
                    "width": "600",
                    "height": "930",
                    "url": "/uploads/product_5_882f65d90c.jpg"
                }
            ],
            "sm_pictures": [
                {
                    "width": "194",
                    "height": "300",
                    "url": "/uploads/product_5_194x300_1f41217014.jpg"
                }
            ],
            "variants": []
        },
        {
            "id": 245,
            "name": "The Durrells of Corfu: Exclusive Edition",
            "slug": "the-durrells-of-corfu:-exclusive-edition",
            "short_desc": "Morbi purus libero, faucibus adipiscing, commodo quis, gravida id, est. Sed lectus. Praesent elementum hendrerit tortor. Sed semper lorem at felis. Vestibulum volutpat, lacus a ultrices sagittis, mi neque euismod dui, eu pulvinar nunc sapien ",
            "price": 24.48,
            "sale_price": null,
            "review": 2,
            "ratings": 4,
            "until": null,
            "stock": 100,
            "top": true,
            "featured": false,
            "new": true,
            "author": "John Gray",
            "sold": null,
            "category": [
                {
                    "name": "Romance",
                    "slug": "romance"
                },
                {
                    "name": "Travel",
                    "slug": "travel"
                }
            ],
            "brands": [
                {
                    "name": "F&F",
                    "slug": "fandf"
                }
            ],
            "pictures": [
                {
                    "width": "600",
                    "height": "930",
                    "url": "/uploads/product_6_44a51c0a73.jpg"
                }
            ],
            "sm_pictures": [
                {
                    "width": "194",
                    "height": "300",
                    "url": "/uploads/product_6_194x300_047bfcd749.jpg"
                }
            ],
            "variants": []
        },
        {
            "id": 246,
            "name": "The Moon: A History for the Future",
            "slug": "the-moon:-a-history-for-the-future",
            "short_desc": "Morbi purus libero, faucibus adipiscing, commodo quis, gravida id, est. Sed lectus. Praesent elementum hendrerit tortor. Sed semper lorem at felis. Vestibulum volutpat, lacus a ultrices sagittis, mi neque euismod dui, eu pulvinar nunc sapien ",
            "price": 16.97,
            "sale_price": null,
            "review": 2,
            "ratings": 5,
            "until": null,
            "stock": 100,
            "top": null,
            "featured": null,
            "new": true,
            "author": "Jordan B. Perterson",
            "sold": null,
            "category": [
                {
                    "name": "Future",
                    "slug": "future"
                }
            ],
            "brands": [
                {
                    "name": "F&F",
                    "slug": "fandf"
                }
            ],
            "pictures": [
                {
                    "width": "600",
                    "height": "930",
                    "url": "/uploads/product_7_9aac7baa7c.jpg"
                }
            ],
            "sm_pictures": [
                {
                    "width": "194",
                    "height": "300",
                    "url": "/uploads/product_7_194x300_ca22ab5405.jpg"
                }
            ],
            "variants": []
        },
        {
            "id": 247,
            "name": "Hard Pushed: A Midwife's Story",
            "slug": "hard-pushed:-a-midwife's-story",
            "short_desc": "Morbi purus libero, faucibus adipiscing, commodo quis, gravida id, est. Sed lectus. Praesent elementum hendrerit tortor. Sed semper lorem at felis. Vestibulum volutpat, lacus a ultrices sagittis, mi neque euismod dui, eu pulvinar nunc sapien ",
            "price": 12.99,
            "sale_price": null,
            "review": 2,
            "ratings": 5,
            "until": null,
            "stock": 100,
            "top": true,
            "featured": true,
            "new": true,
            "author": "Matt Haig",
            "sold": null,
            "category": [
                {
                    "name": "Romance",
                    "slug": "romance"
                },
                {
                    "name": "Travel",
                    "slug": "travel"
                }
            ],
            "brands": [
                {
                    "name": "F&F",
                    "slug": "fandf"
                }
            ],
            "pictures": [
                {
                    "width": "600",
                    "height": "930",
                    "url": "/uploads/product_8_c2fee016da.jpg"
                }
            ],
            "sm_pictures": [
                {
                    "width": "194",
                    "height": "300",
                    "url": "/uploads/product_8_194x300_5e7ae68fcc.jpg"
                }
            ],
            "variants": []
        },
        {
            "id": 248,
            "name": "This lie will kill you",
            "slug": "this-lie-will-kill-you",
            "short_desc": "Morbi purus libero, faucibus adipiscing, commodo quis, gravida id, est. Sed lectus. Praesent elementum hendrerit tortor. Sed semper lorem at felis. Vestibulum volutpat, lacus a ultrices sagittis, mi neque euismod dui, eu pulvinar nunc sapien ",
            "price": 7.99,
            "sale_price": null,
            "review": 2,
            "ratings": 5,
            "until": null,
            "stock": 100,
            "top": null,
            "featured": null,
            "new": true,
            "author": "Karen M.McManus",
            "sold": null,
            "category": [
                {
                    "name": "Children",
                    "slug": "children"
                },
                {
                    "name": "Horror",
                    "slug": "horror"
                }
            ],
            "brands": [
                {
                    "name": "Geox",
                    "slug": "geox"
                }
            ],
            "pictures": [
                {
                    "width": "600",
                    "height": "930",
                    "url": "/uploads/product_9_e8deb2c98c.jpg"
                }
            ],
            "sm_pictures": [
                {
                    "width": "194",
                    "height": "300",
                    "url": "/uploads/product_9_194x300_4611873103.jpg"
                }
            ],
            "variants": []
        },
        {
            "id": 249,
            "name": "Normal People",
            "slug": "normal-people",
            "short_desc": "Morbi purus libero, faucibus adipiscing, commodo quis, gravida id, est. Sed lectus. Praesent elementum hendrerit tortor. Sed semper lorem at felis. Vestibulum volutpat, lacus a ultrices sagittis, mi neque euismod dui, eu pulvinar nunc sapien ",
            "price": 10.99,
            "sale_price": 6.99,
            "review": 2,
            "ratings": 5,
            "until": null,
            "stock": 100,
            "top": null,
            "featured": true,
            "new": null,
            "author": "Rachael Lippincott",
            "sold": null,
            "category": [
                {
                    "name": "Romance",
                    "slug": "romance"
                },
                {
                    "name": "Food & Drink",
                    "slug": "food-and-drink"
                }
            ],
            "brands": [
                {
                    "name": "New Balance",
                    "slug": "new-balance"
                }
            ],
            "pictures": [
                {
                    "width": "600",
                    "height": "930",
                    "url": "/uploads/product_10_44df10f668.jpg"
                }
            ],
            "sm_pictures": [
                {
                    "width": "194",
                    "height": "300",
                    "url": "/uploads/product_10_194x300_87079c7622.jpg"
                }
            ],
            "variants": []
        },
        {
            "id": 250,
            "name": "The silence of the girls",
            "slug": "the-silence-of-the-girls",
            "short_desc": "Morbi purus libero, faucibus adipiscing, commodo quis, gravida id, est. Sed lectus. Praesent elementum hendrerit tortor. Sed semper lorem at felis. Vestibulum volutpat, lacus a ultrices sagittis, mi neque euismod dui, eu pulvinar nunc sapien ",
            "price": 10.99,
            "sale_price": 6.99,
            "review": 2,
            "ratings": 5,
            "until": null,
            "stock": 100,
            "top": null,
            "featured": true,
            "new": null,
            "author": "John Gray",
            "sold": null,
            "category": [
                {
                    "name": "Horror",
                    "slug": "horror"
                },
                {
                    "name": "Romance",
                    "slug": "romance"
                }
            ],
            "brands": [
                {
                    "name": "UGG",
                    "slug": "ugg"
                }
            ],
            "pictures": [
                {
                    "width": "600",
                    "height": "930",
                    "url": "/uploads/product_11_f71d192458.jpg"
                }
            ],
            "sm_pictures": [
                {
                    "width": "194",
                    "height": "300",
                    "url": "/uploads/product_11_194x300_01cf114c05.jpg"
                }
            ],
            "variants": []
        },
        {
            "id": 251,
            "name": "You got this",
            "slug": "you-got-this",
            "short_desc": "Morbi purus libero, faucibus adipiscing, commodo quis, gravida id, est. Sed lectus. Praesent elementum hendrerit tortor. Sed semper lorem at felis. Vestibulum volutpat, lacus a ultrices sagittis, mi neque euismod dui, eu pulvinar nunc sapien ",
            "price": 7.99,
            "sale_price": null,
            "review": 2,
            "ratings": 5,
            "until": null,
            "stock": 100,
            "top": null,
            "featured": true,
            "new": null,
            "author": "Jordan B. Perterson",
            "sold": null,
            "category": [
                {
                    "name": "Code",
                    "slug": "code"
                }
            ],
            "brands": [
                {
                    "name": "UGG",
                    "slug": "ugg"
                }
            ],
            "pictures": [
                {
                    "width": "600",
                    "height": "930",
                    "url": "/uploads/product_12_1f263c5592.jpg"
                }
            ],
            "sm_pictures": [
                {
                    "width": "194",
                    "height": "300",
                    "url": "/uploads/product_12_194x300_ef51077121.jpg"
                }
            ],
            "variants": []
        },
        {
            "id": 252,
            "name": "The Librarian of Auschwitz",
            "slug": "the-librarian-of-auschwitz",
            "short_desc": "Morbi purus libero, faucibus adipiscing, commodo quis, gravida id, est. Sed lectus. Praesent elementum hendrerit tortor. Sed semper lorem at felis. Vestibulum volutpat, lacus a ultrices sagittis, mi neque euismod dui, eu pulvinar nunc sapien ",
            "price": 10.99,
            "sale_price": null,
            "review": 2,
            "ratings": 5,
            "until": null,
            "stock": 100,
            "top": null,
            "featured": true,
            "new": null,
            "author": "Karen M.McManus",
            "sold": null,
            "category": [
                {
                    "name": "Horror",
                    "slug": "horror"
                }
            ],
            "brands": [
                {
                    "name": "UGG",
                    "slug": "ugg"
                }
            ],
            "pictures": [
                {
                    "width": "600",
                    "height": "930",
                    "url": "/uploads/product_13_03c4c7caa1.jpg"
                }
            ],
            "sm_pictures": [
                {
                    "width": "194",
                    "height": "300",
                    "url": "/uploads/product_13_194x300_8cc6fca84a.jpg"
                }
            ],
            "variants": []
        },
        {
            "id": 253,
            "name": "Moneyland: Why Thieves And Crooks Now Rule The World",
            "slug": "moneyland:-why-thieves-and-crooks-now-rule-the-world",
            "short_desc": "Morbi purus libero, faucibus adipiscing, commodo quis, gravida id, est. Sed lectus. Praesent elementum hendrerit tortor. Sed semper lorem at felis. Vestibulum volutpat, lacus a ultrices sagittis, mi neque euismod dui, eu pulvinar nunc sapien ",
            "price": 12.99,
            "sale_price": 7.99,
            "review": 2,
            "ratings": 5,
            "until": null,
            "stock": 0,
            "top": null,
            "featured": true,
            "new": null,
            "author": "Matt Haig",
            "sold": null,
            "category": [
                {
                    "name": "Business & Economics",
                    "slug": "business-and-economics"
                },
                {
                    "name": "Horror",
                    "slug": "horror"
                }
            ],
            "brands": [
                {
                    "name": "River Island",
                    "slug": "river-island"
                }
            ],
            "pictures": [
                {
                    "width": "600",
                    "height": "930",
                    "url": "/uploads/product_14_abcfb88557.jpg"
                }
            ],
            "sm_pictures": [
                {
                    "width": "194",
                    "height": "300",
                    "url": "/uploads/product_14_194x300_86d9cd5b32.jpg"
                }
            ],
            "variants": []
        },
        {
            "id": 254,
            "name": "What if it's us.",
            "slug": "what-if-it's-us.",
            "short_desc": "Morbi purus libero, faucibus adipiscing, commodo quis, gravida id, est. Sed lectus. Praesent elementum hendrerit tortor. Sed semper lorem at felis. Vestibulum volutpat, lacus a ultrices sagittis, mi neque euismod dui, eu pulvinar nunc sapien ",
            "price": 18.99,
            "sale_price": null,
            "review": 2,
            "ratings": 4,
            "until": null,
            "stock": 100,
            "top": null,
            "featured": null,
            "new": true,
            "author": "Rachael Lippincott",
            "sold": null,
            "category": [
                {
                    "name": "Code",
                    "slug": "code"
                }
            ],
            "brands": [
                {
                    "name": "River Island",
                    "slug": "river-island"
                }
            ],
            "pictures": [
                {
                    "width": "600",
                    "height": "930",
                    "url": "/uploads/product_16_c8b71a0744.jpg"
                }
            ],
            "sm_pictures": [
                {
                    "width": "194",
                    "height": "300",
                    "url": "/uploads/product_16_194x300_66aed6bb7b.jpg"
                }
            ],
            "variants": []
        },
        {
            "id": 255,
            "name": "The sun is also a start",
            "slug": "the-sun-is-also-a-start",
            "short_desc": "Sed egestas, ante et vulputate volutpat, eros pede semper est, vitae luctus metus libero eu augue. Morbi purus libero, faucibus adipiscing. Sed lectus.",
            "price": 10.99,
            "sale_price": null,
            "review": 2,
            "ratings": 4,
            "until": null,
            "stock": 100,
            "top": null,
            "featured": null,
            "new": true,
            "author": "Rachael Lippincott",
            "sold": null,
            "category": [
                {
                    "name": "Code",
                    "slug": "code"
                }
            ],
            "brands": [
                {
                    "name": "River Island",
                    "slug": "river-island"
                }
            ],
            "pictures": [
                {
                    "width": "600",
                    "height": "930",
                    "url": "/uploads/product_17_8aaa05d0d3.jpg"
                }
            ],
            "sm_pictures": [
                {
                    "width": "194",
                    "height": "300",
                    "url": "/uploads/product_17_194x300_6fdb22b3f6.jpg"
                }
            ],
            "variants": []
        }
    ],
    "posts": [
        {
            "id": 128,
            "author": "John Doe",
            "comments": "3",
            "content": "Morbi in sem quis dui placerat ornare. Pellentesque odio nisi, euismod in, pharetra a, ultricies in, diam. Sed arcu.",
            "date": "2020-05-28",
            "slug": "aenean-dignissim-pellentesque-ghmfelis.",
            "title": "Aenean dignissim pellentesque ghmfelis.",
            "type": "image",
            "blog_categories": [
                {
                    "name": "Hobbies",
                    "slug": "hobbies"
                },
                {
                    "name": "Lifestyle",
                    "slug": "lifestyle"
                }
            ],
            "image": [
                {
                    "width": "335",
                    "height": "200",
                    "url": "/uploads/post_1_7d773c65f6.jpg"
                }
            ]
        },
        {
            "id": 129,
            "author": "John Doe",
            "comments": "3",
            "content": "Donec odio. Quisque volutpat mattis eros. Nullam malesuada erat ut Suspendisse urna nibh, viverra non, semper suscipit.",
            "date": "2020-09-18",
            "slug": "donec-nec-justo-eget-felis-facilisis-fermtentum.",
            "title": "Donec nec justo eget felis facilisis fermtentum.",
            "type": "image",
            "blog_categories": [
                {
                    "name": "Lifestyle",
                    "slug": "lifestyle"
                }
            ],
            "image": [
                {
                    "width": "335",
                    "height": "200",
                    "url": "/uploads/post_2_b5403e5165.jpg"
                }
            ]
        },
        {
            "id": 130,
            "author": "John Doe",
            "comments": "3",
            "content": "Suspendisse urna nibh, viverra semper suscipit. posuere a, pede. Morbi in sem quis dui placerat ornare. Lorem ipsum dolor sit amet, ",
            "date": "2020-05-28",
            "slug": "aliquam-porttitor-maruris-sit.",
            "title": "Aliquam porttitor maruris sit.",
            "type": "image",
            "blog_categories": [
                {
                    "name": "Lifestyle",
                    "slug": "lifestyle"
                },
                {
                    "name": "Shopping",
                    "slug": "shopping"
                }
            ],
            "image": [
                {
                    "width": "335",
                    "height": "200",
                    "url": "/uploads/post_3_8a2522a753.jpg"
                }
            ]
        },
        {
            "id": 131,
            "author": "John Doe",
            "comments": "3",
            "content": "Lorem ipsum dolor sit amet, consecte tuer adipiscing elit. Donec odio. Quisque volutpat mattis eros.",
            "date": "2020-05-18",
            "slug": "integer-vitae-libero-ac-risus-efngestas-placerat.",
            "title": "Integer vitae libero ac risus efngestas placerat.",
            "type": "image",
            "blog_categories": [],
            "image": [
                {
                    "width": "335",
                    "height": "200",
                    "url": "/uploads/post_4_bfc6d57a6e.jpg"
                }
            ]
        }
    ]
}