{
    "products": [
        {
            "id": 353,
            "name": "Professional Series Valve Spring 1.260\"O.D",
            "slug": "professional-series-valve-spring-1.260\"o.d",
            "short_desc": "Morbi purus libero, faucibus adipiscing, commodo quis, gravida id, est. Sed lectus. Praesent elementum hendrerit tortor. Sed semper lorem at felis. Vestibulum volutpat, lacus a ultrices sagittis, mi neque euismod dui, eu pulvinar nunc sapien",
            "price": 35.99,
            "sale_price": 23.99,
            "review": 2,
            "ratings": 4,
            "until": null,
            "stock": 100,
            "top": null,
            "featured": null,
            "new": null,
            "author": null,
            "sold": null,
            "category": [
                {
                    "name": "Damping",
                    "slug": "damping"
                },
                {
                    "name": "Cars",
                    "slug": "cars"
                }
            ],
            "brands": [
                {
                    "name": "F&F",
                    "slug": "fandf"
                }
            ],
            "pictures": [
                {
                    "width": "222",
                    "height": "180",
                    "url": "/uploads/1_1_f5d0f64405.jpg"
                }
            ],
            "sm_pictures": [
                {
                    "width": "222",
                    "height": "180",
                    "url": "/uploads/1_1_f5d0f64405.jpg"
                }
            ],
            "variants": []
        },
        {
            "id": 354,
            "name": "Motorcraft Original Equipment Oil Filter",
            "slug": "motorcraft-original-equipment-oil-filter",
            "short_desc": "Morbi purus libero, faucibus adipiscing, commodo quis, gravida id, est. Sed lectus. Praesent elementum hendrerit tortor. Sed semper lorem at felis. Vestibulum volutpat, lacus a ultrices sagittis, mi neque euismod dui, eu pulvinar nunc sapien",
            "price": 15,
            "sale_price": 8.5,
            "review": 2,
            "ratings": 5,
            "until": null,
            "stock": 100,
            "top": null,
            "featured": null,
            "new": null,
            "author": null,
            "sold": null,
            "category": [
                {
                    "name": "Cars",
                    "slug": "cars"
                },
                {
                    "name": "Filters",
                    "slug": "filters"
                }
            ],
            "brands": [
                {
                    "name": "F&F",
                    "slug": "fandf"
                }
            ],
            "pictures": [
                {
                    "width": "222",
                    "height": "180",
                    "url": "/uploads/1_2_3f46ebf6e9.jpg"
                }
            ],
            "sm_pictures": [
                {
                    "width": "222",
                    "height": "180",
                    "url": "/uploads/1_2_3f46ebf6e9.jpg"
                }
            ],
            "variants": []
        },
        {
            "id": 355,
            "name": "Gold Ceramic Brake Pads - (4-Pad Set)",
            "slug": "gold-ceramic-brake-pads-(4-pad-set)",
            "short_desc": "Morbi purus libero, faucibus adipiscing, commodo quis, gravida id, est. Sed lectus. Praesent elementum hendrerit tortor. Sed semper lorem at felis. Vestibulum volutpat, lacus a ultrices sagittis, mi neque euismod dui, eu pulvinar nunc sapien",
            "price": 65,
            "sale_price": 44.99,
            "review": 3,
            "ratings": 4,
            "until": null,
            "stock": 100,
            "top": null,
            "featured": null,
            "new": null,
            "author": null,
            "sold": null,
            "category": [
                {
                    "name": "Brake",
                    "slug": "brake"
                },
                {
                    "name": "Cars",
                    "slug": "cars"
                }
            ],
            "brands": [
                {
                    "name": "F&F",
                    "slug": "fandf"
                }
            ],
            "pictures": [
                {
                    "width": "222",
                    "height": "180",
                    "url": "/uploads/1_3_5014c1677d.jpg"
                }
            ],
            "sm_pictures": [
                {
                    "width": "222",
                    "height": "180",
                    "url": "/uploads/1_3_5014c1677d.jpg"
                }
            ],
            "variants": []
        },
        {
            "id": 356,
            "name": "Daily Carbon-Fiber Ceramic Brake and Rotor Kit",
            "slug": "daily-carbon-fiber-ceramic-brake-and-rotor-kit",
            "short_desc": "Morbi purus libero, faucibus adipiscing, commodo quis, gravida id, est. Sed lectus. Praesent elementum hendrerit tortor. Sed semper lorem at felis. Vestibulum volutpat, lacus a ultrices sagittis, mi neque euismod dui, eu pulvinar nunc sapien",
            "price": 215.99,
            "sale_price": 135.99,
            "review": 2,
            "ratings": 5,
            "until": null,
            "stock": 100,
            "top": null,
            "featured": null,
            "new": null,
            "author": null,
            "sold": null,
            "category": [
                {
                    "name": "Brake",
                    "slug": "brake"
                },
                {
                    "name": "Cars",
                    "slug": "cars"
                }
            ],
            "brands": [
                {
                    "name": "F&F",
                    "slug": "fandf"
                }
            ],
            "pictures": [
                {
                    "width": "222",
                    "height": "180",
                    "url": "/uploads/1_4_e35aa36d50.jpg"
                }
            ],
            "sm_pictures": [
                {
                    "width": "222",
                    "height": "180",
                    "url": "/uploads/1_4_e35aa36d50.jpg"
                }
            ],
            "variants": []
        },
        {
            "id": 357,
            "name": "Taper Bearing Set",
            "slug": "taper-bearing-set",
            "short_desc": "Morbi purus libero, faucibus adipiscing, commodo quis, gravida id, est. Sed lectus. Praesent elementum hendrerit tortor. Sed semper lorem at felis. Vestibulum volutpat, lacus a ultrices sagittis, mi neque euismod dui, eu pulvinar nunc sapien",
            "price": 15.99,
            "sale_price": 6.99,
            "review": 3,
            "ratings": 5,
            "until": null,
            "stock": 100,
            "top": null,
            "featured": null,
            "new": null,
            "author": null,
            "sold": null,
            "category": [
                {
                    "name": "Cars",
                    "slug": "cars"
                },
                {
                    "name": "Engine",
                    "slug": "engine"
                }
            ],
            "brands": [
                {
                    "name": "F&F",
                    "slug": "fandf"
                }
            ],
            "pictures": [
                {
                    "width": "222",
                    "height": "180",
                    "url": "/uploads/1_5_c54cb2ec28.jpg"
                }
            ],
            "sm_pictures": [
                {
                    "width": "222",
                    "height": "180",
                    "url": "/uploads/1_5_c54cb2ec28.jpg"
                }
            ],
            "variants": []
        },
        {
            "id": 358,
            "name": "12v Compact Battery Jump Starter",
            "slug": "12v-compact-battery-jump-starter",
            "short_desc": "Morbi purus libero, faucibus adipiscing, commodo quis, gravida id, est. Sed lectus. Praesent elementum hendrerit tortor. Sed semper lorem at felis. Vestibulum volutpat, lacus a ultrices sagittis, mi neque euismod dui, eu pulvinar nunc sapien",
            "price": 65.99,
            "sale_price": 53.99,
            "review": 2,
            "ratings": 4,
            "until": null,
            "stock": 100,
            "top": null,
            "featured": null,
            "new": true,
            "author": null,
            "sold": null,
            "category": [
                {
                    "name": "Electronics",
                    "slug": "electronics"
                }
            ],
            "brands": [
                {
                    "name": "F&F",
                    "slug": "fandf"
                }
            ],
            "pictures": [
                {
                    "width": "222",
                    "height": "180",
                    "url": "/uploads/2_1_d50f9aea4d.jpg"
                }
            ],
            "sm_pictures": [
                {
                    "width": "222",
                    "height": "180",
                    "url": "/uploads/2_1_d50f9aea4d.jpg"
                }
            ],
            "variants": []
        },
        {
            "id": 359,
            "name": "Tires. Season: All Season. The TrueContact",
            "slug": "tires.-season:-all-season.-the-truecontact",
            "short_desc": "Morbi purus libero, faucibus adipiscing, commodo quis, gravida id, est. Sed lectus. Praesent elementum hendrerit tortor. Sed semper lorem at felis. Vestibulum volutpat, lacus a ultrices sagittis, mi neque euismod dui, eu pulvinar nunc sapien",
            "price": 102.99,
            "sale_price": null,
            "review": 3,
            "ratings": 5,
            "until": null,
            "stock": 100,
            "top": null,
            "featured": null,
            "new": true,
            "author": null,
            "sold": null,
            "category": [
                {
                    "name": "Cars",
                    "slug": "cars"
                }
            ],
            "brands": [
                {
                    "name": "F&F",
                    "slug": "fandf"
                }
            ],
            "pictures": [
                {
                    "width": "222",
                    "height": "180",
                    "url": "/uploads/2_2_802a4c93a7.jpg"
                }
            ],
            "sm_pictures": [
                {
                    "width": "222",
                    "height": "180",
                    "url": "/uploads/2_2_802a4c93a7.jpg"
                }
            ],
            "variants": []
        },
        {
            "id": 360,
            "name": "Reflex Monotube Shock Aborder",
            "slug": "reflex-monotube-shock-aborder",
            "short_desc": "Morbi purus libero, faucibus adipiscing, commodo quis, gravida id, est. Sed lectus. Praesent elementum hendrerit tortor. Sed semper lorem at felis. Vestibulum volutpat, lacus a ultrices sagittis, mi neque euismod dui, eu pulvinar nunc sapien",
            "price": 64.99,
            "sale_price": null,
            "review": 2,
            "ratings": 4,
            "until": null,
            "stock": 100,
            "top": null,
            "featured": null,
            "new": true,
            "author": null,
            "sold": null,
            "category": [
                {
                    "name": "Cars",
                    "slug": "cars"
                }
            ],
            "brands": [
                {
                    "name": "F&F",
                    "slug": "fandf"
                }
            ],
            "pictures": [
                {
                    "width": "222",
                    "height": "180",
                    "url": "/uploads/2_3_b11df57ccd.jpg"
                }
            ],
            "sm_pictures": [
                {
                    "width": "222",
                    "height": "180",
                    "url": "/uploads/2_3_b11df57ccd.jpg"
                }
            ],
            "variants": []
        },
        {
            "id": 361,
            "name": "Sectras Headlight Bulbs",
            "slug": "sectras-headlight-bulbs",
            "short_desc": "Morbi purus libero, faucibus adipiscing, commodo quis, gravida id, est. Sed lectus. Praesent elementum hendrerit tortor. Sed semper lorem at felis. Vestibulum volutpat, lacus a ultrices sagittis, mi neque euismod dui, eu pulvinar nunc sapien",
            "price": 15.99,
            "sale_price": 11.49,
            "review": 2,
            "ratings": 5,
            "until": null,
            "stock": 100,
            "top": null,
            "featured": null,
            "new": true,
            "author": null,
            "sold": null,
            "category": [
                {
                    "name": "Electronics",
                    "slug": "electronics"
                }
            ],
            "brands": [
                {
                    "name": "F&F",
                    "slug": "fandf"
                }
            ],
            "pictures": [
                {
                    "width": "222",
                    "height": "180",
                    "url": "/uploads/2_4_7b0802ec90.jpg"
                }
            ],
            "sm_pictures": [
                {
                    "width": "222",
                    "height": "180",
                    "url": "/uploads/2_4_7b0802ec90.jpg"
                }
            ],
            "variants": []
        },
        {
            "id": 362,
            "name": "5 Quart Mobil 1 Full Synthetic High Mileage Motor Oil",
            "slug": "5-quart-mobil-1-full-synthetic-high-mileage-motor-oil",
            "short_desc": "Morbi purus libero, faucibus adipiscing, commodo quis, gravida id, est. Sed lectus. Praesent elementum hendrerit tortor. Sed semper lorem at felis. Vestibulum volutpat, lacus a ultrices sagittis, mi neque euismod dui, eu pulvinar nunc sapien",
            "price": 55.99,
            "sale_price": 34.99,
            "review": 3,
            "ratings": 5,
            "until": null,
            "stock": 100,
            "top": null,
            "featured": null,
            "new": true,
            "author": null,
            "sold": null,
            "category": [
                {
                    "name": "Oils",
                    "slug": "oils"
                }
            ],
            "brands": [
                {
                    "name": "F&F",
                    "slug": "fandf"
                }
            ],
            "pictures": [
                {
                    "width": "222",
                    "height": "180",
                    "url": "/uploads/2_5_cc527d7aeb.jpg"
                }
            ],
            "sm_pictures": [
                {
                    "width": "222",
                    "height": "180",
                    "url": "/uploads/2_5_cc527d7aeb.jpg"
                }
            ],
            "variants": []
        }
    ],
    "posts": [
        {
            "id": 150,
            "author": "Jane Doe",
            "comments": "0",
            "content": "Morbi purus libero, faucibus adipiscing, commodo quis, gravida id, est. Sed lectus. Praesent elementum hendrerit tortor. Sed semper lorem at felis. Vestibulum volutpat, lacus a ultrices sagittis, mi neque euismod dui, eu pulvinar nunc sapien",
            "date": "2020-05-27",
            "slug": "sed-adipiscing-ornare-wes.",
            "title": "Sed adipiscing ornare wes.",
            "type": "image",
            "blog_categories": [
                {
                    "name": "Lifestyle",
                    "slug": "lifestyle"
                }
            ],
            "image": [
                {
                    "width": "452",
                    "height": "300",
                    "url": "/uploads/1_8ad8eff836.jpg"
                }
            ]
        },
        {
            "id": 151,
            "author": "Jane Doe",
            "comments": "0",
            "content": "Morbi purus libero, faucibus adipiscing, commodo quis, gravida id, est. Sed lectus. Praesent elementum hendrerit tortor. Sed semper lorem at felis. Vestibulum volutpat, lacus a ultrices sagittis, mi neque euismod dui, eu pulvinar nunc sapien",
            "date": "2020-05-27",
            "slug": "quisque-volutpat-mattis-eros.",
            "title": "Quisque volutpat mattis eros.",
            "type": "image",
            "blog_categories": [
                {
                    "name": "Lifestyle",
                    "slug": "lifestyle"
                }
            ],
            "image": [
                {
                    "width": "452",
                    "height": "300",
                    "url": "/uploads/2_99882e16d7.jpg"
                }
            ]
        },
        {
            "id": 152,
            "author": "John Doe",
            "comments": "0",
            "content": "Morbi purus libero, faucibus adipiscing, commodo quis, gravida id, est. Sed lectus. Praesent elementum hendrerit tortor. Sed semper lorem at felis. Vestibulum volutpat, lacus a ultrices sagittis, mi neque euismod dui, eu pulvinar nunc sapien",
            "date": "2020-05-27",
            "slug": "cras-iaculis-ultricies-nulla-vol.",
            "title": "Cras iaculis ultricies nulla vol.",
            "type": "image",
            "blog_categories": [
                {
                    "name": "Lifestyle",
                    "slug": "lifestyle"
                }
            ],
            "image": [
                {
                    "width": "452",
                    "height": "300",
                    "url": "/uploads/3_d473dad8f3.jpg"
                }
            ]
        }
    ]
}