{
    "products": [
        {
            "id": 321,
            "name": "Almonds (240g)",
            "slug": "almonds-(240g)",
            "short_desc": "Sed egestas, ante et vulputate volutpat, eros pede semper est, vitae luctus metus libero eu augue. Morbi purus libero, faucibus adipiscing. Sed lectus.",
            "price": 8.59,
            "sale_price": null,
            "review": 2,
            "ratings": 4,
            "until": null,
            "stock": 100,
            "top": true,
            "featured": true,
            "new": null,
            "author": null,
            "sold": 24,
            "category": [
                {
                    "name": "Vegetables",
                    "slug": "vegetables"
                }
            ],
            "brands": [
                {
                    "name": "F&F",
                    "slug": "fandf"
                },
                {
                    "name": "UGG",
                    "slug": "ugg"
                }
            ],
            "pictures": [
                {
                    "width": "600",
                    "height": "600",
                    "url": "/uploads/product_6_85061ee852.jpg"
                }
            ],
            "sm_pictures": [
                {
                    "width": "192",
                    "height": "192",
                    "url": "/uploads/6_40e942e6ef.jpg"
                }
            ],
            "variants": []
        },
        {
            "id": 322,
            "name": "Broccoli (each)",
            "slug": "broccoli-(each)",
            "short_desc": "Sed egestas, ante et vulputate volutpat, eros pede semper est, vitae luctus metus libero eu augue. Morbi purus libero, faucibus adipiscing. Sed lectus.",
            "price": 1.59,
            "sale_price": null,
            "review": 2,
            "ratings": 4,
            "until": null,
            "stock": 100,
            "top": true,
            "featured": true,
            "new": null,
            "author": null,
            "sold": 54,
            "category": [
                {
                    "name": "Vegetables",
                    "slug": "vegetables"
                }
            ],
            "brands": [
                {
                    "name": "Nike",
                    "slug": "nike"
                }
            ],
            "pictures": [
                {
                    "width": "600",
                    "height": "600",
                    "url": "/uploads/product_1_ab2229d7b5.jpg"
                }
            ],
            "sm_pictures": [
                {
                    "width": "192",
                    "height": "192",
                    "url": "/uploads/1_fb8937f6f6.jpg"
                }
            ],
            "variants": []
        },
        {
            "id": 323,
            "name": "Rye Bread (800g)",
            "slug": "rye-bread-(800g)",
            "short_desc": "Sed egestas, ante et vulputate volutpat, eros pede semper est, vitae luctus metus libero eu augue. Morbi purus libero, faucibus adipiscing. Sed lectus.",
            "price": 3.99,
            "sale_price": null,
            "review": 2,
            "ratings": 4,
            "until": null,
            "stock": 100,
            "top": true,
            "featured": true,
            "new": null,
            "author": null,
            "sold": 31,
            "category": [
                {
                    "name": "Bakery",
                    "slug": "bakery"
                }
            ],
            "brands": [
                {
                    "name": "Nike",
                    "slug": "nike"
                }
            ],
            "pictures": [
                {
                    "width": "600",
                    "height": "600",
                    "url": "/uploads/product_2_59ca9279f9.jpg"
                }
            ],
            "sm_pictures": [
                {
                    "width": "192",
                    "height": "192",
                    "url": "/uploads/2_b770f68f74.jpg"
                }
            ],
            "variants": []
        },
        {
            "id": 324,
            "name": "Shrimp-jumbo (5lb)",
            "slug": "shrimp-jumbo-(5lb)",
            "short_desc": "Sed egestas, ante et vulputate volutpat, eros pede semper est, vitae luctus metus libero eu augue. Morbi purus libero, faucibus adipiscing. Sed lectus.",
            "price": 42,
            "sale_price": 35.8,
            "review": 2,
            "ratings": 5,
            "until": null,
            "stock": 100,
            "top": true,
            "featured": true,
            "new": null,
            "author": null,
            "sold": 10,
            "category": [
                {
                    "name": "Seafood",
                    "slug": "seafood"
                }
            ],
            "brands": [
                {
                    "name": "New Balance",
                    "slug": "new-balance"
                }
            ],
            "pictures": [
                {
                    "width": "600",
                    "height": "600",
                    "url": "/uploads/product_3_0a6bacb2c9.jpg"
                }
            ],
            "sm_pictures": [
                {
                    "width": "192",
                    "height": "192",
                    "url": "/uploads/3_de736a8d69.jpg"
                }
            ],
            "variants": []
        },
        {
            "id": 325,
            "name": "Tomato (each)",
            "slug": "tomato-(each)",
            "short_desc": "Sed egestas, ante et vulputate volutpat, eros pede semper est, vitae luctus metus libero eu augue. Morbi purus libero, faucibus adipiscing. Sed lectus.",
            "price": 0.59,
            "sale_price": null,
            "review": 2,
            "ratings": 5,
            "until": null,
            "stock": 100,
            "top": true,
            "featured": true,
            "new": null,
            "author": null,
            "sold": 52,
            "category": [
                {
                    "name": "Vegetables",
                    "slug": "vegetables"
                }
            ],
            "brands": [
                {
                    "name": "Nike",
                    "slug": "nike"
                },
                {
                    "name": "F&F",
                    "slug": "fandf"
                }
            ],
            "pictures": [
                {
                    "width": "600",
                    "height": "600",
                    "url": "/uploads/product_4_fbe5fce8eb.jpg"
                }
            ],
            "sm_pictures": [
                {
                    "width": "192",
                    "height": "192",
                    "url": "/uploads/4_a3a0ebcc24.jpg"
                }
            ],
            "variants": []
        },
        {
            "id": 326,
            "name": "Coconut ripe and tasty",
            "slug": "coconut-ripe-and-tasty",
            "short_desc": "Sed egestas, ante et vulputate volutpat, eros pede semper est, vitae luctus metus libero eu augue. Morbi purus libero, faucibus adipiscing. Sed lectus.",
            "price": 42,
            "sale_price": 32.9,
            "review": 2,
            "ratings": 4,
            "until": null,
            "stock": 100,
            "top": null,
            "featured": null,
            "new": null,
            "author": null,
            "sold": 31,
            "category": [
                {
                    "name": "Vegetables",
                    "slug": "vegetables"
                }
            ],
            "brands": [
                {
                    "name": "Nike",
                    "slug": "nike"
                }
            ],
            "pictures": [
                {
                    "width": "600",
                    "height": "600",
                    "url": "/uploads/product_5_f3b6523b93.jpg"
                }
            ],
            "sm_pictures": [
                {
                    "width": "192",
                    "height": "192",
                    "url": "/uploads/5_7490ecd406.jpg"
                }
            ],
            "variants": []
        },
        {
            "id": 327,
            "name": "Rye Bread Piece (800g)",
            "slug": "rye-bread-piece-(800g)",
            "short_desc": "Sed egestas, ante et vulputate volutpat, eros pede semper est, vitae luctus metus libero eu augue. Morbi purus libero, faucibus adipiscing. Sed lectus.",
            "price": 3.99,
            "sale_price": null,
            "review": 2,
            "ratings": 3,
            "until": "2022-06-01",
            "stock": 100,
            "top": null,
            "featured": null,
            "new": null,
            "author": null,
            "sold": 35,
            "category": [
                {
                    "name": "Bakery",
                    "slug": "bakery"
                }
            ],
            "brands": [
                {
                    "name": "Nike",
                    "slug": "nike"
                }
            ],
            "pictures": [
                {
                    "width": "600",
                    "height": "600",
                    "url": "/uploads/product_7_12b69866ba.jpg"
                }
            ],
            "sm_pictures": [
                {
                    "width": "192",
                    "height": "192",
                    "url": "/uploads/7_e26e737e88.jpg"
                }
            ],
            "variants": []
        },
        {
            "id": 328,
            "name": "Shrimp-jumbo grey (5lb)",
            "slug": "shrimp-jumbo-grey-(5lb)",
            "short_desc": "Sed egestas, ante et vulputate volutpat, eros pede semper est, vitae luctus metus libero eu augue. Morbi purus libero, faucibus adipiscing. Sed lectus.",
            "price": 38,
            "sale_price": null,
            "review": 2,
            "ratings": 4,
            "until": "2022-04-01",
            "stock": 100,
            "top": true,
            "featured": null,
            "new": null,
            "author": null,
            "sold": 33,
            "category": [
                {
                    "name": "Seafood",
                    "slug": "seafood"
                }
            ],
            "brands": [
                {
                    "name": "Nike",
                    "slug": "nike"
                }
            ],
            "pictures": [
                {
                    "width": "600",
                    "height": "600",
                    "url": "/uploads/product_8_b9ec9fb764.jpg"
                }
            ],
            "sm_pictures": [
                {
                    "width": "192",
                    "height": "192",
                    "url": "/uploads/8_b7d8433b1a.jpg"
                }
            ],
            "variants": []
        },
        {
            "id": 329,
            "name": "Fresh Mussel (500g)",
            "slug": "fresh-mussel-(500g)",
            "short_desc": "Sed egestas, ante et vulputate volutpat, eros pede semper est, vitae luctus metus libero eu augue. Morbi purus libero, faucibus adipiscing. Sed lectus.",
            "price": 22,
            "sale_price": 12.8,
            "review": 2,
            "ratings": 5,
            "until": null,
            "stock": 100,
            "top": null,
            "featured": true,
            "new": null,
            "author": null,
            "sold": 25,
            "category": [
                {
                    "name": "Seafood",
                    "slug": "seafood"
                }
            ],
            "brands": [
                {
                    "name": "Nike",
                    "slug": "nike"
                }
            ],
            "pictures": [
                {
                    "width": "600",
                    "height": "600",
                    "url": "/uploads/product_9_f10983dae4.jpg"
                }
            ],
            "sm_pictures": [
                {
                    "width": "192",
                    "height": "192",
                    "url": "/uploads/9_50d5e133ff.jpg"
                }
            ],
            "variants": []
        },
        {
            "id": 330,
            "name": "Organic Pure Juice Fresh Pressed Orange-32 fl oz",
            "slug": "organic-pure-juice-fresh-pressed-orange-32-fl-oz",
            "short_desc": "Sed egestas, ante et vulputate volutpat, eros pede semper est, vitae luctus metus libero eu augue. Morbi purus libero, faucibus adipiscing. Sed lectus.",
            "price": 4.89,
            "sale_price": null,
            "review": 2,
            "ratings": 0,
            "until": null,
            "stock": 100,
            "top": null,
            "featured": null,
            "new": null,
            "author": null,
            "sold": 50,
            "category": [
                {
                    "name": "Drinks",
                    "slug": "drinks"
                }
            ],
            "brands": [
                {
                    "name": "Nike",
                    "slug": "nike"
                }
            ],
            "pictures": [
                {
                    "width": "600",
                    "height": "600",
                    "url": "/uploads/product_10_dd5f1c8b96.jpg"
                }
            ],
            "sm_pictures": [
                {
                    "width": "192",
                    "height": "192",
                    "url": "/uploads/10_66558d7dd2.jpg"
                }
            ],
            "variants": []
        },
        {
            "id": 331,
            "name": "Healthy Fried Soya Stick Chips (100g)",
            "slug": "healthy-fried-soya-stick-chips-(100g)",
            "short_desc": "Sed egestas, ante et vulputate volutpat, eros pede semper est, vitae luctus metus libero eu augue. Morbi purus libero, faucibus adipiscing. Sed lectus.",
            "price": 10,
            "sale_price": 2.59,
            "review": 2,
            "ratings": 0,
            "until": null,
            "stock": 100,
            "top": null,
            "featured": true,
            "new": null,
            "author": null,
            "sold": 50,
            "category": [
                {
                    "name": "Bakery",
                    "slug": "bakery"
                }
            ],
            "brands": [
                {
                    "name": "Nike",
                    "slug": "nike"
                }
            ],
            "pictures": [
                {
                    "width": "600",
                    "height": "600",
                    "url": "/uploads/product_11_92dd9bd2e2.jpg"
                }
            ],
            "sm_pictures": [
                {
                    "width": "192",
                    "height": "192",
                    "url": "/uploads/11_a3dc0c4a4e.jpg"
                }
            ],
            "variants": []
        },
        {
            "id": 332,
            "name": "Ripe apricot fruits (540g)",
            "slug": "ripe-apricot-fruits-(540g)",
            "short_desc": "Sed egestas, ante et vulputate volutpat, eros pede semper est, vitae luctus metus libero eu augue. Morbi purus libero, faucibus adipiscing. Sed lectus.",
            "price": 12.99,
            "sale_price": null,
            "review": 2,
            "ratings": 0,
            "until": "2022-04-01",
            "stock": 100,
            "top": true,
            "featured": null,
            "new": null,
            "author": null,
            "sold": 50,
            "category": [
                {
                    "name": "Fruits",
                    "slug": "fruits"
                }
            ],
            "brands": [
                {
                    "name": "Nike",
                    "slug": "nike"
                }
            ],
            "pictures": [
                {
                    "width": "600",
                    "height": "600",
                    "url": "/uploads/product_12_8f10c71ad7.jpg"
                }
            ],
            "sm_pictures": [
                {
                    "width": "192",
                    "height": "192",
                    "url": "/uploads/12_a0ecf3d767.jpg"
                }
            ],
            "variants": []
        }
    ],
    "posts": [
        {
            "id": 142,
            "author": "Jane Doe",
            "comments": "0",
            "content": "Morbi in sem quis dui placerat ornare. Pelle ntesque odio nisi, euismod in, pharetra ultricies in, diam. Sed arcu. ",
            "date": "2018-11-22",
            "slug": "aeneane-dignissim-felis.",
            "title": "Aeneane dignissim felis.",
            "type": "image",
            "blog_categories": [
                {
                    "name": "Lifestyle",
                    "slug": "lifestyle"
                }
            ],
            "image": [
                {
                    "width": "334",
                    "height": "200",
                    "url": "/uploads/1_259440f0d4.jpg"
                }
            ]
        },
        {
            "id": 143,
            "author": "Jane Doe",
            "comments": "0",
            "content": "Lorem ipsum dolor sit amet, consectetuer adipiscing elit. Phasellus hendrerit. Pellentesque aliquet nibh nec urna.",
            "date": "2020-05-12",
            "slug": "fusce-pellentegssque.",
            "title": "Fusce pellentegssque.",
            "type": "image",
            "blog_categories": [
                {
                    "name": "Lifestyle",
                    "slug": "lifestyle"
                }
            ],
            "image": [
                {
                    "width": "334",
                    "height": "200",
                    "url": "/uploads/2_b524abeb30.jpg"
                }
            ]
        },
        {
            "id": 144,
            "author": "Jane Doe",
            "comments": "0",
            "content": "Phasellus hendrerit. Pellentesque aliqunibh  nec urna. In nisi neque, aliquet vel, dapibus id, mattis vel, nisi. Sed pretium ligula ...",
            "date": "2020-05-19",
            "slug": "quisque-asf-lectus.",
            "title": "Quisque asf lectus.",
            "type": "image",
            "blog_categories": [
                {
                    "name": "Lifestyle",
                    "slug": "lifestyle"
                }
            ],
            "image": [
                {
                    "width": "334",
                    "height": "200",
                    "url": "/uploads/3_4d90eed765.jpg"
                }
            ]
        },
        {
            "id": 145,
            "author": "Jane Doe",
            "comments": "0",
            "content": "Sed egestas, ante et vulputate volutpat, eros pede semper est, vitae luctus metus libero eu augue. Morbi purus libero ...",
            "date": "2020-05-19",
            "slug": "morbi-in-sem-quis-duiplafgbcerat.",
            "title": "Morbi in sem quis duiplafgbcerat.",
            "type": "image",
            "blog_categories": [
                {
                    "name": "Lifestyle",
                    "slug": "lifestyle"
                }
            ],
            "image": [
                {
                    "width": "334",
                    "height": "200",
                    "url": "/uploads/4_cb39d17d62.jpg"
                }
            ]
        }
    ]
}