{
    "products": [
        {
            "id": 98,
            "name": "Trainers",
            "slug": "trainers",
            "short_desc": "Morbi purus libero, faucibus adipiscing, commodo quis, gravida id, est. Sed lectus. Praesent elementum hendrerit tortor. Sed semper lorem at felis. Vestibulum volutpat, lacus a ultrices sagittis, mi neque euismod dui, eu pulvinar nunc sapien ornare nisl. Phasellus pede arcu, dapibus eu, ",
            "price": 29.99,
            "sale_price": 19.99,
            "review": 2,
            "ratings": 4,
            "until": null,
            "stock": 203,
            "top": true,
            "featured": true,
            "new": true,
            "author": null,
            "sold": 78,
            "category": [
                {
                    "name": "Clothing",
                    "slug": "clothing"
                },
                {
                    "name": "Men",
                    "slug": "men"
                }
            ],
            "brands": [
                {
                    "name": "Nike",
                    "slug": "nike"
                }
            ],
            "pictures": [
                {
                    "width": "335",
                    "height": "480",
                    "url": "/uploads/2_1_2639891b2f.jpg"
                },
                {
                    "width": "335",
                    "height": "480",
                    "url": "/uploads/2_2_7dc0f060e6.jpg"
                }
            ],
            "sm_pictures": [
                {
                    "width": "335",
                    "height": "480",
                    "url": "/uploads/2_1_2639891b2f.jpg"
                },
                {
                    "width": "335",
                    "height": "480",
                    "url": "/uploads/2_2_7dc0f060e6.jpg"
                }
            ],
            "variants": []
        },
        {
            "id": 146,
            "name": "Cotton Twill Joggers",
            "slug": "cotton-twill-joggers",
            "short_desc": "Morbi purus libero, faucibus adipiscing, commodo quis, gravida id, est. Sed lectus. Praesent elementum hendrerit tortor. Sed semper lorem at felis. Vestibulum volutpat, lacus a ultrices sagittis, mi neque euismod dui, eu pulvinar nunc sapien ",
            "price": 17.99,
            "sale_price": null,
            "review": 2,
            "ratings": 4,
            "until": null,
            "stock": 100,
            "top": null,
            "featured": true,
            "new": true,
            "author": null,
            "sold": null,
            "category": [
                {
                    "name": "Men",
                    "slug": "men"
                },
                {
                    "name": "Clothing",
                    "slug": "clothing"
                }
            ],
            "brands": [
                {
                    "name": "UGG",
                    "slug": "ugg"
                },
                {
                    "name": "Nike",
                    "slug": "nike"
                }
            ],
            "pictures": [
                {
                    "width": "335",
                    "height": "480",
                    "url": "/uploads/4_1_01c4943ac4.jpg"
                },
                {
                    "width": "335",
                    "height": "480",
                    "url": "/uploads/4_2_2558ec32ee.jpg"
                }
            ],
            "sm_pictures": [
                {
                    "width": "335",
                    "height": "480",
                    "url": "/uploads/4_1_01c4943ac4.jpg"
                },
                {
                    "width": "335",
                    "height": "480",
                    "url": "/uploads/4_2_2558ec32ee.jpg"
                }
            ],
            "variants": []
        },
        {
            "id": 153,
            "name": "Elasticated cotton shorts",
            "slug": "elasticated-cotton-shorts",
            "short_desc": "Morbi purus libero, faucibus adipiscing, commodo quis, gravida id, est. Sed lectus. Praesent elementum hendrerit tortor. Sed semper lorem at felis. Vestibulum volutpat, lacus a ultrices sagittis, mi neque euismod dui, eu pulvinar nunc sapien ",
            "price": 30.99,
            "sale_price": 24.99,
            "review": 2,
            "ratings": 4,
            "until": "2022-01-01",
            "stock": 100,
            "top": true,
            "featured": false,
            "new": false,
            "author": null,
            "sold": 56,
            "category": [
                {
                    "name": "Clothing",
                    "slug": "clothing"
                },
                {
                    "name": "Men",
                    "slug": "men"
                }
            ],
            "brands": [
                {
                    "name": "New Balance",
                    "slug": "new-balance"
                },
                {
                    "name": "Nike",
                    "slug": "nike"
                },
                {
                    "name": "F&F",
                    "slug": "fandf"
                }
            ],
            "pictures": [
                {
                    "width": "800",
                    "height": "1089",
                    "url": "/uploads/product_2_1_ef585a9d3a.jpg"
                },
                {
                    "width": "800",
                    "height": "1089",
                    "url": "/uploads/product_2_2_aaba42988b.jpg"
                },
                {
                    "width": "800",
                    "height": "1089",
                    "url": "/uploads/product_2_3_d991dbd243.jpg"
                }
            ],
            "sm_pictures": [
                {
                    "width": "300",
                    "height": "408",
                    "url": "/uploads/product_2_1_300x408_2061def759.jpg"
                },
                {
                    "width": "300",
                    "height": "408",
                    "url": "/uploads/product_2_2_300x408_14ff1ad498.jpg"
                },
                {
                    "width": "300",
                    "height": "408",
                    "url": "/uploads/product_2_3_300x408_d59811e0ab.jpg"
                }
            ],
            "variants": []
        },
        {
            "id": 159,
            "name": "Long-Sleeved blouse",
            "slug": "long-sleeved-blouse",
            "short_desc": "Morbi purus libero, faucibus adipiscing, commodo quis, gravida id, est. Sed lectus. Praesent elementum hendrerit tortor. Sed semper lorem at felis. Vestibulum volutpat, lacus a ultrices sagittis, mi neque euismod dui, eu pulvinar nunc sapien ",
            "price": 84,
            "sale_price": null,
            "review": 2,
            "ratings": 5,
            "until": null,
            "stock": 100,
            "top": false,
            "featured": true,
            "new": true,
            "author": null,
            "sold": null,
            "category": [
                {
                    "name": "Women",
                    "slug": "women"
                },
                {
                    "name": "Clothing",
                    "slug": "clothing"
                }
            ],
            "brands": [
                {
                    "name": "New Balance",
                    "slug": "new-balance"
                }
            ],
            "pictures": [
                {
                    "width": "335",
                    "height": "480",
                    "url": "/uploads/1_1_722fc64ccb.jpg"
                },
                {
                    "width": "335",
                    "height": "480",
                    "url": "/uploads/1_2_35caa0266b.jpg"
                }
            ],
            "sm_pictures": [
                {
                    "width": "335",
                    "height": "480",
                    "url": "/uploads/1_1_01d74d51a5.jpg"
                },
                {
                    "width": "335",
                    "height": "480",
                    "url": "/uploads/1_2_727a69b984.jpg"
                }
            ],
            "variants": [
                {
                    "id": 40,
                    "color": "#3399cc",
                    "color_name": "Blue",
                    "price": 84,
                    "size": [
                        {
                            "id": 101,
                            "name": "Large",
                            "slug": null
                        }
                    ]
                },
                {
                    "id": 39,
                    "color": "#333333",
                    "color_name": "Grey",
                    "price": 80,
                    "size": [
                        {
                            "id": 98,
                            "name": "Medium",
                            "slug": null
                        },
                        {
                            "id": 99,
                            "name": "Large",
                            "slug": null
                        },
                        {
                            "id": 100,
                            "name": "Extra Large",
                            "slug": null
                        }
                    ]
                }
            ]
        },
        {
            "id": 286,
            "name": "Cotton Shirt Slim Fit",
            "slug": "cotton-shirt-slim-fit",
            "short_desc": "Morbi purus libero, faucibus adipiscing, commodo quis, gravida id, est. Sed lectus. Praesent elementum hendrerit tortor. Sed semper lorem at felis. Vestibulum volutpat, lacus a ultrices sagittis, mi neque euismod dui, eu pulvinar nunc sapien ornare nisl. Phasellus pede arcu, dapibus eu, ",
            "price": 19.99,
            "sale_price": null,
            "review": 2,
            "ratings": 4,
            "until": null,
            "stock": 100,
            "top": false,
            "featured": true,
            "new": true,
            "author": null,
            "sold": 66,
            "category": [
                {
                    "name": "Clothing",
                    "slug": "clothing"
                },
                {
                    "name": "Men",
                    "slug": "men"
                },
                {
                    "name": "Fashion & clothing",
                    "slug": "fashion-and-clothing"
                }
            ],
            "brands": [
                {
                    "name": "River Island",
                    "slug": "river-island"
                },
                {
                    "name": "Nike",
                    "slug": "nike"
                }
            ],
            "pictures": [
                {
                    "width": "335",
                    "height": "480",
                    "url": "/uploads/3_1_5ffe80640b.jpg"
                },
                {
                    "width": "335",
                    "height": "480",
                    "url": "/uploads/3_2_bdb88d23de.jpg"
                }
            ],
            "sm_pictures": [
                {
                    "width": "335",
                    "height": "480",
                    "url": "/uploads/3_1_5ffe80640b.jpg"
                },
                {
                    "width": "335",
                    "height": "480",
                    "url": "/uploads/3_2_bdb88d23de.jpg"
                }
            ],
            "variants": []
        },
        {
            "id": 344,
            "name": "Essential Studio Yoga Mat",
            "slug": "essential-studio-yoga-mat",
            "short_desc": "Sed egestas, ante et vulputate volutpat, eros pede semper est, vitae luctus metus libero eu augue. Morbi purus libero, faucibus adipiscing. Sed lectus.",
            "price": 45.99,
            "sale_price": 25.99,
            "review": 2,
            "ratings": 5,
            "until": null,
            "stock": 100,
            "top": null,
            "featured": true,
            "new": true,
            "author": null,
            "sold": null,
            "category": [
                {
                    "name": "Mats",
                    "slug": "mats"
                }
            ],
            "brands": [
                {
                    "name": "Nike",
                    "slug": "nike"
                }
            ],
            "pictures": [
                {
                    "width": "264",
                    "height": "396",
                    "url": "/uploads/9_1_6305edf659.jpg"
                },
                {
                    "width": "264",
                    "height": "396",
                    "url": "/uploads/9_2_98205cdff1.jpg"
                }
            ],
            "sm_pictures": [
                {
                    "width": "264",
                    "height": "396",
                    "url": "/uploads/9_1_0821e771e2.jpg"
                },
                {
                    "width": "264",
                    "height": "396",
                    "url": "/uploads/9_2_8ad5877c3b.jpg"
                }
            ],
            "variants": []
        }
    ],
    "posts": []
}