{
    "products": [
        {
            "id": 163,
            "name": "The North Face Back-Berkeley Remtlz Mesh",
            "slug": "the-north-face-back-berkeley-remtlz-mesh",
            "short_desc": "Morbi purus libero, faucibus adipiscing, commodo quis, gravida id, est. Sed lectus. Praesent elementum hendrerit tortor. Sed semper lorem at felis. Vestibulum volutpat, lacus a ultrices sagittis, mi neque euismod dui, eu pulvinar nunc sapien ",
            "price": 84,
            "sale_price": 50,
            "review": 2,
            "ratings": 5,
            "until": null,
            "stock": 100,
            "top": null,
            "featured": null,
            "new": null,
            "author": null,
            "sold": null,
            "category": [
                {
                    "name": "Boots",
                    "slug": "boots"
                },
                {
                    "name": "Men",
                    "slug": "men"
                }
            ],
            "brands": [
                {
                    "name": "F&F",
                    "slug": "fandf"
                },
                {
                    "name": "UGG",
                    "slug": "ugg"
                }
            ],
            "pictures": [
                {
                    "width": "800",
                    "height": "761",
                    "url": "/uploads/product_1_1_c2199a578f.jpg"
                },
                {
                    "width": "800",
                    "height": "761",
                    "url": "/uploads/product_1_2_e316501019.jpg"
                },
                {
                    "width": "800",
                    "height": "761",
                    "url": "/uploads/product_1_3_b63d0520aa.jpg"
                },
                {
                    "width": "800",
                    "height": "761",
                    "url": "/uploads/product_1_4_15ae722160.jpg"
                }
            ],
            "sm_pictures": [
                {
                    "width": "300",
                    "height": "285",
                    "url": "/uploads/product_1_1_300x285_b0e3718517.jpg"
                },
                {
                    "width": "300",
                    "height": "285",
                    "url": "/uploads/product_1_2_300x285_74c76f8387.jpg"
                },
                {
                    "width": "300",
                    "height": "285",
                    "url": "/uploads/product_1_3_300x285_1671d925cf.jpg"
                },
                {
                    "width": "300",
                    "height": "285",
                    "url": "/uploads/product_1_4_300x285_bf0266aee2.jpg"
                }
            ],
            "variants": []
        },
        {
            "id": 164,
            "name": "Nike Air Zoom Wildhorse 4",
            "slug": "nike-air-zoom-wildhorse-4",
            "short_desc": "Morbi purus libero, faucibus adipiscing, commodo quis, gravida id, est. Sed lectus. Praesent elementum hendrerit tortor. Sed semper lorem at felis. Vestibulum volutpat, lacus a ultrices sagittis, mi neque euismod dui, eu pulvinar nunc sapien ",
            "price": 77.99,
            "sale_price": null,
            "review": 2,
            "ratings": 4,
            "until": null,
            "stock": 100,
            "top": null,
            "featured": null,
            "new": null,
            "author": null,
            "sold": null,
            "category": [
                {
                    "name": "Men",
                    "slug": "men"
                },
                {
                    "name": "Sneakers",
                    "slug": "sneakers"
                }
            ],
            "brands": [
                {
                    "name": "F&F",
                    "slug": "fandf"
                },
                {
                    "name": "Nike",
                    "slug": "nike"
                }
            ],
            "pictures": [
                {
                    "width": "800",
                    "height": "761",
                    "url": "/uploads/product_2_1_d875a0da30.jpg"
                },
                {
                    "width": "800",
                    "height": "761",
                    "url": "/uploads/product_2_2_19448718f3.jpg"
                },
                {
                    "width": "800",
                    "height": "761",
                    "url": "/uploads/product_2_3_8c1f12a3b4.jpg"
                },
                {
                    "width": "800",
                    "height": "761",
                    "url": "/uploads/product_2_4_ec9867cbde.jpg"
                }
            ],
            "sm_pictures": [
                {
                    "width": "300",
                    "height": "285",
                    "url": "/uploads/product_2_1_300x285_d4b2b9c39a.jpg"
                },
                {
                    "width": "300",
                    "height": "285",
                    "url": "/uploads/product_2_2_300x285_f102253d2c.jpg"
                },
                {
                    "width": "300",
                    "height": "285",
                    "url": "/uploads/product_2_3_300x285_4e30ebb918.jpg"
                },
                {
                    "width": "300",
                    "height": "285",
                    "url": "/uploads/product_2_4_300x285_198f80eb8d.jpg"
                }
            ],
            "variants": []
        },
        {
            "id": 165,
            "name": "Eric Michael Joan",
            "slug": "eric-michael-joan",
            "short_desc": "Morbi purus libero, faucibus adipiscing, commodo quis, gravida id, est. Sed lectus. Praesent elementum hendrerit tortor. Sed semper lorem at felis. Vestibulum volutpat, lacus a ultrices sagittis, mi neque euismod dui, eu pulvinar nunc sapien ",
            "price": 35.99,
            "sale_price": null,
            "review": 2,
            "ratings": 4,
            "until": null,
            "stock": 100,
            "top": true,
            "featured": null,
            "new": null,
            "author": null,
            "sold": null,
            "category": [
                {
                    "name": "Sandals",
                    "slug": "sandals"
                },
                {
                    "name": "Women",
                    "slug": "women"
                }
            ],
            "brands": [
                {
                    "name": "F&F",
                    "slug": "fandf"
                },
                {
                    "name": "Nike",
                    "slug": "nike"
                }
            ],
            "pictures": [
                {
                    "width": "800",
                    "height": "761",
                    "url": "/uploads/product_3_1_e4c1d0c9bf.jpg"
                },
                {
                    "width": "800",
                    "height": "761",
                    "url": "/uploads/product_3_2_bf09d94cf1.jpg"
                },
                {
                    "width": "800",
                    "height": "761",
                    "url": "/uploads/product_3_3_fad665861f.jpg"
                },
                {
                    "width": "800",
                    "height": "761",
                    "url": "/uploads/product_3_4_2d804afbeb.jpg"
                }
            ],
            "sm_pictures": [
                {
                    "width": "300",
                    "height": "285",
                    "url": "/uploads/product_3_1_300x285_96245f162a.jpg"
                },
                {
                    "width": "300",
                    "height": "285",
                    "url": "/uploads/product_3_2_300x285_eb72ec6a71.jpg"
                },
                {
                    "width": "300",
                    "height": "285",
                    "url": "/uploads/product_3_3_300x285_5ba7c98db8.jpg"
                },
                {
                    "width": "300",
                    "height": "285",
                    "url": "/uploads/product_3_4_300x285_0a58d518df.jpg"
                }
            ],
            "variants": []
        },
        {
            "id": 166,
            "name": "Nike Air Max Motion Racer",
            "slug": "nike-air-max-motion-racer",
            "short_desc": "Morbi purus libero, faucibus adipiscing, commodo quis, gravida id, est. Sed lectus. Praesent elementum hendrerit tortor. Sed semper lorem at felis. Vestibulum volutpat, lacus a ultrices sagittis, mi neque euismod dui, eu pulvinar nunc sapien ",
            "price": 54.99,
            "sale_price": null,
            "review": 2,
            "ratings": 4,
            "until": "2022-01-01",
            "stock": 0,
            "top": null,
            "featured": null,
            "new": null,
            "author": null,
            "sold": null,
            "category": [
                {
                    "name": "Women",
                    "slug": "women"
                },
                {
                    "name": "Sneakers",
                    "slug": "sneakers"
                }
            ],
            "brands": [
                {
                    "name": "F&F",
                    "slug": "fandf"
                },
                {
                    "name": "Nike",
                    "slug": "nike"
                }
            ],
            "pictures": [
                {
                    "width": "800",
                    "height": "761",
                    "url": "/uploads/product_4_1_2960fb1113.jpg"
                },
                {
                    "width": "800",
                    "height": "761",
                    "url": "/uploads/product_4_2_0acc964e61.jpg"
                },
                {
                    "width": "800",
                    "height": "761",
                    "url": "/uploads/product_4_3_61dbdc63a3.jpg"
                },
                {
                    "width": "800",
                    "height": "761",
                    "url": "/uploads/product_4_4_a59d23a565.jpg"
                }
            ],
            "sm_pictures": [
                {
                    "width": "300",
                    "height": "285",
                    "url": "/uploads/product_4_1_300x285_9e8b08732c.jpg"
                },
                {
                    "width": "300",
                    "height": "285",
                    "url": "/uploads/product_4_2_300x285_d30ecac877.jpg"
                },
                {
                    "width": "300",
                    "height": "285",
                    "url": "/uploads/product_4_3_300x285_e0e3b6dabc.jpg"
                },
                {
                    "width": "300",
                    "height": "285",
                    "url": "/uploads/product_4_4_300x285_76dfb08f07.jpg"
                }
            ],
            "variants": []
        },
        {
            "id": 167,
            "name": "ASICS Tiger Gel-Lyte",
            "slug": "asics-tiger-gel-lyte",
            "short_desc": "Morbi purus libero, faucibus adipiscing, commodo quis, gravida id, est. Sed lectus. Praesent elementum hendrerit tortor. Sed semper lorem at felis. Vestibulum volutpat, lacus a ultrices sagittis, mi neque euismod dui, eu pulvinar nunc sapien ",
            "price": 130,
            "sale_price": 77.99,
            "review": 2,
            "ratings": 4,
            "until": "2022-01-01",
            "stock": 100,
            "top": null,
            "featured": null,
            "new": null,
            "author": null,
            "sold": null,
            "category": [
                {
                    "name": "Sneakers",
                    "slug": "sneakers"
                },
                {
                    "name": "Men",
                    "slug": "men"
                }
            ],
            "brands": [
                {
                    "name": "New Balance",
                    "slug": "new-balance"
                }
            ],
            "pictures": [
                {
                    "width": "800",
                    "height": "761",
                    "url": "/uploads/product_5_1_22bc8a9d98.jpg"
                },
                {
                    "width": "800",
                    "height": "761",
                    "url": "/uploads/product_5_2_23ad068ce5.jpg"
                },
                {
                    "width": "800",
                    "height": "761",
                    "url": "/uploads/product_5_3_d4209e4e5c.jpg"
                },
                {
                    "width": "800",
                    "height": "761",
                    "url": "/uploads/product_5_4_56515c685c.jpg"
                }
            ],
            "sm_pictures": [
                {
                    "width": "300",
                    "height": "285",
                    "url": "/uploads/product_5_1_300x285_0eafee6a70.jpg"
                },
                {
                    "width": "300",
                    "height": "285",
                    "url": "/uploads/product_5_2_300x285_ffe250bd1a.jpg"
                },
                {
                    "width": "300",
                    "height": "285",
                    "url": "/uploads/product_5_3_300x285_080892c1a5.jpg"
                },
                {
                    "width": "300",
                    "height": "285",
                    "url": "/uploads/product_5_4_300x285_92fab0313f.jpg"
                }
            ],
            "variants": [
                {
                    "id": 41,
                    "color": "#f2719c",
                    "color_name": "Pink",
                    "price": 77.99,
                    "size": [
                        {
                            "id": 102,
                            "name": "Small",
                            "slug": null
                        },
                        {
                            "id": 108,
                            "name": "Large",
                            "slug": null
                        }
                    ]
                },
                {
                    "id": 42,
                    "color": "#3399cc",
                    "color_name": "Blue",
                    "price": 67.99,
                    "size": [
                        {
                            "id": 107,
                            "name": "Medium",
                            "slug": null
                        },
                        {
                            "id": 109,
                            "name": "Large",
                            "slug": null
                        },
                        {
                            "id": 103,
                            "name": "Extra Large",
                            "slug": null
                        }
                    ]
                },
                {
                    "id": 43,
                    "color": "#cc3333",
                    "color_name": "Red",
                    "price": 87.99,
                    "size": [
                        {
                            "id": 104,
                            "name": "Small",
                            "slug": null
                        },
                        {
                            "id": 105,
                            "name": "Medium",
                            "slug": null
                        },
                        {
                            "id": 106,
                            "name": "Large",
                            "slug": null
                        }
                    ]
                }
            ]
        },
        {
            "id": 168,
            "name": "Eric Michael Sandra",
            "slug": "eric-michael-sandra",
            "short_desc": "Morbi purus libero, faucibus adipiscing, commodo quis, gravida id, est. Sed lectus. Praesent elementum hendrerit tortor. Sed semper lorem at felis. Vestibulum volutpat, lacus a ultrices sagittis, mi neque euismod dui, eu pulvinar nunc sapien ",
            "price": 42.99,
            "sale_price": null,
            "review": 2,
            "ratings": 4,
            "until": null,
            "stock": 100,
            "top": null,
            "featured": null,
            "new": null,
            "author": null,
            "sold": null,
            "category": [
                {
                    "name": "Sandals",
                    "slug": "sandals"
                },
                {
                    "name": "Women",
                    "slug": "women"
                }
            ],
            "brands": [
                {
                    "name": "River Island",
                    "slug": "river-island"
                }
            ],
            "pictures": [
                {
                    "width": "800",
                    "height": "761",
                    "url": "/uploads/product_6_1_c7ebbbb06f.jpg"
                },
                {
                    "width": "800",
                    "height": "761",
                    "url": "/uploads/product_6_2_47fee0b4b3.jpg"
                },
                {
                    "width": "800",
                    "height": "761",
                    "url": "/uploads/product_6_3_f7df8f2273.jpg"
                },
                {
                    "width": "800",
                    "height": "761",
                    "url": "/uploads/product_6_5_296982e741.jpg"
                }
            ],
            "sm_pictures": [
                {
                    "width": "300",
                    "height": "285",
                    "url": "/uploads/product_6_1_300x285_0880208348.jpg"
                },
                {
                    "width": "300",
                    "height": "285",
                    "url": "/uploads/product_6_2_300x285_ef5453169f.jpg"
                },
                {
                    "width": "300",
                    "height": "285",
                    "url": "/uploads/product_6_3_300x285_1b44559425.jpg"
                },
                {
                    "width": "300",
                    "height": "285",
                    "url": "/uploads/product_6_5_300x285_e24d07c063.jpg"
                }
            ],
            "variants": []
        },
        {
            "id": 169,
            "name": "Jessica Simpson Lucina",
            "slug": "jessica-simpson-lucina",
            "short_desc": "Morbi purus libero, faucibus adipiscing, commodo quis, gravida id, est. Sed lectus. Praesent elementum hendrerit tortor. Sed semper lorem at felis. Vestibulum volutpat, lacus a ultrices sagittis, mi neque euismod dui, eu pulvinar nunc sapien ",
            "price": 19.99,
            "sale_price": null,
            "review": 2,
            "ratings": 0,
            "until": null,
            "stock": 100,
            "top": null,
            "featured": null,
            "new": null,
            "author": null,
            "sold": null,
            "category": [
                {
                    "name": "Heels",
                    "slug": "heels"
                },
                {
                    "name": "Women",
                    "slug": "women"
                }
            ],
            "brands": [
                {
                    "name": "Nike",
                    "slug": "nike"
                }
            ],
            "pictures": [
                {
                    "width": "800",
                    "height": "761",
                    "url": "/uploads/product_7_1_18121ba6ef.jpg"
                },
                {
                    "width": "800",
                    "height": "761",
                    "url": "/uploads/product_7_2_04eddcf251.jpg"
                },
                {
                    "width": "800",
                    "height": "761",
                    "url": "/uploads/product_7_5_1e6e047b62.jpg"
                },
                {
                    "width": "800",
                    "height": "761",
                    "url": "/uploads/product_7_6_196d788eb9.jpg"
                }
            ],
            "sm_pictures": [
                {
                    "width": "300",
                    "height": "285",
                    "url": "/uploads/product_7_1_300x285_b198dc9c80.jpg"
                },
                {
                    "width": "300",
                    "height": "285",
                    "url": "/uploads/product_7_2_300x285_90ff57bdcf.jpg"
                },
                {
                    "width": "300",
                    "height": "285",
                    "url": "/uploads/product_7_5_300x285_1e99a4c046.jpg"
                },
                {
                    "width": "300",
                    "height": "285",
                    "url": "/uploads/product_7_6_300x285_787d80d161.jpg"
                }
            ],
            "variants": [
                {
                    "id": 44,
                    "color": "#a32d50",
                    "color_name": "Pink",
                    "price": 19.99,
                    "size": [
                        {
                            "id": 110,
                            "name": "Small",
                            "slug": null
                        },
                        {
                            "id": 115,
                            "name": "Medium",
                            "slug": null
                        },
                        {
                            "id": 116,
                            "name": "Large",
                            "slug": null
                        },
                        {
                            "id": 117,
                            "name": "Extra Large",
                            "slug": null
                        }
                    ]
                },
                {
                    "id": 45,
                    "color": "#2d5974",
                    "color_name": "Blue",
                    "price": 23.99,
                    "size": [
                        {
                            "id": 111,
                            "name": "Small",
                            "slug": null
                        },
                        {
                            "id": 112,
                            "name": "Medium",
                            "slug": null
                        },
                        {
                            "id": 113,
                            "name": "Large",
                            "slug": null
                        },
                        {
                            "id": 114,
                            "name": "Extra Large",
                            "slug": null
                        }
                    ]
                }
            ]
        },
        {
            "id": 170,
            "name": "Native Shoes Miles Denim Print",
            "slug": "native-shoes-miles-denim-print",
            "short_desc": "Morbi purus libero, faucibus adipiscing, commodo quis, gravida id, est. Sed lectus. Praesent elementum hendrerit tortor. Sed semper lorem at felis. Vestibulum volutpat, lacus a ultrices sagittis, mi neque euismod dui, eu pulvinar nunc sapien ",
            "price": 57.99,
            "sale_price": null,
            "review": 2,
            "ratings": 0,
            "until": null,
            "stock": 100,
            "top": null,
            "featured": null,
            "new": null,
            "author": null,
            "sold": null,
            "category": [
                {
                    "name": "Women",
                    "slug": "women"
                },
                {
                    "name": "Sneakers",
                    "slug": "sneakers"
                },
                {
                    "name": "Men",
                    "slug": "men"
                }
            ],
            "brands": [
                {
                    "name": "Nike",
                    "slug": "nike"
                }
            ],
            "pictures": [
                {
                    "width": "800",
                    "height": "761",
                    "url": "/uploads/product_8_1_77e63534f5.jpg"
                },
                {
                    "width": "800",
                    "height": "761",
                    "url": "/uploads/product_8_2_93f3df89d4.jpg"
                },
                {
                    "width": "800",
                    "height": "761",
                    "url": "/uploads/product_8_6_0c2f2f32e6.jpg"
                },
                {
                    "width": "800",
                    "height": "761",
                    "url": "/uploads/product_8_7_495525e9c9.jpg"
                }
            ],
            "sm_pictures": [
                {
                    "width": "300",
                    "height": "285",
                    "url": "/uploads/product_8_1_300x285_a5855c281e.jpg"
                },
                {
                    "width": "300",
                    "height": "285",
                    "url": "/uploads/product_8_2_300x285_d9b7c4df91.jpg"
                },
                {
                    "width": "300",
                    "height": "285",
                    "url": "/uploads/product_8_6_300x285_b22fe9526e.jpg"
                },
                {
                    "width": "300",
                    "height": "285",
                    "url": "/uploads/product_8_7_300x285_72d8eccdaa.jpg"
                }
            ],
            "variants": []
        },
        {
            "id": 171,
            "name": "The North Face Raedonda Boot Sneaker",
            "slug": "the-north-face-raedonda-boot-sneaker",
            "short_desc": "Morbi purus libero, faucibus adipiscing, commodo quis, gravida id, est. Sed lectus. Praesent elementum hendrerit tortor. Sed semper lorem at felis. Vestibulum volutpat, lacus a ultrices sagittis, mi neque euismod dui, eu pulvinar nunc sapien ",
            "price": 97.99,
            "sale_price": null,
            "review": 2,
            "ratings": 0,
            "until": null,
            "stock": 100,
            "top": null,
            "featured": null,
            "new": null,
            "author": null,
            "sold": null,
            "category": [
                {
                    "name": "Boots",
                    "slug": "boots"
                },
                {
                    "name": "Women",
                    "slug": "women"
                }
            ],
            "brands": [
                {
                    "name": "Nike",
                    "slug": "nike"
                }
            ],
            "pictures": [
                {
                    "width": "800",
                    "height": "761",
                    "url": "/uploads/product_9_1_157bc87337.jpg"
                },
                {
                    "width": "800",
                    "height": "761",
                    "url": "/uploads/product_9_2_6ed3fe54a4.jpg"
                },
                {
                    "width": "800",
                    "height": "761",
                    "url": "/uploads/product_9_3_ca2fb4d930.jpg"
                },
                {
                    "width": "800",
                    "height": "761",
                    "url": "/uploads/product_9_4_3a89d1b6d2.jpg"
                }
            ],
            "sm_pictures": [
                {
                    "width": "300",
                    "height": "285",
                    "url": "/uploads/product_9_1_300x285_5ad48cca6d.jpg"
                },
                {
                    "width": "300",
                    "height": "285",
                    "url": "/uploads/product_9_2_300x285_6ce1c7166e.jpg"
                },
                {
                    "width": "300",
                    "height": "285",
                    "url": "/uploads/product_9_3_300x285_9719cf3560.jpg"
                },
                {
                    "width": "300",
                    "height": "285",
                    "url": "/uploads/product_9_4_300x285_767b09e461.jpg"
                }
            ],
            "variants": []
        },
        {
            "id": 172,
            "name": "Vasque Sundowner GTX",
            "slug": "vasque-sundowner-gtx",
            "short_desc": "Morbi purus libero, faucibus adipiscing, commodo quis, gravida id, est. Sed lectus. Praesent elementum hendrerit tortor. Sed semper lorem at felis. Vestibulum volutpat, lacus a ultrices sagittis, mi neque euismod dui, eu pulvinar nunc sapien ",
            "price": 109.99,
            "sale_price": 70.99,
            "review": 2,
            "ratings": 3,
            "until": "2022-01-01",
            "stock": 100,
            "top": true,
            "featured": null,
            "new": null,
            "author": null,
            "sold": null,
            "category": [
                {
                    "name": "Men",
                    "slug": "men"
                },
                {
                    "name": "Boots",
                    "slug": "boots"
                }
            ],
            "brands": [
                {
                    "name": "Nike",
                    "slug": "nike"
                }
            ],
            "pictures": [
                {
                    "width": "800",
                    "height": "761",
                    "url": "/uploads/product_10_1_5379228818.jpg"
                },
                {
                    "width": "800",
                    "height": "761",
                    "url": "/uploads/product_10_2_bd9b61c822.jpg"
                },
                {
                    "width": "800",
                    "height": "761",
                    "url": "/uploads/product_10_3_469a1b2759.jpg"
                },
                {
                    "width": "800",
                    "height": "761",
                    "url": "/uploads/product_10_4_57cfd21632.jpg"
                }
            ],
            "sm_pictures": [
                {
                    "width": "300",
                    "height": "285",
                    "url": "/uploads/product_10_1_300x285_9f331f0ad9.jpg"
                },
                {
                    "width": "300",
                    "height": "285",
                    "url": "/uploads/product_10_2_300x285_bb9c5a8c37.jpg"
                },
                {
                    "width": "300",
                    "height": "285",
                    "url": "/uploads/product_10_3_300x285_79957583e9.jpg"
                },
                {
                    "width": "300",
                    "height": "285",
                    "url": "/uploads/product_10_4_300x285_288bf47f00.jpg"
                }
            ],
            "variants": []
        },
        {
            "id": 173,
            "name": "Crocs Crocband Clog",
            "slug": "crocs-crocband-clog",
            "short_desc": "Morbi purus libero, faucibus adipiscing, commodo quis, gravida id, est. Sed lectus. Praesent elementum hendrerit tortor. Sed semper lorem at felis. Vestibulum volutpat, lacus a ultrices sagittis, mi neque euismod dui, eu pulvinar nunc sapien ",
            "price": 25.75,
            "sale_price": null,
            "review": 2,
            "ratings": 3,
            "until": null,
            "stock": 100,
            "top": true,
            "featured": null,
            "new": null,
            "author": null,
            "sold": null,
            "category": [
                {
                    "name": "Women",
                    "slug": "women"
                },
                {
                    "name": "Mules",
                    "slug": "mules"
                }
            ],
            "brands": [
                {
                    "name": "Nike",
                    "slug": "nike"
                }
            ],
            "pictures": [
                {
                    "width": "800",
                    "height": "761",
                    "url": "/uploads/product_11_1_acfff3ed65.jpg"
                },
                {
                    "width": "800",
                    "height": "761",
                    "url": "/uploads/product_11_2_66dcba598b.jpg"
                },
                {
                    "width": "800",
                    "height": "761",
                    "url": "/uploads/product_11_3_ab862d5581.jpg"
                },
                {
                    "width": "800",
                    "height": "761",
                    "url": "/uploads/product_11_4_9fbd0cf557.jpg"
                }
            ],
            "sm_pictures": [
                {
                    "width": "300",
                    "height": "285",
                    "url": "/uploads/product_11_1_300x285_d56f6130a6.jpg"
                },
                {
                    "width": "300",
                    "height": "285",
                    "url": "/uploads/product_11_2_300x285_a39ccb98e0.jpg"
                },
                {
                    "width": "300",
                    "height": "285",
                    "url": "/uploads/product_11_3_300x285_f609c43d8b.jpg"
                },
                {
                    "width": "300",
                    "height": "285",
                    "url": "/uploads/product_11_4_300x285_eb9544fcd0.jpg"
                }
            ],
            "variants": []
        },
        {
            "id": 174,
            "name": "Marc Jacobs Sport Sandal",
            "slug": "marc-jacobs-sport-sandal",
            "short_desc": "Morbi purus libero, faucibus adipiscing, commodo quis, gravida id, est. Sed lectus. Praesent elementum hendrerit tortor. Sed semper lorem at felis. Vestibulum volutpat, lacus a ultrices sagittis, mi neque euismod dui, eu pulvinar nunc sapien ",
            "price": 275,
            "sale_price": 125,
            "review": 2,
            "ratings": 4,
            "until": null,
            "stock": 100,
            "top": true,
            "featured": null,
            "new": null,
            "author": null,
            "sold": null,
            "category": [
                {
                    "name": "Heels",
                    "slug": "heels"
                },
                {
                    "name": "Women",
                    "slug": "women"
                }
            ],
            "brands": [
                {
                    "name": "Nike",
                    "slug": "nike"
                }
            ],
            "pictures": [
                {
                    "width": "800",
                    "height": "761",
                    "url": "/uploads/product_12_1_5517da5e94.jpg"
                },
                {
                    "width": "800",
                    "height": "761",
                    "url": "/uploads/product_12_2_998fbac5a9.jpg"
                },
                {
                    "width": "800",
                    "height": "761",
                    "url": "/uploads/product_12_3_a691bf357d.jpg"
                },
                {
                    "width": "800",
                    "height": "761",
                    "url": "/uploads/product_12_4_67104a49bf.jpg"
                }
            ],
            "sm_pictures": [
                {
                    "width": "300",
                    "height": "285",
                    "url": "/uploads/product_12_1_300x285_bce435ab13.jpg"
                },
                {
                    "width": "300",
                    "height": "285",
                    "url": "/uploads/product_12_2_300x285_c5558d1a24.jpg"
                },
                {
                    "width": "300",
                    "height": "285",
                    "url": "/uploads/product_12_3_300x285_eb91452bca.jpg"
                },
                {
                    "width": "300",
                    "height": "285",
                    "url": "/uploads/product_12_4_300x285_e8f94a4f1f.jpg"
                }
            ],
            "variants": []
        },
        {
            "id": 175,
            "name": "Splendid Roselyn II",
            "slug": "splendid-roselyn-ii",
            "short_desc": "Morbi purus libero, faucibus adipiscing, commodo quis, gravida id, est. Sed lectus. Praesent elementum hendrerit tortor. Sed semper lorem at felis. Vestibulum volutpat, lacus a ultrices sagittis, mi neque euismod dui, eu pulvinar nunc sapien ",
            "price": 97.99,
            "sale_price": null,
            "review": 2,
            "ratings": 4,
            "until": null,
            "stock": 100,
            "top": true,
            "featured": null,
            "new": null,
            "author": null,
            "sold": null,
            "category": [
                {
                    "name": "Women",
                    "slug": "women"
                },
                {
                    "name": "Boots",
                    "slug": "boots"
                }
            ],
            "brands": [
                {
                    "name": "Nike",
                    "slug": "nike"
                }
            ],
            "pictures": [
                {
                    "width": "800",
                    "height": "761",
                    "url": "/uploads/product_13_1_89023b2416.jpg"
                },
                {
                    "width": "800",
                    "height": "761",
                    "url": "/uploads/product_13_2_fbb727d09a.jpg"
                },
                {
                    "width": "800",
                    "height": "761",
                    "url": "/uploads/product_13_3_eed22e9038.jpg"
                },
                {
                    "width": "800",
                    "height": "761",
                    "url": "/uploads/product_13_4_cbbc8e5bea.jpg"
                }
            ],
            "sm_pictures": [
                {
                    "width": "300",
                    "height": "285",
                    "url": "/uploads/product_13_1_300x285_34a5bbec3f.jpg"
                },
                {
                    "width": "300",
                    "height": "285",
                    "url": "/uploads/product_13_2_300x285_14eb034794.jpg"
                },
                {
                    "width": "300",
                    "height": "285",
                    "url": "/uploads/product_13_3_300x285_a83d631448.jpg"
                },
                {
                    "width": "300",
                    "height": "285",
                    "url": "/uploads/product_13_4_300x285_d02c83cb52.jpg"
                }
            ],
            "variants": []
        }
    ],
    "posts": [
        {
            "id": 111,
            "author": "John Doe",
            "comments": "3",
            "content": "Phasellus hendrerit. Pellentesque aliquet nibh nec urna. In nisi neque, aliquet vel, dapibus id, mattis vel, nisi.",
            "date": "2020-05-28",
            "slug": "sed-adipiscing-oascrnare.",
            "title": "Sed adipiscing oascrnare.",
            "type": "image",
            "blog_categories": [
                {
                    "name": "Lifestyle",
                    "slug": "lifestyle"
                }
            ],
            "image": [
                {
                    "width": "277",
                    "height": "180",
                    "url": "/uploads/post_1_cb66a7db64.jpg"
                }
            ]
        },
        {
            "id": 112,
            "author": "John Doe",
            "comments": "3",
            "content": "Sed pretium, ligula sollicitudin laoreet viverra, tortor libero sodales leo, eget blandit nunc tortor eu nibh.",
            "date": "2020-09-18",
            "slug": "fusce-lasdvcinia-arcuet-nulla.",
            "title": "Fusce lasdvcinia arcuet nulla.",
            "type": "image",
            "blog_categories": [
                {
                    "name": "Hobbies",
                    "slug": "hobbies"
                },
                {
                    "name": "Fashion",
                    "slug": "fashion"
                }
            ],
            "image": [
                {
                    "width": "277",
                    "height": "180",
                    "url": "/uploads/post_2_fde3d61e07.jpg"
                }
            ]
        },
        {
            "id": 113,
            "author": "John Doe",
            "comments": "3",
            "content": "Pellentesque aliquet nibh nec urna. In nisi neque, aliquet vel, dapibus id, mattis vel, nisi.",
            "date": "2020-05-28",
            "slug": "aliquam-erat-volsdvutpat.",
            "title": "Aliquam erat volsdvutpat.",
            "type": "image",
            "blog_categories": [
                {
                    "name": "Fashion",
                    "slug": "fashion"
                },
                {
                    "name": "Lifestyle",
                    "slug": "lifestyle"
                }
            ],
            "image": [
                {
                    "width": "277",
                    "height": "180",
                    "url": "/uploads/post_3_5122f61303.jpg"
                }
            ]
        },
        {
            "id": 114,
            "author": "John Doe",
            "comments": "3",
            "content": "Sed egestas, ante et vulputate volutpat, eros pede semper est, vitae luctus metus libero eu augue.",
            "date": "2020-05-18",
            "slug": "quisque-a-lectusdvs.",
            "title": "Quisque a lectusdvs.",
            "type": "image",
            "blog_categories": [
                {
                    "name": "Fashion",
                    "slug": "fashion"
                },
                {
                    "name": "Lifestyle",
                    "slug": "lifestyle"
                }
            ],
            "image": [
                {
                    "width": "277",
                    "height": "180",
                    "url": "/uploads/post_4_c8845ac865.jpg"
                }
            ]
        }
    ]
}