{
    "products": [
        {
            "id": 176,
            "name": "Roots Sofa Bed Grey",
            "slug": "roots-sofa-bed-grey",
            "short_desc": "Morbi purus libero, faucibus adipiscing, commodo quis, gravida id, est. Sed lectus. Praesent elementum hendrerit tortor. Sed semper lorem at felis. Vestibulum volutpat, lacus a ultrices sagittis, mi neque euismod dui, eu pulvinar nunc sapien ",
            "price": 189,
            "sale_price": null,
            "review": 2,
            "ratings": 4,
            "until": null,
            "stock": 100,
            "top": null,
            "featured": null,
            "new": null,
            "author": null,
            "sold": null,
            "category": [
                {
                    "name": "Accessories",
                    "slug": "accessories"
                },
                {
                    "name": "Sofas",
                    "slug": "sofas"
                }
            ],
            "brands": [
                {
                    "name": "F&F",
                    "slug": "fandf"
                },
                {
                    "name": "UGG",
                    "slug": "ugg"
                }
            ],
            "pictures": [
                {
                    "width": "800",
                    "height": "800",
                    "url": "/uploads/product_1_1_cc8bd0e71d.jpg"
                },
                {
                    "width": "800",
                    "height": "800",
                    "url": "/uploads/product_1_2_a8ba8b4258.jpg"
                },
                {
                    "width": "800",
                    "height": "800",
                    "url": "/uploads/product_1_3_e4f4fc7cd5.jpg"
                },
                {
                    "width": "800",
                    "height": "800",
                    "url": "/uploads/product_1_4_454bfc5965.jpg"
                }
            ],
            "sm_pictures": [
                {
                    "width": "300",
                    "height": "300",
                    "url": "/uploads/product_1_1_300x300_0b867cb2eb.jpg"
                },
                {
                    "width": "300",
                    "height": "300",
                    "url": "/uploads/product_1_2_300x300_133eaa538c.jpg"
                },
                {
                    "width": "300",
                    "height": "300",
                    "url": "/uploads/product_1_3_300x300_e6b174f70e.jpg"
                },
                {
                    "width": "300",
                    "height": "300",
                    "url": "/uploads/product_1_4_300x300_21fb956b8c.jpg"
                }
            ],
            "variants": []
        },
        {
            "id": 177,
            "name": "Sony - Class LED 2160p Smart 4K Ultra HD\"",
            "slug": "sony-class-led-2160p-smart-4k-ultra-hd\"",
            "short_desc": "Morbi purus libero, faucibus adipiscing, commodo quis, gravida id, est. Sed lectus. Praesent elementum hendrerit tortor. Sed semper lorem at felis. Vestibulum volutpat, lacus a ultrices sagittis, mi neque euismod dui, eu pulvinar nunc sapien ",
            "price": 999.99,
            "sale_price": null,
            "review": 2,
            "ratings": 4,
            "until": null,
            "stock": 0,
            "top": true,
            "featured": null,
            "new": null,
            "author": null,
            "sold": null,
            "category": [
                {
                    "name": "Electronics",
                    "slug": "electronics"
                },
                {
                    "name": "TV",
                    "slug": "tv"
                },
                {
                    "name": "Accessories",
                    "slug": "accessories"
                }
            ],
            "brands": [
                {
                    "name": "F&F",
                    "slug": "fandf"
                },
                {
                    "name": "Nike",
                    "slug": "nike"
                }
            ],
            "pictures": [
                {
                    "width": "792",
                    "height": "800",
                    "url": "/uploads/product_2_1_a05c9263c0.jpg"
                }
            ],
            "sm_pictures": [
                {
                    "width": "297",
                    "height": "300",
                    "url": "/uploads/product_2_1_297x300_ca64300100.jpg"
                }
            ],
            "variants": []
        },
        {
            "id": 178,
            "name": "The suede biker jacket",
            "slug": "the-suede-biker-jacket",
            "short_desc": "Morbi purus libero, faucibus adipiscing, commodo quis, gravida id, est. Sed lectus. Praesent elementum hendrerit tortor. Sed semper lorem at felis. Vestibulum volutpat, lacus a ultrices sagittis, mi neque euismod dui, eu pulvinar nunc sapien ",
            "price": 310,
            "sale_price": 240,
            "review": 2,
            "ratings": 4,
            "until": "2022-04-01",
            "stock": 100,
            "top": true,
            "featured": null,
            "new": true,
            "author": null,
            "sold": null,
            "category": [
                {
                    "name": "Accessories",
                    "slug": "accessories"
                },
                {
                    "name": "Clothing",
                    "slug": "clothing"
                }
            ],
            "brands": [
                {
                    "name": "F&F",
                    "slug": "fandf"
                },
                {
                    "name": "Nike",
                    "slug": "nike"
                }
            ],
            "pictures": [
                {
                    "width": "792",
                    "height": "800",
                    "url": "/uploads/product_3_1_59c2789281.jpg"
                }
            ],
            "sm_pictures": [
                {
                    "width": "297",
                    "height": "300",
                    "url": "/uploads/product_3_1_297x300_31824ffdae.jpg"
                }
            ],
            "variants": []
        },
        {
            "id": 179,
            "name": "Black boucle check scarf",
            "slug": "black-boucle-check-scarf",
            "short_desc": "Morbi purus libero, faucibus adipiscing, commodo quis, gravida id, est. Sed lectus. Praesent elementum hendrerit tortor. Sed semper lorem at felis. Vestibulum volutpat, lacus a ultrices sagittis, mi neque euismod dui, eu pulvinar nunc sapien ",
            "price": 36,
            "sale_price": 30,
            "review": 2,
            "ratings": 4,
            "until": "2022-04-01",
            "stock": 0,
            "top": null,
            "featured": true,
            "new": null,
            "author": null,
            "sold": null,
            "category": [
                {
                    "name": "Accessories",
                    "slug": "accessories"
                },
                {
                    "name": "Clothing",
                    "slug": "clothing"
                }
            ],
            "brands": [
                {
                    "name": "F&F",
                    "slug": "fandf"
                },
                {
                    "name": "Nike",
                    "slug": "nike"
                }
            ],
            "pictures": [
                {
                    "width": "792",
                    "height": "800",
                    "url": "/uploads/product_4_1_9c4d07d07e.jpg"
                }
            ],
            "sm_pictures": [
                {
                    "width": "297",
                    "height": "300",
                    "url": "/uploads/product_4_1_297x300_aa311a8404.jpg"
                }
            ],
            "variants": []
        },
        {
            "id": 180,
            "name": "Beige faux suede runner trainers",
            "slug": "beige-faux-suede-runner-trainers",
            "short_desc": "Morbi purus libero, faucibus adipiscing, commodo quis, gravida id, est. Sed lectus. Praesent elementum hendrerit tortor. Sed semper lorem at felis. Vestibulum volutpat, lacus a ultrices sagittis, mi neque euismod dui, eu pulvinar nunc sapien ",
            "price": 64,
            "sale_price": null,
            "review": 2,
            "ratings": 4,
            "until": null,
            "stock": 100,
            "top": true,
            "featured": null,
            "new": null,
            "author": null,
            "sold": null,
            "category": [
                {
                    "name": "Clothing",
                    "slug": "clothing"
                },
                {
                    "name": "Accessories",
                    "slug": "accessories"
                },
                {
                    "name": "Shoes",
                    "slug": "shoes"
                }
            ],
            "brands": [
                {
                    "name": "New Balance",
                    "slug": "new-balance"
                }
            ],
            "pictures": [
                {
                    "width": "792",
                    "height": "800",
                    "url": "/uploads/product_5_1_c9b66abfb9.jpg"
                }
            ],
            "sm_pictures": [
                {
                    "width": "297",
                    "height": "300",
                    "url": "/uploads/product_5_1_297x300_95f3f1cca1.jpg"
                }
            ],
            "variants": []
        },
        {
            "id": 181,
            "name": "Tripe compartment cross body bag",
            "slug": "tripe-compartment-cross-body-bag",
            "short_desc": "Morbi purus libero, faucibus adipiscing, commodo quis, gravida id, est. Sed lectus. Praesent elementum hendrerit tortor. Sed semper lorem at felis. Vestibulum volutpat, lacus a ultrices sagittis, mi neque euismod dui, eu pulvinar nunc sapien ",
            "price": 64,
            "sale_price": null,
            "review": 2,
            "ratings": 4,
            "until": null,
            "stock": 100,
            "top": true,
            "featured": true,
            "new": null,
            "author": null,
            "sold": null,
            "category": [
                {
                    "name": "Clothing",
                    "slug": "clothing"
                },
                {
                    "name": "Bags",
                    "slug": "bags"
                }
            ],
            "brands": [
                {
                    "name": "River Island",
                    "slug": "river-island"
                }
            ],
            "pictures": [
                {
                    "width": "792",
                    "height": "800",
                    "url": "/uploads/product_6_1_01300afc15.jpg"
                }
            ],
            "sm_pictures": [
                {
                    "width": "297",
                    "height": "300",
                    "url": "/uploads/product_6_1_297x300_938369c480.jpg"
                }
            ],
            "variants": []
        },
        {
            "id": 182,
            "name": "Red stripe tie front shirt",
            "slug": "red-stripe-tie-front-shirt",
            "short_desc": "Morbi purus libero, faucibus adipiscing, commodo quis, gravida id, est. Sed lectus. Praesent elementum hendrerit tortor. Sed semper lorem at felis. Vestibulum volutpat, lacus a ultrices sagittis, mi neque euismod dui, eu pulvinar nunc sapien ",
            "price": 56,
            "sale_price": null,
            "review": 2,
            "ratings": 4,
            "until": null,
            "stock": 100,
            "top": true,
            "featured": null,
            "new": null,
            "author": null,
            "sold": null,
            "category": [
                {
                    "name": "Shirts",
                    "slug": "shirts"
                },
                {
                    "name": "Clothing",
                    "slug": "clothing"
                }
            ],
            "brands": [
                {
                    "name": "Nike",
                    "slug": "nike"
                }
            ],
            "pictures": [
                {
                    "width": "792",
                    "height": "800",
                    "url": "/uploads/product_7_1_ef8016fcb7.jpg"
                }
            ],
            "sm_pictures": [
                {
                    "width": "297",
                    "height": "300",
                    "url": "/uploads/product_7_1_297x300_70a5a41e8c.jpg"
                }
            ],
            "variants": []
        },
        {
            "id": 183,
            "name": "Neato Robotics",
            "slug": "neato-robotics",
            "short_desc": "Sed egestas, ante et vulputate volutpat, eros pede semper est, vitae luctus metus libero eu augue. Morbi purus libero, faucibus adipiscing. Sed lectus.",
            "price": 399,
            "sale_price": null,
            "review": 2,
            "ratings": 4,
            "until": null,
            "stock": 100,
            "top": null,
            "featured": null,
            "new": null,
            "author": null,
            "sold": null,
            "category": [
                {
                    "name": "Accessories",
                    "slug": "accessories"
                },
                {
                    "name": "Audio",
                    "slug": "audio"
                },
                {
                    "name": "Electronics",
                    "slug": "electronics"
                }
            ],
            "brands": [
                {
                    "name": "Nike",
                    "slug": "nike"
                }
            ],
            "pictures": [
                {
                    "width": "792",
                    "height": "800",
                    "url": "/uploads/product_8_1_b254cb2f66.jpg"
                }
            ],
            "sm_pictures": [
                {
                    "width": "297",
                    "height": "300",
                    "url": "/uploads/product_8_1_297x300_574af5659d.jpg"
                }
            ],
            "variants": []
        },
        {
            "id": 184,
            "name": "Butler Stool Ladder Yellow",
            "slug": "butler-stool-ladder-yellow",
            "short_desc": "Morbi purus libero, faucibus adipiscing, commodo quis, gravida id, est. Sed lectus. Praesent elementum hendrerit tortor. Sed semper lorem at felis. Vestibulum volutpat, lacus a ultrices sagittis, mi neque euismod dui, eu pulvinar nunc sapien ",
            "price": 290.99,
            "sale_price": 251.99,
            "review": 2,
            "ratings": 4,
            "until": null,
            "stock": 100,
            "top": true,
            "featured": true,
            "new": null,
            "author": null,
            "sold": 54,
            "category": [
                {
                    "name": "Chairs",
                    "slug": "chairs"
                },
                {
                    "name": "Furniture",
                    "slug": "furniture"
                }
            ],
            "brands": [
                {
                    "name": "Nike",
                    "slug": "nike"
                }
            ],
            "pictures": [
                {
                    "width": "800",
                    "height": "800",
                    "url": "/uploads/product_9_1_b9dcb2dd97.jpg"
                },
                {
                    "width": "800",
                    "height": "800",
                    "url": "/uploads/product_9_2_29671b6194.jpg"
                }
            ],
            "sm_pictures": [
                {
                    "width": "300",
                    "height": "300",
                    "url": "/uploads/product_9_1_300x300_3a2633ec85.jpg"
                },
                {
                    "width": "300",
                    "height": "300",
                    "url": "/uploads/product_9_2_300x300_734cced114.jpg"
                }
            ],
            "variants": []
        },
        {
            "id": 185,
            "name": "Can 2-Seater Sofa Frame charcoal",
            "slug": "can-2-seater-sofa-frame-charcoal",
            "short_desc": "Morbi purus libero, faucibus adipiscing, commodo quis, gravida id, est. Sed lectus. Praesent elementum hendrerit tortor. Sed semper lorem at felis. Vestibulum volutpat, lacus a ultrices sagittis, mi neque euismod dui, eu pulvinar nunc sapien ",
            "price": 320,
            "sale_price": null,
            "review": 2,
            "ratings": 3,
            "until": null,
            "stock": 100,
            "top": true,
            "featured": null,
            "new": null,
            "author": null,
            "sold": null,
            "category": [
                {
                    "name": "Sofas",
                    "slug": "sofas"
                },
                {
                    "name": "Furniture",
                    "slug": "furniture"
                }
            ],
            "brands": [
                {
                    "name": "Nike",
                    "slug": "nike"
                }
            ],
            "pictures": [
                {
                    "width": "800",
                    "height": "800",
                    "url": "/uploads/product_10_1_32eb17e8b8.jpg"
                },
                {
                    "width": "800",
                    "height": "800",
                    "url": "/uploads/product_10_2_ddcfb6e20c.jpg"
                }
            ],
            "sm_pictures": [
                {
                    "width": "300",
                    "height": "300",
                    "url": "/uploads/product_10_1_300x300_83f1bec10f.jpg"
                },
                {
                    "width": "300",
                    "height": "300",
                    "url": "/uploads/product_10_2_300x300_3f0f9c9436.jpg"
                }
            ],
            "variants": [
                {
                    "id": 47,
                    "color": "#ebebeb",
                    "color_name": "Grey",
                    "price": 280,
                    "size": [
                        {
                            "id": 119,
                            "name": "Large",
                            "slug": null
                        },
                        {
                            "id": 120,
                            "name": "Extra Large",
                            "slug": null
                        }
                    ]
                },
                {
                    "id": 46,
                    "color": "#cc9966",
                    "color_name": "Brown",
                    "price": 320,
                    "size": [
                        {
                            "id": 118,
                            "name": "Small",
                            "slug": null
                        },
                        {
                            "id": 122,
                            "name": "Medium",
                            "slug": null
                        },
                        {
                            "id": 121,
                            "name": "Large",
                            "slug": null
                        },
                        {
                            "id": 123,
                            "name": "Extra Large",
                            "slug": null
                        }
                    ]
                }
            ]
        },
        {
            "id": 186,
            "name": "Bose - SoundSport wireless headphones Blue",
            "slug": "bose-soundsport-wireless-headphones-blue",
            "short_desc": "Morbi purus libero, faucibus adipiscing, commodo quis, gravida id, est. Sed lectus. Praesent elementum hendrerit tortor. Sed semper lorem at felis. Vestibulum volutpat, lacus a ultrices sagittis, mi neque euismod dui, eu pulvinar nunc sapien ",
            "price": 199,
            "sale_price": 179,
            "review": 2,
            "ratings": 3,
            "until": "2022-04-01",
            "stock": 100,
            "top": true,
            "featured": true,
            "new": null,
            "author": null,
            "sold": 98,
            "category": [
                {
                    "name": "Electronics",
                    "slug": "electronics"
                },
                {
                    "name": "Accessories",
                    "slug": "accessories"
                },
                {
                    "name": "Audio",
                    "slug": "audio"
                },
                {
                    "name": "Shoes",
                    "slug": "shoes"
                },
                {
                    "name": "Cell Phone",
                    "slug": "cell-phone"
                },
                {
                    "name": "TV",
                    "slug": "tv"
                }
            ],
            "brands": [
                {
                    "name": "Nike",
                    "slug": "nike"
                }
            ],
            "pictures": [
                {
                    "width": "792",
                    "height": "800",
                    "url": "/uploads/product_11_1_42870b5161.jpg"
                }
            ],
            "sm_pictures": [
                {
                    "width": "297",
                    "height": "300",
                    "url": "/uploads/product_11_1_297x300_750a96beea.jpg"
                }
            ],
            "variants": []
        },
        {
            "id": 187,
            "name": "MacBook Pro 13\" Display i5",
            "slug": "macbook-pro-13\"-display-i5",
            "short_desc": "Morbi purus libero, faucibus adipiscing, commodo quis, gravida id, est. Sed lectus. Praesent elementum hendrerit tortor. Sed semper lorem at felis. Vestibulum volutpat, lacus a ultrices sagittis, mi neque euismod dui, eu pulvinar nunc sapien ",
            "price": 1199.99,
            "sale_price": null,
            "review": 2,
            "ratings": 5,
            "until": null,
            "stock": 100,
            "top": null,
            "featured": true,
            "new": null,
            "author": null,
            "sold": null,
            "category": [
                {
                    "name": "Computer & Laptop",
                    "slug": "computer-and-laptop"
                },
                {
                    "name": "Electronics",
                    "slug": "electronics"
                }
            ],
            "brands": [
                {
                    "name": "Nike",
                    "slug": "nike"
                }
            ],
            "pictures": [
                {
                    "width": "792",
                    "height": "800",
                    "url": "/uploads/product_12_1_9883d7ced8.jpg"
                }
            ],
            "sm_pictures": [
                {
                    "width": "297",
                    "height": "300",
                    "url": "/uploads/product_12_1_297x300_81b9c194c1.jpg"
                }
            ],
            "variants": []
        },
        {
            "id": 188,
            "name": "Apple - 11 Inch iPad with Wi-Fi 256GB",
            "slug": "apple-11-inch-ipad-with-wi-fi-256gb",
            "short_desc": "Morbi purus libero, faucibus adipiscing, commodo quis, gravida id, est. Sed lectus. Praesent elementum hendrerit tortor. Sed semper lorem at felis. Vestibulum volutpat, lacus a ultrices sagittis, mi neque euismod dui, eu pulvinar nunc sapien ",
            "price": 899.99,
            "sale_price": null,
            "review": 2,
            "ratings": 4,
            "until": null,
            "stock": 100,
            "top": true,
            "featured": null,
            "new": true,
            "author": null,
            "sold": 48,
            "category": [
                {
                    "name": "Tablets",
                    "slug": "tablets"
                },
                {
                    "name": "Electronics",
                    "slug": "electronics"
                },
                {
                    "name": "Computers",
                    "slug": "computers"
                },
                {
                    "name": "Cell Phone",
                    "slug": "cell-phone"
                },
                {
                    "name": "TV",
                    "slug": "tv"
                }
            ],
            "brands": [
                {
                    "name": "Nike",
                    "slug": "nike"
                }
            ],
            "pictures": [
                {
                    "width": "792",
                    "height": "800",
                    "url": "/uploads/product_13_1_ce4a7c33ab.jpg"
                }
            ],
            "sm_pictures": [
                {
                    "width": "297",
                    "height": "300",
                    "url": "/uploads/product_13_1_297x300_c7e8ae3348.jpg"
                }
            ],
            "variants": []
        },
        {
            "id": 189,
            "name": "Bose - SoundLink bluetooth Speaker",
            "slug": "bose-soundlink-bluetooth-speaker",
            "short_desc": "Morbi purus libero, faucibus adipiscing, commodo quis, gravida id, est. Sed lectus. Praesent elementum hendrerit tortor. Sed semper lorem at felis. Vestibulum volutpat, lacus a ultrices sagittis, mi neque euismod dui, eu pulvinar nunc sapien ",
            "price": 79.99,
            "sale_price": null,
            "review": 2,
            "ratings": 4,
            "until": null,
            "stock": 100,
            "top": null,
            "featured": true,
            "new": null,
            "author": null,
            "sold": 33,
            "category": [
                {
                    "name": "Audio",
                    "slug": "audio"
                },
                {
                    "name": "Electronics",
                    "slug": "electronics"
                }
            ],
            "brands": [
                {
                    "name": "Nike",
                    "slug": "nike"
                }
            ],
            "pictures": [
                {
                    "width": "792",
                    "height": "800",
                    "url": "/uploads/product_14_1_d5c7d14711.jpg"
                }
            ],
            "sm_pictures": [
                {
                    "width": "297",
                    "height": "300",
                    "url": "/uploads/product_14_1_297x300_662ad2bbb6.jpg"
                }
            ],
            "variants": []
        },
        {
            "id": 190,
            "name": "Google - Pixel 3 XL 128GB",
            "slug": "google-pixel-3-xl-128gb",
            "short_desc": "Morbi purus libero, faucibus adipiscing, commodo quis, gravida id, est. Sed lectus. Praesent elementum hendrerit tortor. Sed semper lorem at felis. Vestibulum volutpat, lacus a ultrices sagittis, mi neque euismod dui, eu pulvinar nunc sapien ",
            "price": 410,
            "sale_price": 350,
            "review": 2,
            "ratings": 5,
            "until": null,
            "stock": 100,
            "top": null,
            "featured": true,
            "new": null,
            "author": null,
            "sold": 34,
            "category": [
                {
                    "name": "Electronics",
                    "slug": "electronics"
                },
                {
                    "name": "Smart Phones",
                    "slug": "smart-phones"
                }
            ],
            "brands": [
                {
                    "name": "Nike",
                    "slug": "nike"
                }
            ],
            "pictures": [
                {
                    "width": "792",
                    "height": "800",
                    "url": "/uploads/product_15_1_d5c51ce960.jpg"
                }
            ],
            "sm_pictures": [
                {
                    "width": "297",
                    "height": "300",
                    "url": "/uploads/product_15_1_297x300_76ef45691c.jpg"
                }
            ],
            "variants": []
        },
        {
            "id": 191,
            "name": "Flow Slim Armchair Low",
            "slug": "flow-slim-armchair-low",
            "short_desc": "Morbi purus libero, faucibus adipiscing, commodo quis, gravida id, est. Sed lectus. Praesent elementum hendrerit tortor. Sed semper lorem at felis. Vestibulum volutpat, lacus a ultrices sagittis, mi neque euismod dui, eu pulvinar nunc sapien ",
            "price": 820,
            "sale_price": 737,
            "review": 2,
            "ratings": 5,
            "until": null,
            "stock": 100,
            "top": null,
            "featured": true,
            "new": null,
            "author": null,
            "sold": null,
            "category": [
                {
                    "name": "Furniture",
                    "slug": "furniture"
                },
                {
                    "name": "Chairs",
                    "slug": "chairs"
                }
            ],
            "brands": [
                {
                    "name": "Nike",
                    "slug": "nike"
                }
            ],
            "pictures": [
                {
                    "width": "768",
                    "height": "768",
                    "url": "/uploads/product_16_1_fa27fc8e2c.jpg"
                },
                {
                    "width": "2000",
                    "height": "2000",
                    "url": "/uploads/product_16_2_4806d59069.jpg"
                },
                {
                    "width": "2000",
                    "height": "2000",
                    "url": "/uploads/product_16_3_97b1322a0e.jpg"
                }
            ],
            "sm_pictures": [
                {
                    "width": "300",
                    "height": "300",
                    "url": "/uploads/product_16_1_300x300_efa3f80358.jpg"
                },
                {
                    "width": "300",
                    "height": "300",
                    "url": "/uploads/product_16_2_300x300_8edaedee3d.jpg"
                },
                {
                    "width": "300",
                    "height": "300",
                    "url": "/uploads/product_16_3_300x300_b49d8e15aa.jpg"
                }
            ],
            "variants": []
        },
        {
            "id": 192,
            "name": "Windback chair Pink",
            "slug": "windback-chair-pink",
            "short_desc": "Morbi purus libero, faucibus adipiscing, commodo quis, gravida id, est. Sed lectus. Praesent elementum hendrerit tortor. Sed semper lorem at felis. Vestibulum volutpat, lacus a ultrices sagittis, mi neque euismod dui, eu pulvinar nunc sapien ",
            "price": 200,
            "sale_price": null,
            "review": 2,
            "ratings": 5,
            "until": null,
            "stock": 100,
            "top": null,
            "featured": true,
            "new": null,
            "author": null,
            "sold": null,
            "category": [
                {
                    "name": "Chairs",
                    "slug": "chairs"
                },
                {
                    "name": "Furniture",
                    "slug": "furniture"
                }
            ],
            "brands": [
                {
                    "name": "Nike",
                    "slug": "nike"
                }
            ],
            "pictures": [
                {
                    "width": "1503",
                    "height": "1503",
                    "url": "/uploads/product_17_2_7d37af890e.jpg"
                },
                {
                    "width": "2000",
                    "height": "2000",
                    "url": "/uploads/product_17_1_8cc62f87ec.jpg"
                }
            ],
            "sm_pictures": [
                {
                    "width": "300",
                    "height": "300",
                    "url": "/uploads/product_17_2_300x300_06241da4d7.jpg"
                },
                {
                    "width": "300",
                    "height": "300",
                    "url": "/uploads/product_17_1_300x300_0779829de7.jpg"
                }
            ],
            "variants": []
        },
        {
            "id": 193,
            "name": "Oxford granded shirt",
            "slug": "oxford-granded-shirt",
            "short_desc": "Morbi purus libero, faucibus adipiscing, commodo quis, gravida id, est. Sed lectus. Praesent elementum hendrerit tortor. Sed semper lorem at felis. Vestibulum volutpat, lacus a ultrices sagittis, mi neque euismod dui, eu pulvinar nunc sapien ",
            "price": 44,
            "sale_price": null,
            "review": 2,
            "ratings": 4,
            "until": null,
            "stock": 0,
            "top": null,
            "featured": null,
            "new": null,
            "author": null,
            "sold": null,
            "category": [
                {
                    "name": "Shirts",
                    "slug": "shirts"
                },
                {
                    "name": "Clothing",
                    "slug": "clothing"
                }
            ],
            "brands": [
                {
                    "name": "Nike",
                    "slug": "nike"
                }
            ],
            "pictures": [
                {
                    "width": "792",
                    "height": "800",
                    "url": "/uploads/product_20_1_1c3260b3c6.jpg"
                }
            ],
            "sm_pictures": [
                {
                    "width": "297",
                    "height": "300",
                    "url": "/uploads/product_20_1_297x300_574187d9dc.jpg"
                }
            ],
            "variants": []
        },
        {
            "id": 200,
            "name": "Cuisinart French Classic 3 Piece",
            "slug": "cuisinart-french-classic-3-piece",
            "short_desc": "Morbi purus libero, faucibus adipiscing, commodo quis, gravida id, est. Sed lectus. Praesent elementum hendrerit tortor. Sed semper lorem at felis. Vestibulum volutpat, lacus a ultrices sagittis, mi neque euismod dui, eu pulvinar nunc sapien ",
            "price": 44.99,
            "sale_price": null,
            "review": 2,
            "ratings": 5,
            "until": null,
            "stock": 100,
            "top": null,
            "featured": null,
            "new": null,
            "author": null,
            "sold": null,
            "category": [
                {
                    "name": "Cookware",
                    "slug": "cookware"
                },
                {
                    "name": "Toasters",
                    "slug": "toasters"
                },
                {
                    "name": "Cooking",
                    "slug": "cooking"
                }
            ],
            "brands": [
                {
                    "name": "Nike",
                    "slug": "nike"
                }
            ],
            "pictures": [
                {
                    "width": "800",
                    "height": "800",
                    "url": "/uploads/product_12_1_1df000af69.jpg"
                }
            ],
            "sm_pictures": [
                {
                    "width": "300",
                    "height": "300",
                    "url": "/uploads/product_12_1_300x300_30fa25ea91.jpg"
                }
            ],
            "variants": []
        }
    ],
    "posts": [
        {
            "id": 115,
            "author": "John Doe",
            "comments": "3",
            "content": "Phasellus hendrerit. Pellentesque aliquet nibh nec urna. In nisi neque, aliquet vel, dapibus id, mattis vel, nisi.",
            "date": "2020-05-28",
            "slug": "sed-adipiscingsv-ornare.",
            "title": "Sed adipiscingsv ornare.",
            "type": "image",
            "blog_categories": [
                {
                    "name": "Hobbies",
                    "slug": "hobbies"
                },
                {
                    "name": "Lifestyle",
                    "slug": "lifestyle"
                }
            ],
            "image": [
                {
                    "width": "277",
                    "height": "170",
                    "url": "/uploads/post_1_211b3a89a7.jpg"
                }
            ]
        },
        {
            "id": 116,
            "author": "John Doe",
            "comments": "3",
            "content": "Sed pretium, ligula sollicitudin laoreet viverra, tortor libero sodales leo, eget blandit nunc tortor eu nibh.",
            "date": "2020-09-18",
            "slug": "vivamus-vestibulum-nvstulla.",
            "title": "Vivamus vestibulum nvstulla.",
            "type": "image",
            "blog_categories": [
                {
                    "name": "Travel",
                    "slug": "travel"
                },
                {
                    "name": "Lifestyle",
                    "slug": "lifestyle"
                }
            ],
            "image": [
                {
                    "width": "277",
                    "height": "170",
                    "url": "/uploads/post_2_f77992431a.jpg"
                }
            ]
        },
        {
            "id": 117,
            "author": "John Doe",
            "comments": "3",
            "content": "Pellentesque aliquet nibh nec urna. In nisi neque, aliquet vel, dapibus id, mattis vel, nisi.",
            "date": "2020-05-28",
            "slug": "praesent-placerat-rivsus.",
            "title": "Praesent placerat rivsus.",
            "type": "image",
            "blog_categories": [
                {
                    "name": "Lifestyle",
                    "slug": "lifestyle"
                }
            ],
            "image": [
                {
                    "width": "277",
                    "height": "170",
                    "url": "/uploads/post_3_4875004a2a.jpg"
                }
            ]
        },
        {
            "id": 118,
            "author": "John Doe",
            "comments": "3",
            "content": "Sed egestas, ante et vulputate volutpat, eros pede semper est, vitae luctus metus libero eu augue.",
            "date": "2020-05-18",
            "slug": "fusce-pellentesqvdue-suscipit.",
            "title": "Fusce pellentesqvdue suscipit.",
            "type": "image",
            "blog_categories": [
                {
                    "name": "Fashion",
                    "slug": "fashion"
                }
            ],
            "image": [
                {
                    "width": "277",
                    "height": "170",
                    "url": "/uploads/post_4_ff13abc956.jpg"
                }
            ]
        }
    ]
}