{
    "products": [
        {
            "id": 107,
            "name": "2-Seater",
            "slug": "2-seater",
            "short_desc": "Sed egestas, ante et vulputate volutpat, eros pede semper est, vitae luctus metus libero eu augue. Morbi purus libero, faucibus adipiscing. Sed lectus.",
            "price": 248,
            "sale_price": null,
            "review": 2,
            "ratings": 5,
            "until": null,
            "stock": 0,
            "top": null,
            "featured": true,
            "new": null,
            "author": null,
            "sold": null,
            "category": [
                {
                    "name": "Furniture",
                    "slug": "furniture"
                }
            ],
            "brands": [
                {
                    "name": "F&F",
                    "slug": "fandf"
                },
                {
                    "name": "UGG",
                    "slug": "ugg"
                }
            ],
            "pictures": [
                {
                    "width": "800",
                    "height": "800",
                    "url": "/uploads/product_1_1_e4d26c1a1a.jpg"
                },
                {
                    "width": "800",
                    "height": "800",
                    "url": "/uploads/product_1_2_a7c10bc1b6.jpg"
                }
            ],
            "sm_pictures": [
                {
                    "width": "300",
                    "height": "300",
                    "url": "/uploads/product_1_1_300x300_ec128f72cf.jpg"
                },
                {
                    "width": "300",
                    "height": "300",
                    "url": "/uploads/product_1_2_300x300_d265cc4cd6.jpg"
                }
            ],
            "variants": []
        },
        {
            "id": 108,
            "name": "Block Side Table/Trolley",
            "slug": "block-side-tabletrolley",
            "short_desc": "Morbi purus libero, faucibus adipiscing, commodo quis, gravida id, est. Sed lectus. Praesent elementum hendrerit tortor. Sed semper lorem at felis. Vestibulum volutpat, lacus a ultrices sagittis, mi neque euismod dui, eu pulvinar nunc sapien ornare nisl. Phasellus pede arcu, dapibus eu, ",
            "price": 210,
            "sale_price": null,
            "review": 2,
            "ratings": 5,
            "until": null,
            "stock": 100,
            "top": null,
            "featured": true,
            "new": null,
            "author": null,
            "sold": null,
            "category": [
                {
                    "name": "Coffee & Tables",
                    "slug": "coffee-and-tables"
                },
                {
                    "name": "Furniture",
                    "slug": "furniture"
                },
                {
                    "name": "Tables",
                    "slug": "tables"
                }
            ],
            "brands": [
                {
                    "name": "F&F",
                    "slug": "fandf"
                },
                {
                    "name": "UGG",
                    "slug": "ugg"
                },
                {
                    "name": "Nike",
                    "slug": "nike"
                }
            ],
            "pictures": [
                {
                    "width": "800",
                    "height": "800",
                    "url": "/uploads/product_2_1_5762ebbcfa.jpg"
                },
                {
                    "width": "800",
                    "height": "800",
                    "url": "/uploads/product_2_2_fd5b139dce.jpg"
                }
            ],
            "sm_pictures": [
                {
                    "width": "300",
                    "height": "300",
                    "url": "/uploads/product_2_1_300x300_1cbb2b1986.jpg"
                },
                {
                    "width": "300",
                    "height": "300",
                    "url": "/uploads/product_2_2_300x300_798eabaee1.jpg"
                }
            ],
            "variants": [
                {
                    "id": 15,
                    "color": "#669933",
                    "color_name": "Green",
                    "price": 210,
                    "size": [
                        {
                            "id": 41,
                            "name": "Medium",
                            "slug": null
                        },
                        {
                            "id": 42,
                            "name": "Large",
                            "slug": null
                        }
                    ]
                },
                {
                    "id": 16,
                    "color": "#cc3333",
                    "color_name": "Red",
                    "price": 240,
                    "size": [
                        {
                            "id": 43,
                            "name": "Large",
                            "slug": null
                        },
                        {
                            "id": 40,
                            "name": "Extra Large",
                            "slug": null
                        }
                    ]
                }
            ]
        },
        {
            "id": 109,
            "name": "Butler Stool Ladder",
            "slug": "butler-stool-ladder",
            "short_desc": "Morbi purus libero, faucibus adipiscing, commodo quis, gravida id, est. Sed lectus. Praesent elementum hendrerit tortor. Sed semper lorem at felis. Vestibulum volutpat, lacus a ultrices sagittis, mi neque euismod dui, eu pulvinar nunc sapien ornare nisl. Phasellus pede arcu, dapibus eu, ",
            "price": 25,
            "sale_price": 20,
            "review": 2,
            "ratings": 3,
            "until": "2022-01-01",
            "stock": 100,
            "top": true,
            "featured": true,
            "new": null,
            "author": null,
            "sold": null,
            "category": [
                {
                    "name": "Furniture",
                    "slug": "furniture"
                }
            ],
            "brands": [
                {
                    "name": "River Island",
                    "slug": "river-island"
                },
                {
                    "name": "Geox",
                    "slug": "geox"
                },
                {
                    "name": "UGG",
                    "slug": "ugg"
                }
            ],
            "pictures": [
                {
                    "width": "800",
                    "height": "800",
                    "url": "/uploads/product_3_1_c9bb2bcafd.jpg"
                },
                {
                    "width": "800",
                    "height": "800",
                    "url": "/uploads/product_3_2_8b3922b75c.jpg"
                }
            ],
            "sm_pictures": [
                {
                    "width": "300",
                    "height": "300",
                    "url": "/uploads/product_3_1_300x300_a6a525d4b9.jpg"
                },
                {
                    "width": "300",
                    "height": "300",
                    "url": "/uploads/product_3_2_300x300_7ef429113e.jpg"
                }
            ],
            "variants": []
        },
        {
            "id": 110,
            "name": "Can 2-Seater Sofa",
            "slug": "can-2-seater-sofa",
            "short_desc": "Morbi purus libero, faucibus adipiscing, commodo quis, gravida id, est. Sed lectus. Praesent elementum hendrerit tortor. Sed semper lorem at felis. Vestibulum volutpat, lacus a ultrices sagittis, mi neque euismod dui, eu pulvinar nunc sapien ornare nisl. Phasellus pede arcu, dapibus eu, ",
            "price": 60,
            "sale_price": null,
            "review": 2,
            "ratings": 2,
            "until": null,
            "stock": 100,
            "top": true,
            "featured": true,
            "new": null,
            "author": null,
            "sold": null,
            "category": [
                {
                    "name": "Furniture",
                    "slug": "furniture"
                }
            ],
            "brands": [
                {
                    "name": "Geox",
                    "slug": "geox"
                }
            ],
            "pictures": [
                {
                    "width": "800",
                    "height": "800",
                    "url": "/uploads/product_4_1_eb29eb2553.jpg"
                },
                {
                    "width": "800",
                    "height": "800",
                    "url": "/uploads/product_4_2_fc5117a10c.jpg"
                }
            ],
            "sm_pictures": [
                {
                    "width": "300",
                    "height": "300",
                    "url": "/uploads/product_4_1_300x300_aec4741c63.jpg"
                },
                {
                    "width": "300",
                    "height": "300",
                    "url": "/uploads/product_4_2_300x300_ec63a5f054.jpg"
                }
            ],
            "variants": []
        },
        {
            "id": 111,
            "name": "Roots Sofa Bed",
            "slug": "roots-sofa-bed",
            "short_desc": "Morbi purus libero, faucibus adipiscing, commodo quis, gravida id, est. Sed lectus. Praesent elementum hendrerit tortor. Sed semper lorem at felis. Vestibulum volutpat, lacus a ultrices sagittis, mi neque euismod dui, eu pulvinar nunc sapien ornare nisl. Phasellus pede arcu, dapibus eu, ",
            "price": 449,
            "sale_price": null,
            "review": 2,
            "ratings": 2,
            "until": "2022-01-01",
            "stock": 100,
            "top": true,
            "featured": null,
            "new": null,
            "author": null,
            "sold": null,
            "category": [
                {
                    "name": "Furniture",
                    "slug": "furniture"
                }
            ],
            "brands": [
                {
                    "name": "UGG",
                    "slug": "ugg"
                }
            ],
            "pictures": [
                {
                    "width": "800",
                    "height": "800",
                    "url": "/uploads/product_11_1_9a78606f40.jpg"
                },
                {
                    "width": "800",
                    "height": "800",
                    "url": "/uploads/product_11_2_6edd00078a.jpg"
                }
            ],
            "sm_pictures": [
                {
                    "width": "300",
                    "height": "300",
                    "url": "/uploads/product_11_1_300x300_574a1b1d0e.jpg"
                },
                {
                    "width": "300",
                    "height": "300",
                    "url": "/uploads/product_11_2_300x300_8f906c2dcd.jpg"
                }
            ],
            "variants": []
        },
        {
            "id": 112,
            "name": "Carronade Table Lamp",
            "slug": "carronade-table-lamp",
            "short_desc": "Sed egestas, ante et vulputate volutpat, eros pede semper est, vitae luctus metus libero eu augue. Morbi purus libero, faucibus adipiscing. Sed lectus.",
            "price": 130,
            "sale_price": null,
            "review": 2,
            "ratings": 4,
            "until": null,
            "stock": 100,
            "top": null,
            "featured": true,
            "new": true,
            "author": null,
            "sold": null,
            "category": [
                {
                    "name": "Decoration",
                    "slug": "decoration"
                },
                {
                    "name": "Electronics",
                    "slug": "electronics"
                },
                {
                    "name": "Lighting",
                    "slug": "lighting"
                }
            ],
            "brands": [
                {
                    "name": "River Island",
                    "slug": "river-island"
                }
            ],
            "pictures": [
                {
                    "width": "800",
                    "height": "800",
                    "url": "/uploads/product_6_1_c476bd5543.jpg"
                },
                {
                    "width": "800",
                    "height": "800",
                    "url": "/uploads/product_6_2_603d3d65e8.jpg"
                }
            ],
            "sm_pictures": [
                {
                    "width": "300",
                    "height": "300",
                    "url": "/uploads/product_6_1_300x300_aea55d68e9.jpg"
                },
                {
                    "width": "300",
                    "height": "300",
                    "url": "/uploads/product_6_2_300x300_76886659e2.jpg"
                }
            ],
            "variants": [
                {
                    "id": 18,
                    "color": "#cc3333",
                    "color_name": "Red",
                    "price": 150,
                    "size": [
                        {
                            "id": 46,
                            "name": "Large",
                            "slug": null
                        },
                        {
                            "id": 177,
                            "name": "Extra Small",
                            "slug": null
                        }
                    ]
                },
                {
                    "id": 17,
                    "color": "#f0c04a",
                    "color_name": "Yellow",
                    "price": 130,
                    "size": [
                        {
                            "id": 44,
                            "name": "Small",
                            "slug": null
                        },
                        {
                            "id": 50,
                            "name": "Large",
                            "slug": null
                        },
                        {
                            "id": 51,
                            "name": "Extra Large",
                            "slug": null
                        }
                    ]
                },
                {
                    "id": 19,
                    "color": "#669933",
                    "color_name": "Green",
                    "price": 110,
                    "size": [
                        {
                            "id": 48,
                            "name": "Large",
                            "slug": null
                        }
                    ]
                }
            ]
        },
        {
            "id": 113,
            "name": "Cushion Set 3 Pieces",
            "slug": "cushion-set-3-pieces",
            "short_desc": "Morbi purus libero, faucibus adipiscing, commodo quis, gravida id, est. Sed lectus. Praesent elementum hendrerit tortor. Sed semper lorem at felis. Vestibulum volutpat, lacus a ultrices sagittis, mi neque euismod dui, eu pulvinar nunc sapien ornare nisl. Phasellus pede arcu, dapibus eu, ",
            "price": 199,
            "sale_price": null,
            "review": 2,
            "ratings": 0,
            "until": null,
            "stock": 100,
            "top": null,
            "featured": true,
            "new": null,
            "author": null,
            "sold": null,
            "category": [
                {
                    "name": "Decoration",
                    "slug": "decoration"
                },
                {
                    "name": "Beds",
                    "slug": "beds"
                }
            ],
            "brands": [
                {
                    "name": "Nike",
                    "slug": "nike"
                }
            ],
            "pictures": [
                {
                    "width": "800",
                    "height": "800",
                    "url": "/uploads/product_7_1_f30fe5e8e2.jpg"
                },
                {
                    "width": "800",
                    "height": "800",
                    "url": "/uploads/product_7_2_1f94768f88.jpg"
                }
            ],
            "sm_pictures": [
                {
                    "width": "300",
                    "height": "300",
                    "url": "/uploads/product_7_1_300x300_298b73e706.jpg"
                },
                {
                    "width": "300",
                    "height": "300",
                    "url": "/uploads/product_7_2_300x300_6e6c2d02d3.jpg"
                }
            ],
            "variants": []
        },
        {
            "id": 114,
            "name": "Flow Slim Armchair",
            "slug": "flow-slim-armchair",
            "short_desc": "Morbi purus libero, faucibus adipiscing, commodo quis, gravida id, est. Sed lectus. Praesent elementum hendrerit tortor. Sed semper lorem at felis. Vestibulum volutpat, lacus a ultrices sagittis, mi neque euismod dui, eu pulvinar nunc sapien ornare nisl. Phasellus pede arcu, dapibus eu, ",
            "price": 97,
            "sale_price": null,
            "review": 2,
            "ratings": 3,
            "until": null,
            "stock": 100,
            "top": true,
            "featured": null,
            "new": null,
            "author": null,
            "sold": null,
            "category": [
                {
                    "name": "Furniture",
                    "slug": "furniture"
                },
                {
                    "name": "Armchairs & Chaises",
                    "slug": "armchairs-and-chaises"
                }
            ],
            "brands": [
                {
                    "name": "New Balance",
                    "slug": "new-balance"
                }
            ],
            "pictures": [
                {
                    "width": "800",
                    "height": "800",
                    "url": "/uploads/product_8_1_7d631e8cf3.jpg"
                },
                {
                    "width": "800",
                    "height": "800",
                    "url": "/uploads/product_8_2_b5fbed36e9.jpg"
                },
                {
                    "width": "800",
                    "height": "800",
                    "url": "/uploads/product_8_3_495a8c7f79.jpg"
                }
            ],
            "sm_pictures": [
                {
                    "width": "300",
                    "height": "300",
                    "url": "/uploads/product_8_1_300x300_ffd8a22d4a.jpg"
                },
                {
                    "width": "300",
                    "height": "300",
                    "url": "/uploads/product_8_2_300x300_aef1526120.jpg"
                },
                {
                    "width": "300",
                    "height": "300",
                    "url": "/uploads/product_8_3_300x300_cf0af19cb3.jpg"
                }
            ],
            "variants": []
        },
        {
            "id": 115,
            "name": "Foldable Tray Table",
            "slug": "foldable-tray-table",
            "short_desc": "Morbi purus libero, faucibus adipiscing, commodo quis, gravida id, est. Sed lectus. Praesent elementum hendrerit tortor. Sed semper lorem at felis. Vestibulum volutpat, lacus a ultrices sagittis, mi neque euismod dui, eu pulvinar nunc sapien ornare nisl. Phasellus pede arcu, dapibus eu, ",
            "price": 308,
            "sale_price": 250,
            "review": 2,
            "ratings": 3,
            "until": null,
            "stock": 100,
            "top": true,
            "featured": null,
            "new": null,
            "author": null,
            "sold": null,
            "category": [
                {
                    "name": "Decoration",
                    "slug": "decoration"
                },
                {
                    "name": "Furniture",
                    "slug": "furniture"
                }
            ],
            "brands": [
                {
                    "name": "New Balance",
                    "slug": "new-balance"
                }
            ],
            "pictures": [
                {
                    "width": "800",
                    "height": "800",
                    "url": "/uploads/product_9_1_d8728d982a.jpg"
                },
                {
                    "width": "800",
                    "height": "800",
                    "url": "/uploads/product_9_2_1584c6067c.jpg"
                }
            ],
            "sm_pictures": [
                {
                    "width": "300",
                    "height": "300",
                    "url": "/uploads/product_9_1_300x300_6a1e6d817c.jpg"
                },
                {
                    "width": "300",
                    "height": "300",
                    "url": "/uploads/product_9_2_300x300_1b33d80bc7.jpg"
                }
            ],
            "variants": []
        },
        {
            "id": 116,
            "name": "Garden Armchair",
            "slug": "garden-armchair",
            "short_desc": "Morbi purus libero, faucibus adipiscing, commodo quis, gravida id, est. Sed lectus. Praesent elementum hendrerit tortor. Sed semper lorem at felis. Vestibulum volutpat, lacus a ultrices sagittis, mi neque euismod dui, eu pulvinar nunc sapien ornare nisl. Phasellus pede arcu, dapibus eu, ",
            "price": 94,
            "sale_price": null,
            "review": 2,
            "ratings": 5,
            "until": null,
            "stock": 100,
            "top": true,
            "featured": null,
            "new": null,
            "author": null,
            "sold": null,
            "category": [
                {
                    "name": "Decoration",
                    "slug": "decoration"
                },
                {
                    "name": "Furniture",
                    "slug": "furniture"
                },
                {
                    "name": "Armchairs & Chaises",
                    "slug": "armchairs-and-chaises"
                }
            ],
            "brands": [
                {
                    "name": "New Balance",
                    "slug": "new-balance"
                }
            ],
            "pictures": [
                {
                    "width": "800",
                    "height": "800",
                    "url": "/uploads/product_10_2_0bb52f8b5a.jpg"
                },
                {
                    "width": "800",
                    "height": "800",
                    "url": "/uploads/product_10_1_6a2a4ed0cd.jpg"
                }
            ],
            "sm_pictures": [
                {
                    "width": "300",
                    "height": "300",
                    "url": "/uploads/product_10_2_300x300_4ef184c8b8.jpg"
                },
                {
                    "width": "300",
                    "height": "300",
                    "url": "/uploads/product_10_1_300x300_76e829e2ec.jpg"
                }
            ],
            "variants": [
                {
                    "id": 66,
                    "color": "#333333",
                    "color_name": "Black",
                    "price": 90,
                    "size": [
                        {
                            "id": 179,
                            "name": "Extra Small",
                            "slug": null
                        },
                        {
                            "id": 180,
                            "name": "Small",
                            "slug": null
                        },
                        {
                            "id": 181,
                            "name": "Large",
                            "slug": null
                        }
                    ]
                },
                {
                    "id": 67,
                    "color": "#999999",
                    "color_name": "Grey",
                    "price": 100,
                    "size": [
                        {
                            "id": 182,
                            "name": "Extra Small",
                            "slug": null
                        },
                        {
                            "id": 183,
                            "name": "Large",
                            "slug": null
                        },
                        {
                            "id": 184,
                            "name": "Extra Large",
                            "slug": null
                        }
                    ]
                }
            ]
        },
        {
            "id": 117,
            "name": "Carronade Large Suspension Lamp",
            "slug": "carronade-large-suspension-lamp",
            "short_desc": "Morbi purus libero, faucibus adipiscing, commodo quis, gravida id, est. Sed lectus. Praesent elementum hendrerit tortor. Sed semper lorem at felis. Vestibulum volutpat, lacus a ultrices sagittis, mi neque euismod dui, eu pulvinar nunc sapien ornare nisl. Phasellus pede arcu, dapibus eu, ",
            "price": 341,
            "sale_price": null,
            "review": 2,
            "ratings": 1,
            "until": null,
            "stock": 100,
            "top": true,
            "featured": null,
            "new": null,
            "author": null,
            "sold": null,
            "category": [
                {
                    "name": "Lighting",
                    "slug": "lighting"
                }
            ],
            "brands": [
                {
                    "name": "New Balance",
                    "slug": "new-balance"
                }
            ],
            "pictures": [
                {
                    "width": "800",
                    "height": "800",
                    "url": "/uploads/product_5_1_610833d99f.jpg"
                },
                {
                    "width": "800",
                    "height": "800",
                    "url": "/uploads/product_5_2_a20c18dcf1.jpg"
                }
            ],
            "sm_pictures": [
                {
                    "width": "300",
                    "height": "300",
                    "url": "/uploads/product_5_1_300x300_1dc848bfc9.jpg"
                },
                {
                    "width": "300",
                    "height": "300",
                    "url": "/uploads/product_5_2_300x300_5fe4a7e523.jpg"
                }
            ],
            "variants": []
        },
        {
            "id": 118,
            "name": "Petite Table Lamp",
            "slug": "petite-table-lamp",
            "short_desc": "Morbi purus libero, faucibus adipiscing, commodo quis, gravida id, est. Sed lectus. Praesent elementum hendrerit tortor. Sed semper lorem at felis. Vestibulum volutpat, lacus a ultrices sagittis, mi neque euismod dui, eu pulvinar nunc sapien ornare nisl. Phasellus pede arcu, dapibus eu, ",
            "price": 65,
            "sale_price": null,
            "review": 2,
            "ratings": 5,
            "until": null,
            "stock": 100,
            "top": true,
            "featured": null,
            "new": null,
            "author": null,
            "sold": null,
            "category": [
                {
                    "name": "Lighting",
                    "slug": "lighting"
                }
            ],
            "brands": [
                {
                    "name": "Geox",
                    "slug": "geox"
                }
            ],
            "pictures": [
                {
                    "width": "800",
                    "height": "800",
                    "url": "/uploads/product_12_1_05aac13eb4.jpg"
                },
                {
                    "width": "800",
                    "height": "800",
                    "url": "/uploads/product_12_3_472a220c25.jpg"
                },
                {
                    "width": "800",
                    "height": "800",
                    "url": "/uploads/product_12_2_0423ed595d.jpg"
                }
            ],
            "sm_pictures": [
                {
                    "width": "300",
                    "height": "300",
                    "url": "/uploads/product_12_1_300x300_b966955471.jpg"
                },
                {
                    "width": "300",
                    "height": "300",
                    "url": "/uploads/product_12_3_300x300_5762cc36c5.jpg"
                },
                {
                    "width": "300",
                    "height": "300",
                    "url": "/uploads/product_12_2_300x300_dd9ba0a9be.jpg"
                }
            ],
            "variants": [
                {
                    "id": 22,
                    "color": "#3399cc",
                    "color_name": "Blue",
                    "price": 69,
                    "size": [
                        {
                            "id": 57,
                            "name": "Medium",
                            "slug": null
                        },
                        {
                            "id": 54,
                            "name": "Large",
                            "slug": null
                        }
                    ]
                },
                {
                    "id": 21,
                    "color": "#cc3333",
                    "color_name": "Red",
                    "price": 65,
                    "size": [
                        {
                            "id": 53,
                            "name": "Small",
                            "slug": null
                        },
                        {
                            "id": 55,
                            "name": "Medium",
                            "slug": null
                        },
                        {
                            "id": 56,
                            "name": "Extra Large",
                            "slug": null
                        },
                        {
                            "id": 185,
                            "name": "Extra Small",
                            "slug": null
                        }
                    ]
                },
                {
                    "id": 23,
                    "color": "#ebfa00",
                    "color_name": "Yellow",
                    "price": 73,
                    "size": [
                        {
                            "id": 58,
                            "name": "Medium",
                            "slug": null
                        },
                        {
                            "id": 59,
                            "name": "Large",
                            "slug": null
                        }
                    ]
                }
            ]
        },
        {
            "id": 119,
            "name": "Madra Log Holder",
            "slug": "madra-log-holder",
            "short_desc": "Morbi purus libero, faucibus adipiscing, commodo quis, gravida id, est. Sed lectus. Praesent elementum hendrerit tortor. Sed semper lorem at felis. Vestibulum volutpat, lacus a ultrices sagittis, mi neque euismod dui, eu pulvinar nunc sapien ornare nisl. Phasellus pede arcu, dapibus eu, ",
            "price": 40,
            "sale_price": null,
            "review": 2,
            "ratings": 3,
            "until": null,
            "stock": 100,
            "top": true,
            "featured": null,
            "new": true,
            "author": null,
            "sold": null,
            "category": [
                {
                    "name": "Decor",
                    "slug": "decor"
                },
                {
                    "name": "Storage Boxes & Baskets",
                    "slug": "storage-boxes-and-baskets"
                },
                {
                    "name": "Kitchen Cabinets",
                    "slug": "kitchen-cabinets"
                }
            ],
            "brands": [
                {
                    "name": "Geox",
                    "slug": "geox"
                }
            ],
            "pictures": [
                {
                    "width": "800",
                    "height": "800",
                    "url": "/uploads/product_13_1_98bda9dd98.jpg"
                },
                {
                    "width": "800",
                    "height": "800",
                    "url": "/uploads/product_13_2_7868c52991.jpg"
                }
            ],
            "sm_pictures": [
                {
                    "width": "300",
                    "height": "300",
                    "url": "/uploads/product_13_1_300x300_338f481ae5.jpg"
                },
                {
                    "width": "300",
                    "height": "300",
                    "url": "/uploads/product_13_2_300x300_c669393809.jpg"
                }
            ],
            "variants": []
        },
        {
            "id": 120,
            "name": "Original Outdoor Beanbag",
            "slug": "original-outdoor-beanbag",
            "short_desc": "Morbi purus libero, faucibus adipiscing, commodo quis, gravida id, est. Sed lectus. Praesent elementum hendrerit tortor. Sed semper lorem at felis. Vestibulum volutpat, lacus a ultrices sagittis, mi neque euismod dui, eu pulvinar nunc sapien ornare nisl. Phasellus pede arcu, dapibus eu, ",
            "price": 80,
            "sale_price": null,
            "review": 2,
            "ratings": 4,
            "until": null,
            "stock": 100,
            "top": true,
            "featured": null,
            "new": null,
            "author": null,
            "sold": null,
            "category": [
                {
                    "name": "Storage Boxes & Baskets",
                    "slug": "storage-boxes-and-baskets"
                },
                {
                    "name": "Decor",
                    "slug": "decor"
                },
                {
                    "name": "Decoration",
                    "slug": "decoration"
                },
                {
                    "name": "Beds",
                    "slug": "beds"
                }
            ],
            "brands": [
                {
                    "name": "Geox",
                    "slug": "geox"
                }
            ],
            "pictures": [
                {
                    "width": "800",
                    "height": "800",
                    "url": "/uploads/product_14_1_dbab4358ec.jpg"
                },
                {
                    "width": "800",
                    "height": "800",
                    "url": "/uploads/product_14_2_17ae88fea1.jpg"
                },
                {
                    "width": "800",
                    "height": "800",
                    "url": "/uploads/product_14_3_8aedda7791.jpg"
                },
                {
                    "width": "800",
                    "height": "800",
                    "url": "/uploads/product_14_4_a416d6e8cd.jpg"
                }
            ],
            "sm_pictures": [
                {
                    "width": "300",
                    "height": "300",
                    "url": "/uploads/product_14_1_300x300_627d43a050.jpg"
                },
                {
                    "width": "300",
                    "height": "300",
                    "url": "/uploads/product_14_2_300x300_2154bc1dd6.jpg"
                },
                {
                    "width": "300",
                    "height": "300",
                    "url": "/uploads/product_14_3_300x300_011cc9330f.jpg"
                },
                {
                    "width": "300",
                    "height": "300",
                    "url": "/uploads/product_14_4_300x300_84aa7cc3d2.jpg"
                }
            ],
            "variants": []
        },
        {
            "id": 121,
            "name": "Windback Chair",
            "slug": "windback-chair",
            "short_desc": "Morbi purus libero, faucibus adipiscing, commodo quis, gravida id, est. Sed lectus. Praesent elementum hendrerit tortor. Sed semper lorem at felis. Vestibulum volutpat, lacus a ultrices sagittis, mi neque euismod dui, eu pulvinar nunc sapien ornare nisl. Phasellus pede arcu, dapibus eu, ",
            "price": 199,
            "sale_price": null,
            "review": 2,
            "ratings": 3,
            "until": null,
            "stock": 100,
            "top": null,
            "featured": null,
            "new": null,
            "author": null,
            "sold": null,
            "category": [
                {
                    "name": "Sofas & Sleeper Sofas",
                    "slug": "sofas-and-sleeper-sofas"
                },
                {
                    "name": "Decor",
                    "slug": "decor"
                },
                {
                    "name": "Armchairs & Chaises",
                    "slug": "armchairs-and-chaises"
                }
            ],
            "brands": [
                {
                    "name": "New Balance",
                    "slug": "new-balance"
                }
            ],
            "pictures": [
                {
                    "width": "800",
                    "height": "800",
                    "url": "/uploads/product_15_1_3159f60735.jpg"
                }
            ],
            "sm_pictures": [
                {
                    "width": "300",
                    "height": "300",
                    "url": "/uploads/product_15_1_300x300_d63bee55db.jpg"
                }
            ],
            "variants": []
        }
    ],
    "posts": [
        {
            "id": 101,
            "author": "Jane Doe",
            "comments": "0",
            "content": "Lorem ipsum dolor sit amet, consectetuer adipiscing elit. Phasellus hendrerit.Pelletesque aliquet nibh necurna.",
            "date": "2020-09-22",
            "slug": "sed-adipiscing-odbrnare.",
            "title": "Sed adipiscing odbrnare.",
            "type": "image",
            "blog_categories": [
                {
                    "name": "Lifestyle",
                    "slug": "lifestyle"
                }
            ],
            "image": [
                {
                    "width": "376",
                    "height": "250",
                    "url": "/uploads/post_1_8285333d58.jpg"
                }
            ]
        },
        {
            "id": 102,
            "author": "Jane Doe",
            "comments": "0",
            "content": "Sed pretium, ligula sollicitudin laoreet viverra, tortor libero sodales leo, eget blandit nunc tortor eu nibh. Nullam mollis justo.",
            "date": "2020-05-12",
            "slug": "fusce-lacifgbnia-arcuet-nulla.",
            "title": "Fusce lacifgbnia arcuet nulla.",
            "type": "image",
            "blog_categories": [
                {
                    "name": "Lifestyle",
                    "slug": "lifestyle"
                }
            ],
            "image": [
                {
                    "width": "376",
                    "height": "250",
                    "url": "/uploads/post_2_73cf3ad8f8.jpg"
                }
            ]
        },
        {
            "id": 103,
            "author": "Jane Doe",
            "comments": "2",
            "content": "Suspendisse potenti. Sed egestas, ante et vulputate volutpat, eros pede semper est, vitae luctus metus libero eu augue.",
            "date": "2020-05-19",
            "slug": "quisque-volutpat-mdbattis-eros.",
            "title": "Quisque volutpat mdbattis eros.",
            "type": "image",
            "blog_categories": [
                {
                    "name": "Lifestyle",
                    "slug": "lifestyle"
                }
            ],
            "image": [
                {
                    "width": "376",
                    "height": "250",
                    "url": "/uploads/post_3_dbb5414ec7.jpg"
                }
            ]
        }
    ]
}