{
    "products": [
        {
            "id": 138,
            "name": "Sandals Cool",
            "slug": "sandals-cool",
            "short_desc": "Morbi purus libero, faucibus adipiscing, commodo quis, gravida id, est. Sed lectus. Praesent elementum hendrerit tortor. Sed semper lorem at felis. Vestibulum volutpat, lacus a ultrices sagittis, mi neque euismod dui, eu pulvinar nunc sapien ",
            "price": 449,
            "sale_price": 337,
            "review": 2,
            "ratings": 5,
            "until": null,
            "stock": 100,
            "top": null,
            "featured": false,
            "new": true,
            "author": null,
            "sold": null,
            "category": [
                {
                    "name": "Boots",
                    "slug": "boots"
                },
                {
                    "name": "Shoes",
                    "slug": "shoes"
                },
                {
                    "name": "Women",
                    "slug": "women"
                }
            ],
            "brands": [
                {
                    "name": "F&F",
                    "slug": "fandf"
                },
                {
                    "name": "UGG",
                    "slug": "ugg"
                }
            ],
            "pictures": [
                {
                    "width": "800",
                    "height": "1089",
                    "url": "/uploads/product_1_1_d12e23bda8.jpg"
                },
                {
                    "width": "800",
                    "height": "1089",
                    "url": "/uploads/product_1_2_cc3476ccd0.jpg"
                },
                {
                    "width": "800",
                    "height": "1089",
                    "url": "/uploads/product_1_3_d826f52635.jpg"
                }
            ],
            "sm_pictures": [
                {
                    "width": "300",
                    "height": "408",
                    "url": "/uploads/product_1_1_300x408_475d93b97b.jpg"
                },
                {
                    "width": "300",
                    "height": "408",
                    "url": "/uploads/product_1_2_hover_300x408_a7bf83aecc.jpg"
                },
                {
                    "width": "300",
                    "height": "408",
                    "url": "/uploads/product_1_3_300x408_7ce1a4984c.jpg"
                }
            ],
            "variants": []
        },
        {
            "id": 139,
            "name": "LInen-blend jumpsuit",
            "slug": "linen-blend-jumpsuit",
            "short_desc": "Morbi purus libero, faucibus adipiscing, commodo quis, gravida id, est. Sed lectus. Praesent elementum hendrerit tortor. Sed semper lorem at felis. Vestibulum volutpat, lacus a ultrices sagittis, mi neque euismod dui, eu pulvinar nunc sapien ",
            "price": 67,
            "sale_price": null,
            "review": 2,
            "ratings": 4,
            "until": null,
            "stock": 100,
            "top": null,
            "featured": true,
            "new": true,
            "author": null,
            "sold": null,
            "category": [
                {
                    "name": "Clothing",
                    "slug": "clothing"
                },
                {
                    "name": "Women",
                    "slug": "women"
                }
            ],
            "brands": [
                {
                    "name": "New Balance",
                    "slug": "new-balance"
                }
            ],
            "pictures": [
                {
                    "width": "800",
                    "height": "1089",
                    "url": "/uploads/product_2_1_194935702f.jpg"
                },
                {
                    "width": "800",
                    "height": "1089",
                    "url": "/uploads/product_2_2_6ff15a7d4a.jpg"
                },
                {
                    "width": "800",
                    "height": "1089",
                    "url": "/uploads/product_2_3_35d25b0b3c.jpg"
                },
                {
                    "width": "800",
                    "height": "1089",
                    "url": "/uploads/product_2_4_174e3b998a.jpg"
                }
            ],
            "sm_pictures": [
                {
                    "width": "300",
                    "height": "408",
                    "url": "/uploads/product_2_1_300x408_8d567a8d84.jpg"
                },
                {
                    "width": "300",
                    "height": "408",
                    "url": "/uploads/product_2_2_300x408_28c4a5456b.jpg"
                },
                {
                    "width": "300",
                    "height": "408",
                    "url": "/uploads/product_2_3_300x408_b813eda1d9.jpg"
                },
                {
                    "width": "300",
                    "height": "408",
                    "url": "/uploads/product_2_4_300x408_47bd9953ed.jpg"
                }
            ],
            "variants": [
                {
                    "id": 31,
                    "color": "#eabc4e",
                    "color_name": "Yellow",
                    "price": 76,
                    "size": [
                        {
                            "id": 78,
                            "name": "Small",
                            "slug": null
                        },
                        {
                            "id": 76,
                            "name": "Large",
                            "slug": null
                        }
                    ]
                },
                {
                    "id": 30,
                    "color": "#333333",
                    "color_name": "Grey",
                    "price": 67,
                    "size": [
                        {
                            "id": 75,
                            "name": "Medium",
                            "slug": null
                        },
                        {
                            "id": 77,
                            "name": "Large",
                            "slug": null
                        },
                        {
                            "id": 79,
                            "name": "Extra Large",
                            "slug": null
                        }
                    ]
                }
            ]
        },
        {
            "id": 140,
            "name": "Silk-blend Kaftan",
            "slug": "silk-blend-kaftan",
            "short_desc": "Morbi purus libero, faucibus adipiscing, commodo quis, gravida id, est. Sed lectus. Praesent elementum hendrerit tortor. Sed semper lorem at felis. Vestibulum volutpat, lacus a ultrices sagittis, mi neque euismod dui, eu pulvinar nunc sapien ",
            "price": 60,
            "sale_price": null,
            "review": 2,
            "ratings": 4,
            "until": null,
            "stock": 0,
            "top": true,
            "featured": true,
            "new": true,
            "author": null,
            "sold": null,
            "category": [
                {
                    "name": "Women",
                    "slug": "women"
                },
                {
                    "name": "Clothing",
                    "slug": "clothing"
                }
            ],
            "brands": [
                {
                    "name": "F&F",
                    "slug": "fandf"
                },
                {
                    "name": "UGG",
                    "slug": "ugg"
                }
            ],
            "pictures": [
                {
                    "width": "800",
                    "height": "1089",
                    "url": "/uploads/product_3_1_b80240380f.jpg"
                },
                {
                    "width": "800",
                    "height": "1089",
                    "url": "/uploads/product_3_2_c6117b153f.jpg"
                },
                {
                    "width": "800",
                    "height": "1089",
                    "url": "/uploads/product_3_3_ec2c61e01e.jpg"
                },
                {
                    "width": "800",
                    "height": "1089",
                    "url": "/uploads/product_3_4_dcf7a60c48.jpg"
                }
            ],
            "sm_pictures": [
                {
                    "width": "300",
                    "height": "408",
                    "url": "/uploads/product_3_1_300x408_81199c07e1.jpg"
                },
                {
                    "width": "300",
                    "height": "408",
                    "url": "/uploads/product_3_2_300x408_2ce2d21a0e.jpg"
                },
                {
                    "width": "300",
                    "height": "408",
                    "url": "/uploads/product_3_3_300x408_a6f5874a5e.jpg"
                },
                {
                    "width": "300",
                    "height": "408",
                    "url": "/uploads/product_3_4_300x408_484a60a7ed.jpg"
                }
            ],
            "variants": []
        },
        {
            "id": 141,
            "name": "Paper Straw Shopper",
            "slug": "paper-straw-shopper",
            "short_desc": "Sed egestas, ante et vulputate volutpat, eros pede semper est, vitae luctus metus libero eu augue. Morbi purus libero, faucibus adipiscing. Sed lectus.",
            "price": 94,
            "sale_price": 84,
            "review": 2,
            "ratings": 4,
            "until": null,
            "stock": 100,
            "top": true,
            "featured": false,
            "new": true,
            "author": null,
            "sold": null,
            "category": [
                {
                    "name": "Accessories",
                    "slug": "accessories"
                },
                {
                    "name": "Men",
                    "slug": "men"
                },
                {
                    "name": "Women",
                    "slug": "women"
                }
            ],
            "brands": [
                {
                    "name": "River Island",
                    "slug": "river-island"
                }
            ],
            "pictures": [
                {
                    "width": "800",
                    "height": "1089",
                    "url": "/uploads/product_4_1_b1a40364bb.jpg"
                },
                {
                    "width": "800",
                    "height": "1089",
                    "url": "/uploads/product_4_2_27afb863fc.jpg"
                },
                {
                    "width": "800",
                    "height": "1089",
                    "url": "/uploads/product_4_3_f682d111e2.jpg"
                },
                {
                    "width": "800",
                    "height": "1089",
                    "url": "/uploads/product_4_4_246c1fa20b.jpg"
                }
            ],
            "sm_pictures": [
                {
                    "width": "300",
                    "height": "408",
                    "url": "/uploads/product_4_1_300x408_040a04fdae.jpg"
                },
                {
                    "width": "300",
                    "height": "408",
                    "url": "/uploads/product_4_2_300x408_de31b32d18.jpg"
                },
                {
                    "width": "300",
                    "height": "408",
                    "url": "/uploads/product_4_3_300x408_8aa3256207.jpg"
                },
                {
                    "width": "300",
                    "height": "408",
                    "url": "/uploads/product_4_4_300x408_7408a2add0.jpg"
                }
            ],
            "variants": []
        },
        {
            "id": 142,
            "name": "Paper Bag Trousers",
            "slug": "paper-bag-trousers",
            "short_desc": "Morbi purus libero, faucibus adipiscing, commodo quis, gravida id, est. Sed lectus. Praesent elementum hendrerit tortor. Sed semper lorem at felis. Vestibulum volutpat, lacus a ultrices sagittis, mi neque euismod dui, eu pulvinar nunc sapien ",
            "price": 341,
            "sale_price": null,
            "review": 2,
            "ratings": 4,
            "until": null,
            "stock": 100,
            "top": null,
            "featured": null,
            "new": true,
            "author": null,
            "sold": null,
            "category": [
                {
                    "name": "Women",
                    "slug": "women"
                },
                {
                    "name": "Clothing",
                    "slug": "clothing"
                }
            ],
            "brands": [
                {
                    "name": "Geox",
                    "slug": "geox"
                },
                {
                    "name": "UGG",
                    "slug": "ugg"
                },
                {
                    "name": "River Island",
                    "slug": "river-island"
                }
            ],
            "pictures": [
                {
                    "width": "800",
                    "height": "1089",
                    "url": "/uploads/product_5_1_72433e6c68.jpg"
                },
                {
                    "width": "800",
                    "height": "1089",
                    "url": "/uploads/product_5_2_9e1c7c8118.jpg"
                },
                {
                    "width": "800",
                    "height": "1089",
                    "url": "/uploads/product_5_3_339272b3f6.jpg"
                },
                {
                    "width": "800",
                    "height": "1089",
                    "url": "/uploads/product_5_4_500a8b0c0f.jpg"
                }
            ],
            "sm_pictures": [
                {
                    "width": "300",
                    "height": "408",
                    "url": "/uploads/product_5_1_300x408_5e0412ab31.jpg"
                },
                {
                    "width": "300",
                    "height": "408",
                    "url": "/uploads/product_5_2_300x408_ae90b5acd4.jpg"
                },
                {
                    "width": "300",
                    "height": "408",
                    "url": "/uploads/product_5_3_300x408_7beb4f8535.jpg"
                },
                {
                    "width": "300",
                    "height": "408",
                    "url": "/uploads/product_5_4_300x408_69bd0ebb0f.jpg"
                }
            ],
            "variants": []
        },
        {
            "id": 143,
            "name": "Sandals with Lacing",
            "slug": "sandals-with-lacing",
            "short_desc": "Sed egestas, ante et vulputate volutpat, eros pede semper est, vitae luctus metus libero eu augue. Morbi purus libero, faucibus adipiscing. Sed lectus.",
            "price": 80,
            "sale_price": null,
            "review": 2,
            "ratings": 4,
            "until": null,
            "stock": 100,
            "top": true,
            "featured": true,
            "new": true,
            "author": null,
            "sold": null,
            "category": [
                {
                    "name": "Women",
                    "slug": "women"
                },
                {
                    "name": "Accessories",
                    "slug": "accessories"
                },
                {
                    "name": "Boots",
                    "slug": "boots"
                },
                {
                    "name": "Shoes",
                    "slug": "shoes"
                }
            ],
            "brands": [
                {
                    "name": "Geox",
                    "slug": "geox"
                }
            ],
            "pictures": [
                {
                    "width": "800",
                    "height": "1089",
                    "url": "/uploads/product_6_1_500f84158d.jpg"
                },
                {
                    "width": "800",
                    "height": "1089",
                    "url": "/uploads/product_6_2_cfb8c16fd5.jpg"
                },
                {
                    "width": "800",
                    "height": "1089",
                    "url": "/uploads/product_6_3_0618215098.jpg"
                },
                {
                    "width": "800",
                    "height": "1089",
                    "url": "/uploads/product_6_4_a0fdeee249.jpg"
                }
            ],
            "sm_pictures": [
                {
                    "width": "800",
                    "height": "1089",
                    "url": "/uploads/product_6_1_355a94f3cf.jpg"
                },
                {
                    "width": "300",
                    "height": "408",
                    "url": "/uploads/product_6_2_300x408_d82554e56a.jpg"
                },
                {
                    "width": "300",
                    "height": "408",
                    "url": "/uploads/product_6_3_300x408_d7e26ea873.jpg"
                },
                {
                    "width": "300",
                    "height": "408",
                    "url": "/uploads/product_6_4_300x408_6e4436e609.jpg"
                }
            ],
            "variants": []
        },
        {
            "id": 144,
            "name": "Linen-blend Dress",
            "slug": "linen-blend-dress",
            "short_desc": "Morbi purus libero, faucibus adipiscing, commodo quis, gravida id, est. Sed lectus. Praesent elementum hendrerit tortor. Sed semper lorem at felis. Vestibulum volutpat, lacus a ultrices sagittis, mi neque euismod dui, eu pulvinar nunc sapien ",
            "price": 210,
            "sale_price": null,
            "review": 2,
            "ratings": 5,
            "until": null,
            "stock": 0,
            "top": null,
            "featured": null,
            "new": true,
            "author": null,
            "sold": null,
            "category": [
                {
                    "name": "Women",
                    "slug": "women"
                },
                {
                    "name": "Clothing",
                    "slug": "clothing"
                }
            ],
            "brands": [
                {
                    "name": "New Balance",
                    "slug": "new-balance"
                }
            ],
            "pictures": [
                {
                    "width": "800",
                    "height": "1089",
                    "url": "/uploads/product_7_1_489332e963.jpg"
                },
                {
                    "width": "800",
                    "height": "1089",
                    "url": "/uploads/product_7_2_25e539763b.jpg"
                },
                {
                    "width": "800",
                    "height": "1089",
                    "url": "/uploads/product_7_3_24fda2918d.jpg"
                },
                {
                    "width": "800",
                    "height": "1089",
                    "url": "/uploads/product_7_4_e1137a6a49.jpg"
                }
            ],
            "sm_pictures": [
                {
                    "width": "300",
                    "height": "408",
                    "url": "/uploads/product_7_1_300x408_d83ef1bbc4.jpg"
                },
                {
                    "width": "300",
                    "height": "408",
                    "url": "/uploads/product_7_2_300x408_9d3e22e9e1.jpg"
                },
                {
                    "width": "300",
                    "height": "408",
                    "url": "/uploads/product_7_3_300x408_d5782ef4e9.jpg"
                },
                {
                    "width": "300",
                    "height": "408",
                    "url": "/uploads/product_7_4_300x408_5fd11e06a0.jpg"
                }
            ],
            "variants": [
                {
                    "id": 33,
                    "color": "#669933",
                    "color_name": "Green",
                    "price": 210,
                    "size": [
                        {
                            "id": 81,
                            "name": "Small",
                            "slug": null
                        },
                        {
                            "id": 82,
                            "name": "Large",
                            "slug": null
                        }
                    ]
                },
                {
                    "id": 32,
                    "color": "#eabc4e",
                    "color_name": "Yellow",
                    "price": 205,
                    "size": [
                        {
                            "id": 80,
                            "name": "Small",
                            "slug": null
                        },
                        {
                            "id": 84,
                            "name": "Medium",
                            "slug": null
                        },
                        {
                            "id": 83,
                            "name": "Large",
                            "slug": null
                        }
                    ]
                }
            ]
        },
        {
            "id": 145,
            "name": "Bucket Bag",
            "slug": "bucket-bag",
            "short_desc": "Morbi purus libero, faucibus adipiscing, commodo quis, gravida id, est. Sed lectus. Praesent elementum hendrerit tortor. Sed semper lorem at felis. Vestibulum volutpat, lacus a ultrices sagittis, mi neque euismod dui, eu pulvinar nunc sapien ",
            "price": 48,
            "sale_price": null,
            "review": 2,
            "ratings": 5,
            "until": null,
            "stock": 100,
            "top": null,
            "featured": null,
            "new": true,
            "author": null,
            "sold": null,
            "category": [
                {
                    "name": "Women",
                    "slug": "women"
                }
            ],
            "brands": [
                {
                    "name": "Geox",
                    "slug": "geox"
                }
            ],
            "pictures": [
                {
                    "width": "800",
                    "height": "1088",
                    "url": "/uploads/product_8_1_2002b6a214.jpg"
                },
                {
                    "width": "800",
                    "height": "1089",
                    "url": "/uploads/product_8_2_3eada73950.jpg"
                },
                {
                    "width": "800",
                    "height": "1088",
                    "url": "/uploads/product_8_3_5aaf5c6b8a.jpg"
                }
            ],
            "sm_pictures": [
                {
                    "width": "300",
                    "height": "408",
                    "url": "/uploads/product_8_1_300x408_73ab579f7a.jpg"
                },
                {
                    "width": "300",
                    "height": "408",
                    "url": "/uploads/product_8_2_300x408_5225fbfaab.jpg"
                },
                {
                    "width": "300",
                    "height": "408",
                    "url": "/uploads/product_8_3_300x408_310e18fb65.jpg"
                }
            ],
            "variants": []
        },
        {
            "id": 147,
            "name": "Men Brown Jacket",
            "slug": "men-brown-jacket",
            "short_desc": "Morbi purus libero, faucibus adipiscing, commodo quis, gravida id, est. Sed lectus. Praesent elementum hendrerit tortor. Sed semper lorem at felis. Vestibulum volutpat, lacus a ultrices sagittis, mi neque euismod dui, eu pulvinar nunc sapien ",
            "price": 19,
            "sale_price": 9.99,
            "review": 2,
            "ratings": 0,
            "until": null,
            "stock": 100,
            "top": null,
            "featured": null,
            "new": true,
            "author": null,
            "sold": null,
            "category": [
                {
                    "name": "Clothing",
                    "slug": "clothing"
                },
                {
                    "name": "Men",
                    "slug": "men"
                }
            ],
            "brands": [
                {
                    "name": "Geox",
                    "slug": "geox"
                }
            ],
            "pictures": [
                {
                    "width": "800",
                    "height": "1089",
                    "url": "/uploads/product_10_1_48dd519ece.jpg"
                },
                {
                    "width": "800",
                    "height": "1089",
                    "url": "/uploads/product_10_2_f89ab1c53e.jpg"
                },
                {
                    "width": "800",
                    "height": "1089",
                    "url": "/uploads/product_10_3_7648f350a5.jpg"
                }
            ],
            "sm_pictures": [
                {
                    "width": "300",
                    "height": "408",
                    "url": "/uploads/product_10_1_300x408_f4609114ab.jpg"
                },
                {
                    "width": "300",
                    "height": "408",
                    "url": "/uploads/product_10_2_300x408_454048de76.jpg"
                },
                {
                    "width": "300",
                    "height": "408",
                    "url": "/uploads/product_10_3_300x408_5e80660c76.jpg"
                }
            ],
            "variants": []
        },
        {
            "id": 148,
            "name": "Backpack",
            "slug": "backpack",
            "short_desc": "Sed egestas, ante et vulputate volutpat, eros pede semper est, vitae luctus metus libero eu augue. Morbi purus libero, faucibus adipiscing. Sed lectus.",
            "price": 29.99,
            "sale_price": 19.99,
            "review": 2,
            "ratings": 3,
            "until": null,
            "stock": 100,
            "top": true,
            "featured": true,
            "new": true,
            "author": null,
            "sold": null,
            "category": [
                {
                    "name": "Accessories",
                    "slug": "accessories"
                }
            ],
            "brands": [
                {
                    "name": "New Balance",
                    "slug": "new-balance"
                }
            ],
            "pictures": [
                {
                    "width": "800",
                    "height": "1089",
                    "url": "/uploads/product_11_1_ff21a028d4.jpg"
                },
                {
                    "width": "800",
                    "height": "1089",
                    "url": "/uploads/product_11_2_7c309f9944.jpg"
                }
            ],
            "sm_pictures": [
                {
                    "width": "300",
                    "height": "408",
                    "url": "/uploads/product_11_1_300x408_ae69cf8bae.jpg"
                },
                {
                    "width": "300",
                    "height": "408",
                    "url": "/uploads/product_11_2_300x408_25578d1c22.jpg"
                }
            ],
            "variants": []
        },
        {
            "id": 149,
            "name": "Rib-knit cardigan",
            "slug": "rib-knit-cardigan",
            "short_desc": "Morbi purus libero, faucibus adipiscing, commodo quis, gravida id, est. Sed lectus. Praesent elementum hendrerit tortor. Sed semper lorem at felis. Vestibulum volutpat, lacus a ultrices sagittis, mi neque euismod dui, eu pulvinar nunc sapien ",
            "price": 24.99,
            "sale_price": null,
            "review": 2,
            "ratings": 3,
            "until": null,
            "stock": 100,
            "top": null,
            "featured": null,
            "new": true,
            "author": null,
            "sold": null,
            "category": [
                {
                    "name": "Clothing",
                    "slug": "clothing"
                },
                {
                    "name": "Women",
                    "slug": "women"
                }
            ],
            "brands": [
                {
                    "name": "New Balance",
                    "slug": "new-balance"
                }
            ],
            "pictures": [
                {
                    "width": "800",
                    "height": "1089",
                    "url": "/uploads/product_12_1_7b6168f540.jpg"
                },
                {
                    "width": "800",
                    "height": "1089",
                    "url": "/uploads/product_12_2_eef98ee8cb.jpg"
                }
            ],
            "sm_pictures": [
                {
                    "width": "300",
                    "height": "408",
                    "url": "/uploads/product_12_1_300x408_ae655d0af1.jpg"
                },
                {
                    "width": "300",
                    "height": "408",
                    "url": "/uploads/product_12_2_300x408_d18d6419ed.jpg"
                }
            ],
            "variants": []
        },
        {
            "id": 150,
            "name": "Dress with a belt",
            "slug": "dress-with-a-belt",
            "short_desc": "Morbi purus libero, faucibus adipiscing, commodo quis, gravida id, est. Sed lectus. Praesent elementum hendrerit tortor. Sed semper lorem at felis. Vestibulum volutpat, lacus a ultrices sagittis, mi neque euismod dui, eu pulvinar nunc sapien ",
            "price": 199,
            "sale_price": null,
            "review": 2,
            "ratings": 5,
            "until": null,
            "stock": null,
            "top": null,
            "featured": null,
            "new": true,
            "author": null,
            "sold": null,
            "category": [
                {
                    "name": "Clothing",
                    "slug": "clothing"
                },
                {
                    "name": "Women",
                    "slug": "women"
                }
            ],
            "brands": [
                {
                    "name": "Geox",
                    "slug": "geox"
                }
            ],
            "pictures": [
                {
                    "width": "800",
                    "height": "1089",
                    "url": "/uploads/product_13_1_24c22df94c.jpg"
                },
                {
                    "width": "800",
                    "height": "1089",
                    "url": "/uploads/product_13_2_3171fa8e6c.jpg"
                },
                {
                    "width": "800",
                    "height": "1089",
                    "url": "/uploads/product_13_3_40cc2dea75.jpg"
                },
                {
                    "width": "800",
                    "height": "1089",
                    "url": "/uploads/product_13_4_d1b38c045c.jpg"
                }
            ],
            "sm_pictures": [
                {
                    "width": "300",
                    "height": "408",
                    "url": "/uploads/product_13_1_300x408_b221458654.jpg"
                },
                {
                    "width": "300",
                    "height": "408",
                    "url": "/uploads/product_13_2_300x408_d5193277b3.jpg"
                },
                {
                    "width": "300",
                    "height": "408",
                    "url": "/uploads/product_13_3_300x408_10d11ca4ac.jpg"
                },
                {
                    "width": "300",
                    "height": "408",
                    "url": "/uploads/product_13_4_300x408_92bfd68734.jpg"
                }
            ],
            "variants": [
                {
                    "id": 34,
                    "color": "#333333",
                    "color_name": "Grey",
                    "price": 199,
                    "size": [
                        {
                            "id": 85,
                            "name": "Small",
                            "slug": null
                        },
                        {
                            "id": 86,
                            "name": "Medium",
                            "slug": null
                        },
                        {
                            "id": 88,
                            "name": "Large",
                            "slug": null
                        },
                        {
                            "id": 87,
                            "name": "Extra Large",
                            "slug": null
                        }
                    ]
                },
                {
                    "id": 36,
                    "color": "#cc3333",
                    "color_name": "Red",
                    "price": 189,
                    "size": [
                        {
                            "id": 90,
                            "name": "Large",
                            "slug": null
                        },
                        {
                            "id": 92,
                            "name": "Extra Large",
                            "slug": null
                        }
                    ]
                },
                {
                    "id": 35,
                    "color": "#669933",
                    "color_name": "Green",
                    "price": 209,
                    "size": [
                        {
                            "id": 89,
                            "name": "Medium",
                            "slug": null
                        },
                        {
                            "id": 93,
                            "name": "Large",
                            "slug": null
                        },
                        {
                            "id": 91,
                            "name": "Extra Large",
                            "slug": null
                        }
                    ]
                }
            ]
        },
        {
            "id": 151,
            "name": "Vest Dress",
            "slug": "vest-dress",
            "short_desc": "Sed egestas, ante et vulputate volutpat, eros pede semper est, vitae luctus metus libero eu augue. Morbi purus libero, faucibus adipiscing. Sed lectus.",
            "price": 80,
            "sale_price": null,
            "review": 2,
            "ratings": 0,
            "until": null,
            "stock": 0,
            "top": true,
            "featured": null,
            "new": true,
            "author": null,
            "sold": null,
            "category": [
                {
                    "name": "Clothing",
                    "slug": "clothing"
                },
                {
                    "name": "Women",
                    "slug": "women"
                }
            ],
            "brands": [
                {
                    "name": "Nike",
                    "slug": "nike"
                }
            ],
            "pictures": [
                {
                    "width": "800",
                    "height": "1089",
                    "url": "/uploads/product_14_1_fe3f1e5680.jpg"
                },
                {
                    "width": "800",
                    "height": "1089",
                    "url": "/uploads/product_14_2_ffe365097b.jpg"
                },
                {
                    "width": "800",
                    "height": "1089",
                    "url": "/uploads/product_14_3_002c291e3c.jpg"
                },
                {
                    "width": "800",
                    "height": "1089",
                    "url": "/uploads/product_14_4_1bfdb763c3.jpg"
                }
            ],
            "sm_pictures": [
                {
                    "width": "300",
                    "height": "408",
                    "url": "/uploads/product_14_1_300x408_32a2e5fa8d.jpg"
                },
                {
                    "width": "300",
                    "height": "408",
                    "url": "/uploads/product_14_2_300x408_9914144c6e.jpg"
                },
                {
                    "width": "300",
                    "height": "408",
                    "url": "/uploads/product_14_3_300x408_27e49fd605.jpg"
                },
                {
                    "width": "300",
                    "height": "408",
                    "url": "/uploads/product_14_4_300x408_00d8e12521.jpg"
                }
            ],
            "variants": []
        }
    ],
    "posts": [
        {
            "id": 101,
            "author": "Jane Doe",
            "comments": "0",
            "content": "Lorem ipsum dolor sit amet, consectetuer adipiscing elit. Phasellus hendrerit.Pelletesque aliquet nibh necurna.",
            "date": "2020-09-22",
            "slug": "sed-adipiscing-odbrnare.",
            "title": "Sed adipiscing odbrnare.",
            "type": "image",
            "blog_categories": [
                {
                    "name": "Lifestyle",
                    "slug": "lifestyle"
                }
            ],
            "image": [
                {
                    "width": "376",
                    "height": "250",
                    "url": "/uploads/post_1_8285333d58.jpg"
                }
            ]
        },
        {
            "id": 102,
            "author": "Jane Doe",
            "comments": "0",
            "content": "Sed pretium, ligula sollicitudin laoreet viverra, tortor libero sodales leo, eget blandit nunc tortor eu nibh. Nullam mollis justo.",
            "date": "2020-05-12",
            "slug": "fusce-lacifgbnia-arcuet-nulla.",
            "title": "Fusce lacifgbnia arcuet nulla.",
            "type": "image",
            "blog_categories": [
                {
                    "name": "Lifestyle",
                    "slug": "lifestyle"
                }
            ],
            "image": [
                {
                    "width": "376",
                    "height": "250",
                    "url": "/uploads/post_2_73cf3ad8f8.jpg"
                }
            ]
        },
        {
            "id": 103,
            "author": "Jane Doe",
            "comments": "2",
            "content": "Suspendisse potenti. Sed egestas, ante et vulputate volutpat, eros pede semper est, vitae luctus metus libero eu augue.",
            "date": "2020-05-19",
            "slug": "quisque-volutpat-mdbattis-eros.",
            "title": "Quisque volutpat mdbattis eros.",
            "type": "image",
            "blog_categories": [
                {
                    "name": "Lifestyle",
                    "slug": "lifestyle"
                }
            ],
            "image": [
                {
                    "width": "376",
                    "height": "250",
                    "url": "/uploads/post_3_dbb5414ec7.jpg"
                }
            ]
        }
    ]
}