{
    "products": [
        {
            "id": 256,
            "name": "Stowell Hood Fleece",
            "slug": "stowell-hood-fleece",
            "short_desc": "Morbi purus libero, faucibus adipiscing, commodo quis, gravida id, est. Sed lectus. Praesent elementum hendrerit tortor. Sed semper lorem at felis. Vestibulum volutpat, lacus a ultrices sagittis, mi neque euismod dui, eu pulvinar nunc sapien ",
            "price": 55.99,
            "sale_price": null,
            "review": 2,
            "ratings": 4,
            "until": null,
            "stock": 100,
            "top": null,
            "featured": null,
            "new": null,
            "author": null,
            "sold": null,
            "category": [
                {
                    "name": "Men",
                    "slug": "men"
                },
                {
                    "name": "Tops",
                    "slug": "tops"
                }
            ],
            "brands": [
                {
                    "name": "River Island",
                    "slug": "river-island"
                }
            ],
            "pictures": [
                {
                    "width": "800",
                    "height": "800",
                    "url": "/uploads/product_6_1_4a5397d84a.jpg"
                }
            ],
            "sm_pictures": [
                {
                    "width": "300",
                    "height": "300",
                    "url": "/uploads/product_6_1_300x300_cc6910e994.jpg"
                }
            ],
            "variants": []
        },
        {
            "id": 257,
            "name": "Force Tight",
            "slug": "force-tight",
            "short_desc": "Morbi purus libero, faucibus adipiscing, commodo quis, gravida id, est. Sed lectus. Praesent elementum hendrerit tortor. Sed semper lorem at felis. Vestibulum volutpat, lacus a ultrices sagittis, mi neque euismod dui, eu pulvinar nunc sapien ",
            "price": 135.99,
            "sale_price": null,
            "review": 2,
            "ratings": 4,
            "until": null,
            "stock": 100,
            "top": null,
            "featured": null,
            "new": null,
            "author": null,
            "sold": null,
            "category": [
                {
                    "name": "Bottoms",
                    "slug": "bottoms"
                },
                {
                    "name": "Men",
                    "slug": "men"
                }
            ],
            "brands": [
                {
                    "name": "Nike",
                    "slug": "nike"
                }
            ],
            "pictures": [
                {
                    "width": "800",
                    "height": "800",
                    "url": "/uploads/product_7_1_603e90a2bf.jpg"
                },
                {
                    "width": "800",
                    "height": "800",
                    "url": "/uploads/product_7_2_f84e0ceb23.jpg"
                },
                {
                    "width": "800",
                    "height": "800",
                    "url": "/uploads/product_7_3_d893a549ed.jpg"
                },
                {
                    "width": "800",
                    "height": "800",
                    "url": "/uploads/product_7_4_4f3079bc62.jpg"
                }
            ],
            "sm_pictures": [
                {
                    "width": "300",
                    "height": "300",
                    "url": "/uploads/product_7_1_300x300_546b5ba173.jpg"
                },
                {
                    "width": "300",
                    "height": "300",
                    "url": "/uploads/product_7_2_300x300_54033ef820.jpg"
                },
                {
                    "width": "300",
                    "height": "300",
                    "url": "/uploads/product_7_3_300x300_c5a9341e26.jpg"
                },
                {
                    "width": "300",
                    "height": "300",
                    "url": "/uploads/product_7_4_300x300_b54108744d.jpg"
                }
            ],
            "variants": [
                {
                    "id": 60,
                    "color": "#669933",
                    "color_name": "Green",
                    "price": 135.99,
                    "size": [
                        {
                            "id": 155,
                            "name": "Small",
                            "slug": null
                        },
                        {
                            "id": 157,
                            "name": "Large",
                            "slug": null
                        }
                    ]
                },
                {
                    "id": 59,
                    "color": "#333333",
                    "color_name": "Grey",
                    "price": 131.99,
                    "size": [
                        {
                            "id": 153,
                            "name": "Small",
                            "slug": null
                        },
                        {
                            "id": 154,
                            "name": "Medium",
                            "slug": null
                        },
                        {
                            "id": 156,
                            "name": "Large",
                            "slug": null
                        }
                    ]
                }
            ]
        },
        {
            "id": 258,
            "name": "Blitzing Cap",
            "slug": "blitzing-cap",
            "short_desc": "Morbi purus libero, faucibus adipiscing, commodo quis, gravida id, est. Sed lectus. Praesent elementum hendrerit tortor. Sed semper lorem at felis. Vestibulum volutpat, lacus a ultrices sagittis, mi neque euismod dui, eu pulvinar nunc sapien ",
            "price": 29.99,
            "sale_price": null,
            "review": 2,
            "ratings": 5,
            "until": null,
            "stock": 100,
            "top": null,
            "featured": null,
            "new": null,
            "author": null,
            "sold": null,
            "category": [
                {
                    "name": "Accessories",
                    "slug": "accessories"
                },
                {
                    "name": "Men",
                    "slug": "men"
                }
            ],
            "brands": [
                {
                    "name": "Nike",
                    "slug": "nike"
                }
            ],
            "pictures": [
                {
                    "width": "300",
                    "height": "300",
                    "url": "/uploads/product_8_1_fc30dd62d9.jpg"
                },
                {
                    "width": "800",
                    "height": "800",
                    "url": "/uploads/product_8_2_159c77ed81.jpg"
                }
            ],
            "sm_pictures": [
                {
                    "width": "300",
                    "height": "300",
                    "url": "/uploads/product_8_1_300x300_1a2155b28d.jpg"
                },
                {
                    "width": "300",
                    "height": "300",
                    "url": "/uploads/product_8_2_300x300_63d392ea5b.jpg"
                }
            ],
            "variants": []
        },
        {
            "id": 259,
            "name": "Nike Renew Arena",
            "slug": "nike-renew-arena",
            "short_desc": "Morbi purus libero, faucibus adipiscing, commodo quis, gravida id, est. Sed lectus. Praesent elementum hendrerit tortor. Sed semper lorem at felis. Vestibulum volutpat, lacus a ultrices sagittis, mi neque euismod dui, eu pulvinar nunc sapien ",
            "price": 99.99,
            "sale_price": null,
            "review": 2,
            "ratings": 4,
            "until": null,
            "stock": 100,
            "top": true,
            "featured": true,
            "new": null,
            "author": null,
            "sold": null,
            "category": [
                {
                    "name": "Shoes",
                    "slug": "shoes"
                },
                {
                    "name": "Women",
                    "slug": "women"
                }
            ],
            "brands": [
                {
                    "name": "F&F",
                    "slug": "fandf"
                },
                {
                    "name": "UGG",
                    "slug": "ugg"
                }
            ],
            "pictures": [
                {
                    "width": "800",
                    "height": "800",
                    "url": "/uploads/product_1_1_a62523f869.jpg"
                },
                {
                    "width": "800",
                    "height": "800",
                    "url": "/uploads/product_1_2_f5745022dd.jpg"
                },
                {
                    "width": "800",
                    "height": "800",
                    "url": "/uploads/product_1_3_388949b787.jpg"
                },
                {
                    "width": "800",
                    "height": "800",
                    "url": "/uploads/product_1_4_600e1c3112.jpg"
                }
            ],
            "sm_pictures": [
                {
                    "width": "300",
                    "height": "300",
                    "url": "/uploads/product_1_1_300x300_8bc71b45e8.jpg"
                },
                {
                    "width": "300",
                    "height": "300",
                    "url": "/uploads/product_1_2_300x300_8849a43b7e.jpg"
                },
                {
                    "width": "300",
                    "height": "300",
                    "url": "/uploads/product_1_3_300x300_27e3b5f184.jpg"
                },
                {
                    "width": "300",
                    "height": "300",
                    "url": "/uploads/product_1_4_300x300_d2a435650b.jpg"
                }
            ],
            "variants": []
        },
        {
            "id": 260,
            "name": "Advanced Skin 12 Set",
            "slug": "advanced-skin-12-set",
            "short_desc": "Morbi purus libero, faucibus adipiscing, commodo quis, gravida id, est. Sed lectus. Praesent elementum hendrerit tortor. Sed semper lorem at felis. Vestibulum volutpat, lacus a ultrices sagittis, mi neque euismod dui, eu pulvinar nunc sapien ",
            "price": 199.99,
            "sale_price": null,
            "review": 2,
            "ratings": 5,
            "until": null,
            "stock": 100,
            "top": null,
            "featured": true,
            "new": null,
            "author": null,
            "sold": null,
            "category": [
                {
                    "name": "Women",
                    "slug": "women"
                },
                {
                    "name": "Jackets & Vests",
                    "slug": "jackets-and-vests"
                }
            ],
            "brands": [
                {
                    "name": "F&F",
                    "slug": "fandf"
                },
                {
                    "name": "Nike",
                    "slug": "nike"
                }
            ],
            "pictures": [
                {
                    "width": "800",
                    "height": "800",
                    "url": "/uploads/product_2_1_c77f54055b.jpg"
                },
                {
                    "width": "800",
                    "height": "800",
                    "url": "/uploads/product_2_2_71357b535e.jpg"
                },
                {
                    "width": "800",
                    "height": "800",
                    "url": "/uploads/product_2_3_a66297e5da.jpg"
                }
            ],
            "sm_pictures": [
                {
                    "width": "300",
                    "height": "300",
                    "url": "/uploads/product_2_1_300x300_52e3554764.jpg"
                },
                {
                    "width": "300",
                    "height": "300",
                    "url": "/uploads/product_2_2_300x300_c870defead.jpg"
                },
                {
                    "width": "300",
                    "height": "300",
                    "url": "/uploads/product_2_3_300x300_feccfc9b6b.jpg"
                }
            ],
            "variants": []
        },
        {
            "id": 261,
            "name": "Performance-T Shirt",
            "slug": "performance-t-shirt",
            "short_desc": "Morbi purus libero, faucibus adipiscing, commodo quis, gravida id, est. Sed lectus. Praesent elementum hendrerit tortor. Sed semper lorem at felis. Vestibulum volutpat, lacus a ultrices sagittis, mi neque euismod dui, eu pulvinar nunc sapien ",
            "price": 99.99,
            "sale_price": null,
            "review": 2,
            "ratings": 4,
            "until": null,
            "stock": null,
            "top": true,
            "featured": true,
            "new": null,
            "author": null,
            "sold": null,
            "category": [
                {
                    "name": "Tops",
                    "slug": "tops"
                },
                {
                    "name": "Women",
                    "slug": "women"
                }
            ],
            "brands": [
                {
                    "name": "F&F",
                    "slug": "fandf"
                },
                {
                    "name": "Nike",
                    "slug": "nike"
                }
            ],
            "pictures": [
                {
                    "width": "800",
                    "height": "800",
                    "url": "/uploads/product_3_1_2cc94da746.jpg"
                },
                {
                    "width": "800",
                    "height": "800",
                    "url": "/uploads/product_3_2_31326b6c7d.jpg"
                },
                {
                    "width": "800",
                    "height": "800",
                    "url": "/uploads/product_3_3_742c693438.jpg"
                }
            ],
            "sm_pictures": [
                {
                    "width": "300",
                    "height": "300",
                    "url": "/uploads/product_3_1_300x300_f8e83d8f46.jpg"
                },
                {
                    "width": "300",
                    "height": "300",
                    "url": "/uploads/product_3_2_300x300_dd635c8757.jpg"
                },
                {
                    "width": "300",
                    "height": "300",
                    "url": "/uploads/product_3_3_300x300_17d9331dfe.jpg"
                }
            ],
            "variants": []
        },
        {
            "id": 262,
            "name": "CB Carbon 2 Cycling Short",
            "slug": "cb-carbon-2-cycling-short",
            "short_desc": "Morbi purus libero, faucibus adipiscing, commodo quis, gravida id, est. Sed lectus. Praesent elementum hendrerit tortor. Sed semper lorem at felis. Vestibulum volutpat, lacus a ultrices sagittis, mi neque euismod dui, eu pulvinar nunc sapien ",
            "price": 159.99,
            "sale_price": null,
            "review": 2,
            "ratings": 5,
            "until": null,
            "stock": 100,
            "top": null,
            "featured": true,
            "new": null,
            "author": null,
            "sold": null,
            "category": [
                {
                    "name": "Bottoms",
                    "slug": "bottoms"
                },
                {
                    "name": "Women",
                    "slug": "women"
                }
            ],
            "brands": [
                {
                    "name": "F&F",
                    "slug": "fandf"
                },
                {
                    "name": "Nike",
                    "slug": "nike"
                }
            ],
            "pictures": [
                {
                    "width": "800",
                    "height": "800",
                    "url": "/uploads/product_4_1_eb91351914.jpg"
                },
                {
                    "width": "800",
                    "height": "800",
                    "url": "/uploads/product_4_2_b129385d5a.jpg"
                },
                {
                    "width": "800",
                    "height": "800",
                    "url": "/uploads/product_4_3_e232dbc56e.jpg"
                },
                {
                    "width": "800",
                    "height": "800",
                    "url": "/uploads/product_4_4_0ae5c807a3.jpg"
                }
            ],
            "sm_pictures": [
                {
                    "width": "300",
                    "height": "300",
                    "url": "/uploads/product_4_1_300x300_4530b77185.jpg"
                },
                {
                    "width": "300",
                    "height": "300",
                    "url": "/uploads/product_4_2_300x300_bc18c99dcd.jpg"
                },
                {
                    "width": "300",
                    "height": "300",
                    "url": "/uploads/product_4_3_300x300_310fa93ed7.jpg"
                },
                {
                    "width": "300",
                    "height": "300",
                    "url": "/uploads/product_4_4_300x300_b3559ff0c6.jpg"
                }
            ],
            "variants": []
        },
        {
            "id": 263,
            "name": "Under Armour UA Spawn Low",
            "slug": "under-armour-ua-spawn-low",
            "short_desc": "Morbi purus libero, faucibus adipiscing, commodo quis, gravida id, est. Sed lectus. Praesent elementum hendrerit tortor. Sed semper lorem at felis. Vestibulum volutpat, lacus a ultrices sagittis, mi neque euismod dui, eu pulvinar nunc sapien ",
            "price": 77.99,
            "sale_price": null,
            "review": 2,
            "ratings": 5,
            "until": null,
            "stock": 100,
            "top": null,
            "featured": null,
            "new": null,
            "author": null,
            "sold": null,
            "category": [
                {
                    "name": "Shoes",
                    "slug": "shoes"
                },
                {
                    "name": "Men",
                    "slug": "men"
                }
            ],
            "brands": [
                {
                    "name": "Nike",
                    "slug": "nike"
                },
                {
                    "name": "F&F",
                    "slug": "fandf"
                }
            ],
            "pictures": [
                {
                    "width": "800",
                    "height": "800",
                    "url": "/uploads/product_9_1_716ae2b67c.jpg"
                },
                {
                    "width": "800",
                    "height": "800",
                    "url": "/uploads/product_9_2_f68d37ec0f.jpg"
                },
                {
                    "width": "800",
                    "height": "800",
                    "url": "/uploads/product_9_3_faf261ce08.jpg"
                },
                {
                    "width": "800",
                    "height": "800",
                    "url": "/uploads/product_9_4_44097bbea6.jpg"
                }
            ],
            "sm_pictures": [
                {
                    "width": "300",
                    "height": "300",
                    "url": "/uploads/product_9_1_300x300_629238c45e.jpg"
                },
                {
                    "width": "300",
                    "height": "300",
                    "url": "/uploads/product_9_2_300x300_054faa87b4.jpg"
                },
                {
                    "width": "300",
                    "height": "300",
                    "url": "/uploads/product_9_3_300x300_6147b6af68.jpg"
                },
                {
                    "width": "300",
                    "height": "300",
                    "url": "/uploads/product_9_4_300x300_d126aae518.jpg"
                }
            ],
            "variants": []
        },
        {
            "id": 264,
            "name": "Fanorak",
            "slug": "fanorak",
            "short_desc": "Morbi purus libero, faucibus adipiscing, commodo quis, gravida id, est. Sed lectus. Praesent elementum hendrerit tortor. Sed semper lorem at felis. Vestibulum volutpat, lacus a ultrices sagittis, mi neque euismod dui, eu pulvinar nunc sapien ornare nisl. Phasellus pede arcu, dapibus eu, ",
            "price": 106.99,
            "sale_price": 76.99,
            "review": 2,
            "ratings": 5,
            "until": null,
            "stock": 100,
            "top": null,
            "featured": true,
            "new": null,
            "author": null,
            "sold": null,
            "category": [
                {
                    "name": "Jackets & Vests",
                    "slug": "jackets-and-vests"
                },
                {
                    "name": "Women",
                    "slug": "women"
                }
            ],
            "brands": [
                {
                    "name": "New Balance",
                    "slug": "new-balance"
                }
            ],
            "pictures": [
                {
                    "width": "800",
                    "height": "800",
                    "url": "/uploads/product_5_1_efd21c721a.jpg"
                },
                {
                    "width": "800",
                    "height": "800",
                    "url": "/uploads/product_5_2_e365a53da8.jpg"
                },
                {
                    "width": "300",
                    "height": "300",
                    "url": "/uploads/product_5_3_77c1f459a9.jpg"
                },
                {
                    "width": "800",
                    "height": "800",
                    "url": "/uploads/product_5_4_7854475b51.jpg"
                }
            ],
            "sm_pictures": [
                {
                    "width": "300",
                    "height": "300",
                    "url": "/uploads/product_5_1_300x300_084088e4f7.jpg"
                },
                {
                    "width": "300",
                    "height": "300",
                    "url": "/uploads/product_5_2_300x300_07bec8f265.jpg"
                },
                {
                    "width": "800",
                    "height": "800",
                    "url": "/uploads/product_5_3_300x300_d96ea2df1d.jpg"
                },
                {
                    "width": "300",
                    "height": "300",
                    "url": "/uploads/product_5_4_300x300_65ae756e27.jpg"
                }
            ],
            "variants": []
        },
        {
            "id": 265,
            "name": "Osprey Talia",
            "slug": "osprey-talia",
            "short_desc": "Morbi purus libero, faucibus adipiscing, commodo quis, gravida id, est. Sed lectus. Praesent elementum hendrerit tortor. Sed semper lorem at felis. Vestibulum volutpat, lacus a ultrices sagittis, mi neque euismod dui, eu pulvinar nunc sapien ornare nisl. Phasellus pede arcu, dapibus eu, ",
            "price": 150,
            "sale_price": 67.5,
            "review": 2,
            "ratings": 5,
            "until": null,
            "stock": 100,
            "top": true,
            "featured": true,
            "new": false,
            "author": null,
            "sold": null,
            "category": [
                {
                    "name": "Bags",
                    "slug": "bags"
                },
                {
                    "name": "Women",
                    "slug": "women"
                }
            ],
            "brands": [
                {
                    "name": "Nike",
                    "slug": "nike"
                }
            ],
            "pictures": [
                {
                    "width": "800",
                    "height": "800",
                    "url": "/uploads/product_10_1_d8b95742e9.jpg"
                },
                {
                    "width": "800",
                    "height": "800",
                    "url": "/uploads/product_10_2_3d9b9b0668.jpg"
                },
                {
                    "width": "800",
                    "height": "800",
                    "url": "/uploads/product_10_3_0df3c512a3.jpg"
                },
                {
                    "width": "800",
                    "height": "800",
                    "url": "/uploads/product_10_4_a24254867c.jpg"
                }
            ],
            "sm_pictures": [
                {
                    "width": "300",
                    "height": "300",
                    "url": "/uploads/product_10_1_300x300_3d60d8a3cf.jpg"
                },
                {
                    "width": "300",
                    "height": "300",
                    "url": "/uploads/product_10_2_300x300_3a97dd2490.jpg"
                },
                {
                    "width": "300",
                    "height": "300",
                    "url": "/uploads/product_10_3_300x300_708c425fc9.jpg"
                },
                {
                    "width": "300",
                    "height": "300",
                    "url": "/uploads/product_10_4_300x300_09febb738b.jpg"
                }
            ],
            "variants": []
        },
        {
            "id": 266,
            "name": "PUMA Ignite Limitless Leather",
            "slug": "puma-ignite-limitless-leather",
            "short_desc": "Morbi purus libero, faucibus adipiscing, commodo quis, gravida id, est. Sed lectus. Praesent elementum hendrerit tortor. Sed semper lorem at felis. Vestibulum volutpat, lacus a ultrices sagittis, mi neque euismod dui, eu pulvinar nunc sapien ornare nisl. Phasellus pede arcu, dapibus eu, ",
            "price": 52.66,
            "sale_price": null,
            "review": 2,
            "ratings": 3,
            "until": null,
            "stock": 100,
            "top": null,
            "featured": true,
            "new": null,
            "author": null,
            "sold": null,
            "category": [
                {
                    "name": "Men",
                    "slug": "men"
                },
                {
                    "name": "Shoes",
                    "slug": "shoes"
                }
            ],
            "brands": [
                {
                    "name": "Nike",
                    "slug": "nike"
                }
            ],
            "pictures": [
                {
                    "width": "800",
                    "height": "800",
                    "url": "/uploads/product_11_2_b0b16038fc.jpg"
                },
                {
                    "width": "800",
                    "height": "800",
                    "url": "/uploads/product_11_3_26ac0fc233.jpg"
                },
                {
                    "width": "800",
                    "height": "800",
                    "url": "/uploads/product_11_4_0a85f7ceb9.jpg"
                }
            ],
            "sm_pictures": [
                {
                    "width": "300",
                    "height": "300",
                    "url": "/uploads/product_11_2_300x300_0c34205629.jpg"
                },
                {
                    "width": "800",
                    "height": "800",
                    "url": "/uploads/product_11_3_300x300_846c50fe44.jpg"
                },
                {
                    "width": "300",
                    "height": "300",
                    "url": "/uploads/product_11_4_300x300_bf18aa438f.jpg"
                }
            ],
            "variants": []
        },
        {
            "id": 267,
            "name": "Small Sleeping Bag",
            "slug": "small-sleeping-bag",
            "short_desc": "Morbi purus libero, faucibus adipiscing, commodo quis, gravida id, est. Sed lectus. Praesent elementum hendrerit tortor. Sed semper lorem at felis. Vestibulum volutpat, lacus a ultrices sagittis, mi neque euismod dui, eu pulvinar nunc sapien ornare nisl. Phasellus pede arcu, dapibus eu, ",
            "price": 299.99,
            "sale_price": null,
            "review": 2,
            "ratings": 5,
            "until": null,
            "stock": 100,
            "top": true,
            "featured": true,
            "new": null,
            "author": null,
            "sold": null,
            "category": [
                {
                    "name": "Accessories",
                    "slug": "accessories"
                },
                {
                    "name": "Bags",
                    "slug": "bags"
                },
                {
                    "name": "Women",
                    "slug": "women"
                }
            ],
            "brands": [
                {
                    "name": "Nike",
                    "slug": "nike"
                }
            ],
            "pictures": [
                {
                    "width": "800",
                    "height": "800",
                    "url": "/uploads/product_12_1_fbd7c7de0b.jpg"
                },
                {
                    "width": "800",
                    "height": "800",
                    "url": "/uploads/product_12_2_abce1bb3d6.jpg"
                }
            ],
            "sm_pictures": [
                {
                    "width": "300",
                    "height": "300",
                    "url": "/uploads/product_12_1_300x300_53d52a433a.jpg"
                },
                {
                    "width": "300",
                    "height": "300",
                    "url": "/uploads/product_12_2_300x300_6f31645898.jpg"
                }
            ],
            "variants": []
        },
        {
            "id": 268,
            "name": "Alphaskin Sport Bra",
            "slug": "alphaskin-sport-bra",
            "short_desc": "Morbi purus libero, faucibus adipiscing, commodo quis, gravida id, est. Sed lectus. Praesent elementum hendrerit tortor. Sed semper lorem at felis. Vestibulum volutpat, lacus a ultrices sagittis, mi neque euismod dui, eu pulvinar nunc sapien ornare nisl. Phasellus pede arcu, dapibus eu, ",
            "price": 34.99,
            "sale_price": null,
            "review": 2,
            "ratings": 5,
            "until": null,
            "stock": 100,
            "top": null,
            "featured": true,
            "new": null,
            "author": null,
            "sold": null,
            "category": [
                {
                    "name": "Tops",
                    "slug": "tops"
                },
                {
                    "name": "Women",
                    "slug": "women"
                }
            ],
            "brands": [
                {
                    "name": "Nike",
                    "slug": "nike"
                }
            ],
            "pictures": [
                {
                    "width": "800",
                    "height": "800",
                    "url": "/uploads/product_13_1_355d0c9476.jpg"
                },
                {
                    "width": "800",
                    "height": "800",
                    "url": "/uploads/product_13_2_ce2358f91a.jpg"
                },
                {
                    "width": "800",
                    "height": "800",
                    "url": "/uploads/product_13_3_726bb7f0cc.jpg"
                },
                {
                    "width": "800",
                    "height": "800",
                    "url": "/uploads/product_13_4_64b0a5ad60.jpg"
                }
            ],
            "sm_pictures": [
                {
                    "width": "300",
                    "height": "300",
                    "url": "/uploads/product_13_1_300x300_20f0f8a704.jpg"
                },
                {
                    "width": "300",
                    "height": "300",
                    "url": "/uploads/product_13_2_300x300_2f860089d9.jpg"
                },
                {
                    "width": "300",
                    "height": "300",
                    "url": "/uploads/product_13_3_300x300_345dfeb2c9.jpg"
                },
                {
                    "width": "300",
                    "height": "300",
                    "url": "/uploads/product_13_4_300x300_324f2ab7e4.jpg"
                }
            ],
            "variants": []
        },
        {
            "id": 269,
            "name": "Watertight Jacket",
            "slug": "watertight-jacket",
            "short_desc": "Morbi purus libero, faucibus adipiscing, commodo quis, gravida id, est. Sed lectus. Praesent elementum hendrerit tortor. Sed semper lorem at felis. Vestibulum volutpat, lacus a ultrices sagittis, mi neque euismod dui, eu pulvinar nunc sapien ornare nisl. Phasellus pede arcu, dapibus eu, ",
            "price": 76.99,
            "sale_price": null,
            "review": 2,
            "ratings": 4,
            "until": null,
            "stock": 100,
            "top": true,
            "featured": true,
            "new": null,
            "author": null,
            "sold": null,
            "category": [
                {
                    "name": "Women",
                    "slug": "women"
                },
                {
                    "name": "Jackets & Vests",
                    "slug": "jackets-and-vests"
                }
            ],
            "brands": [
                {
                    "name": "Nike",
                    "slug": "nike"
                }
            ],
            "pictures": [
                {
                    "width": "800",
                    "height": "800",
                    "url": "/uploads/product_14_2_3c46b8ac48.jpg"
                },
                {
                    "width": "800",
                    "height": "800",
                    "url": "/uploads/product_14_1_ab853a5304.jpg"
                },
                {
                    "width": "800",
                    "height": "800",
                    "url": "/uploads/product_14_3_6e9718896c.jpg"
                }
            ],
            "sm_pictures": [
                {
                    "width": "300",
                    "height": "300",
                    "url": "/uploads/product_14_2_300x300_7294a7fb72.jpg"
                },
                {
                    "width": "300",
                    "height": "300",
                    "url": "/uploads/product_14_1_300x300_d6bee7d7b7.jpg"
                },
                {
                    "width": "300",
                    "height": "300",
                    "url": "/uploads/product_14_3_300x300_008d1fffd4.jpg"
                }
            ],
            "variants": []
        },
        {
            "id": 270,
            "name": "Adidas Y-3 Yohji Yamamoto",
            "slug": "adidas-y-3-yohji-yamamoto",
            "short_desc": "Morbi purus libero, faucibus adipiscing, commodo quis, gravida id, est. Sed lectus. Praesent elementum hendrerit tortor. Sed semper lorem at felis. Vestibulum volutpat, lacus a ultrices sagittis, mi neque euismod dui, eu pulvinar nunc sapien ornare nisl. Phasellus pede arcu, dapibus eu, ",
            "price": 400,
            "sale_price": 239.99,
            "review": 2,
            "ratings": 3,
            "until": "2022-04-01",
            "stock": 100,
            "top": null,
            "featured": true,
            "new": null,
            "author": null,
            "sold": null,
            "category": [
                {
                    "name": "Men",
                    "slug": "men"
                },
                {
                    "name": "Shoes",
                    "slug": "shoes"
                }
            ],
            "brands": [
                {
                    "name": "Nike",
                    "slug": "nike"
                }
            ],
            "pictures": [
                {
                    "width": "800",
                    "height": "800",
                    "url": "/uploads/product_15_1_b349b4e462.jpg"
                },
                {
                    "width": "800",
                    "height": "800",
                    "url": "/uploads/product_15_2_0cd0d7ec61.jpg"
                },
                {
                    "width": "800",
                    "height": "800",
                    "url": "/uploads/product_15_3_600256cc53.jpg"
                },
                {
                    "width": "800",
                    "height": "800",
                    "url": "/uploads/product_15_4_7b184d845a.jpg"
                }
            ],
            "sm_pictures": [
                {
                    "width": "300",
                    "height": "300",
                    "url": "/uploads/product_15_1_300x300_b8f1c239b8.jpg"
                },
                {
                    "width": "300",
                    "height": "300",
                    "url": "/uploads/product_15_2_300x300_23d772a38c.jpg"
                },
                {
                    "width": "300",
                    "height": "300",
                    "url": "/uploads/product_15_3_300x300_1f213b5195.jpg"
                },
                {
                    "width": "300",
                    "height": "300",
                    "url": "/uploads/product_15_4_300x300_19fe8a3338.jpg"
                }
            ],
            "variants": []
        },
        {
            "id": 271,
            "name": "On Cloudflyer",
            "slug": "on-cloudflyer",
            "short_desc": "Morbi purus libero, faucibus adipiscing, commodo quis, gravida id, est. Sed lectus. Praesent elementum hendrerit tortor. Sed semper lorem at felis. Vestibulum volutpat, lacus a ultrices sagittis, mi neque euismod dui, eu pulvinar nunc sapien ornare nisl. Phasellus pede arcu, dapibus eu, ",
            "price": 127.99,
            "sale_price": null,
            "review": 2,
            "ratings": 3,
            "until": null,
            "stock": 100,
            "top": null,
            "featured": null,
            "new": null,
            "author": null,
            "sold": null,
            "category": [
                {
                    "name": "Men",
                    "slug": "men"
                },
                {
                    "name": "Shoes",
                    "slug": "shoes"
                }
            ],
            "brands": [
                {
                    "name": "Nike",
                    "slug": "nike"
                }
            ],
            "pictures": [
                {
                    "width": "800",
                    "height": "800",
                    "url": "/uploads/product_17_1_ab1b5ed1b6.jpg"
                },
                {
                    "width": "800",
                    "height": "800",
                    "url": "/uploads/product_17_2_352f9aeba4.jpg"
                },
                {
                    "width": "800",
                    "height": "800",
                    "url": "/uploads/product_17_3_0df579ef1e.jpg"
                },
                {
                    "width": "800",
                    "height": "800",
                    "url": "/uploads/product_17_4_bd96b7b768.jpg"
                }
            ],
            "sm_pictures": [
                {
                    "width": "300",
                    "height": "300",
                    "url": "/uploads/product_17_1_300x408_625ccb6a0f.jpg"
                },
                {
                    "width": "300",
                    "height": "300",
                    "url": "/uploads/product_17_2_300x408_e2457e0025.jpg"
                },
                {
                    "width": "300",
                    "height": "300",
                    "url": "/uploads/product_17_3_300x408_308cd1e4e3.jpg"
                },
                {
                    "width": "300",
                    "height": "300",
                    "url": "/uploads/product_17_4_300x408_6bc7b415f8.jpg"
                }
            ],
            "variants": []
        }
    ],
    "posts": []
}