{
    "products": [
        {
            "id": 219,
            "name": "Fallout",
            "slug": "fallout",
            "short_desc": "Morbi purus libero, faucibus adipiscing, commodo quis, gravida id, est. Sed lectus. Praesent elementum hendrerit tortor. Sed semper lorem at felis. Vestibulum volutpat, lacus a ultrices sagittis, mi neque euismod dui, eu pulvinar nunc sapien ",
            "price": 99.99,
            "sale_price": null,
            "review": 2,
            "ratings": 5,
            "until": null,
            "stock": 100,
            "top": true,
            "featured": null,
            "new": null,
            "author": null,
            "sold": null,
            "category": [
                {
                    "name": "Role-Playing",
                    "slug": "role-playing"
                },
                {
                    "name": "Adventure",
                    "slug": "adventure"
                }
            ],
            "brands": [
                {
                    "name": "F&F",
                    "slug": "fandf"
                },
                {
                    "name": "UGG",
                    "slug": "ugg"
                }
            ],
            "pictures": [
                {
                    "width": "600",
                    "height": "900",
                    "url": "/uploads/product_24_1_82cb30a931.jpg"
                }
            ],
            "sm_pictures": [
                {
                    "width": "300",
                    "height": "450",
                    "url": "/uploads/product_24_1_300x450_ea5377cb10.jpg"
                }
            ],
            "variants": []
        },
        {
            "id": 220,
            "name": "Wolfenstein",
            "slug": "wolfenstein",
            "short_desc": "Morbi purus libero, faucibus adipiscing, commodo quis, gravida id, est. Sed lectus. Praesent elementum hendrerit tortor. Sed semper lorem at felis. Vestibulum volutpat, lacus a ultrices sagittis, mi neque euismod dui, eu pulvinar nunc sapien ",
            "price": 99.99,
            "sale_price": null,
            "review": 2,
            "ratings": 5,
            "until": null,
            "stock": 100,
            "top": true,
            "featured": null,
            "new": null,
            "author": null,
            "sold": null,
            "category": [
                {
                    "name": "Shooter",
                    "slug": "shooter"
                }
            ],
            "brands": [
                {
                    "name": "UGG",
                    "slug": "ugg"
                },
                {
                    "name": "F&F",
                    "slug": "fandf"
                }
            ],
            "pictures": [
                {
                    "width": "600",
                    "height": "900",
                    "url": "/uploads/product_23_1_217ce62083.jpg"
                }
            ],
            "sm_pictures": [
                {
                    "width": "300",
                    "height": "450",
                    "url": "/uploads/product_23_1_300x450_a1829be596.jpg"
                }
            ],
            "variants": []
        },
        {
            "id": 221,
            "name": "Metro Exodus",
            "slug": "metro-exodus",
            "short_desc": "Morbi purus libero, faucibus adipiscing, commodo quis, gravida id, est. Sed lectus. Praesent elementum hendrerit tortor. Sed semper lorem at felis. Vestibulum volutpat, lacus a ultrices sagittis, mi neque euismod dui, eu pulvinar nunc sapien ",
            "price": 99.99,
            "sale_price": null,
            "review": 2,
            "ratings": 5,
            "until": null,
            "stock": 100,
            "top": true,
            "featured": null,
            "new": null,
            "author": null,
            "sold": null,
            "category": [
                {
                    "name": "Adventure",
                    "slug": "adventure"
                }
            ],
            "brands": [
                {
                    "name": "UGG",
                    "slug": "ugg"
                },
                {
                    "name": "F&F",
                    "slug": "fandf"
                }
            ],
            "pictures": [
                {
                    "width": "600",
                    "height": "900",
                    "url": "/uploads/product_22_1_dddcf7355d.jpg"
                }
            ],
            "sm_pictures": [
                {
                    "width": "300",
                    "height": "450",
                    "url": "/uploads/product_22_1_300x450_11a6feaa8b.jpg"
                }
            ],
            "variants": []
        },
        {
            "id": 222,
            "name": "Spider Man",
            "slug": "spider-man",
            "short_desc": "Morbi purus libero, faucibus adipiscing, commodo quis, gravida id, est. Sed lectus. Praesent elementum hendrerit tortor. Sed semper lorem at felis. Vestibulum volutpat, lacus a ultrices sagittis, mi neque euismod dui, eu pulvinar nunc sapien ",
            "price": 87.99,
            "sale_price": 68,
            "review": 2,
            "ratings": 5,
            "until": null,
            "stock": 100,
            "top": true,
            "featured": null,
            "new": null,
            "author": null,
            "sold": null,
            "category": [
                {
                    "name": "Action",
                    "slug": "action"
                }
            ],
            "brands": [
                {
                    "name": "UGG",
                    "slug": "ugg"
                },
                {
                    "name": "F&F",
                    "slug": "fandf"
                }
            ],
            "pictures": [
                {
                    "width": "600",
                    "height": "900",
                    "url": "/uploads/product_21_1_cc39859953.jpg"
                }
            ],
            "sm_pictures": [
                {
                    "width": "300",
                    "height": "450",
                    "url": "/uploads/product_21_1_300x450_32cec11bde.jpg"
                }
            ],
            "variants": []
        },
        {
            "id": 223,
            "name": "Borderlands 3",
            "slug": "borderlands-3",
            "short_desc": "Morbi purus libero, faucibus adipiscing, commodo quis, gravida id, est. Sed lectus. Praesent elementum hendrerit tortor. Sed semper lorem at felis. Vestibulum volutpat, lacus a ultrices sagittis, mi neque euismod dui, eu pulvinar nunc sapien ",
            "price": 99.99,
            "sale_price": null,
            "review": 2,
            "ratings": 5,
            "until": null,
            "stock": 100,
            "top": true,
            "featured": null,
            "new": null,
            "author": null,
            "sold": null,
            "category": [
                {
                    "name": "Action",
                    "slug": "action"
                },
                {
                    "name": "Shooter",
                    "slug": "shooter"
                }
            ],
            "brands": [
                {
                    "name": "F&F",
                    "slug": "fandf"
                },
                {
                    "name": "UGG",
                    "slug": "ugg"
                }
            ],
            "pictures": [
                {
                    "width": "600",
                    "height": "900",
                    "url": "/uploads/product_20_1_76ea2efde3.jpg"
                }
            ],
            "sm_pictures": [
                {
                    "width": "300",
                    "height": "450",
                    "url": "/uploads/product_20_1_300x450_8fd5c05896.jpg"
                }
            ],
            "variants": []
        },
        {
            "id": 224,
            "name": "Call of Duty WWII - Gold Edition",
            "slug": "call-of-duty-wwii-gold-edition",
            "short_desc": "Morbi purus libero, faucibus adipiscing, commodo quis, gravida id, est. Sed lectus. Praesent elementum hendrerit tortor. Sed semper lorem at felis. Vestibulum volutpat, lacus a ultrices sagittis, mi neque euismod dui, eu pulvinar nunc sapien ",
            "price": 59.99,
            "sale_price": 24,
            "review": 2,
            "ratings": 5,
            "until": null,
            "stock": 100,
            "top": null,
            "featured": null,
            "new": true,
            "author": null,
            "sold": null,
            "category": [
                {
                    "name": "Shooter",
                    "slug": "shooter"
                }
            ],
            "brands": [
                {
                    "name": "UGG",
                    "slug": "ugg"
                },
                {
                    "name": "F&F",
                    "slug": "fandf"
                }
            ],
            "pictures": [
                {
                    "width": "600",
                    "height": "900",
                    "url": "/uploads/product_1_1_d0783aef53.jpg"
                }
            ],
            "sm_pictures": [
                {
                    "width": "200",
                    "height": "300",
                    "url": "/uploads/product_1_1_200x300_57ecf6a9d0.jpg"
                }
            ],
            "variants": []
        },
        {
            "id": 225,
            "name": "World War Z",
            "slug": "world-war-z",
            "short_desc": "Morbi purus libero, faucibus adipiscing, commodo quis, gravida id, est. Sed lectus. Praesent elementum hendrerit tortor. Sed semper lorem at felis. Vestibulum volutpat, lacus a ultrices sagittis, mi neque euismod dui, eu pulvinar nunc sapien ",
            "price": 39.99,
            "sale_price": null,
            "review": 2,
            "ratings": 5,
            "until": null,
            "stock": 100,
            "top": null,
            "featured": true,
            "new": null,
            "author": null,
            "sold": null,
            "category": [
                {
                    "name": "PC Gaming",
                    "slug": "pc-gaming"
                },
                {
                    "name": "Shooter",
                    "slug": "shooter"
                }
            ],
            "brands": [
                {
                    "name": "F&F",
                    "slug": "fandf"
                },
                {
                    "name": "UGG",
                    "slug": "ugg"
                }
            ],
            "pictures": [
                {
                    "width": "600",
                    "height": "900",
                    "url": "/uploads/product_2_1_633d76c84a.jpg"
                }
            ],
            "sm_pictures": [
                {
                    "width": "200",
                    "height": "300",
                    "url": "/uploads/product_2_1_200x300_4c34d37683.jpg"
                }
            ],
            "variants": []
        },
        {
            "id": 226,
            "name": "Borderlands The Handsome Collection",
            "slug": "borderlands-the-handsome-collection",
            "short_desc": "Morbi purus libero, faucibus adipiscing, commodo quis, gravida id, est. Sed lectus. Praesent elementum hendrerit tortor. Sed semper lorem at felis. Vestibulum volutpat, lacus a ultrices sagittis, mi neque euismod dui, eu pulvinar nunc sapien ",
            "price": 59.99,
            "sale_price": null,
            "review": 2,
            "ratings": 5,
            "until": null,
            "stock": 100,
            "top": true,
            "featured": true,
            "new": null,
            "author": null,
            "sold": null,
            "category": [
                {
                    "name": "Shooter",
                    "slug": "shooter"
                }
            ],
            "brands": [
                {
                    "name": "UGG",
                    "slug": "ugg"
                },
                {
                    "name": "F&F",
                    "slug": "fandf"
                }
            ],
            "pictures": [
                {
                    "width": "600",
                    "height": "900",
                    "url": "/uploads/product_3_1_06108ab463.jpg"
                }
            ],
            "sm_pictures": [
                {
                    "width": "200",
                    "height": "300",
                    "url": "/uploads/product_3_1_200x300_dca7601105.jpg"
                }
            ],
            "variants": []
        },
        {
            "id": 227,
            "name": "The Witcher 3 Wild Hunt",
            "slug": "the-witcher-3-wild-hunt",
            "short_desc": "Morbi purus libero, faucibus adipiscing, commodo quis, gravida id, est. Sed lectus. Praesent elementum hendrerit tortor. Sed semper lorem at felis. Vestibulum volutpat, lacus a ultrices sagittis, mi neque euismod dui, eu pulvinar nunc sapien ",
            "price": 39.99,
            "sale_price": null,
            "review": 2,
            "ratings": 5,
            "until": null,
            "stock": 100,
            "top": null,
            "featured": true,
            "new": true,
            "author": null,
            "sold": null,
            "category": [
                {
                    "name": "Adventure",
                    "slug": "adventure"
                },
                {
                    "name": "Action",
                    "slug": "action"
                }
            ],
            "brands": [
                {
                    "name": "F&F",
                    "slug": "fandf"
                },
                {
                    "name": "UGG",
                    "slug": "ugg"
                }
            ],
            "pictures": [
                {
                    "width": "600",
                    "height": "900",
                    "url": "/uploads/product_4_1_c0e0ba058a.jpg"
                }
            ],
            "sm_pictures": [
                {
                    "width": "200",
                    "height": "300",
                    "url": "/uploads/product_4_1_200x300_4835951de1.jpg"
                }
            ],
            "variants": []
        },
        {
            "id": 228,
            "name": "GTA Online Criminal Enterprise Starter Pack",
            "slug": "gta-online-criminal-enterprise-starter-pack",
            "short_desc": "Morbi purus libero, faucibus adipiscing, commodo quis, gravida id, est. Sed lectus. Praesent elementum hendrerit tortor. Sed semper lorem at felis. Vestibulum volutpat, lacus a ultrices sagittis, mi neque euismod dui, eu pulvinar nunc sapien ",
            "price": 24.99,
            "sale_price": 19.49,
            "review": 2,
            "ratings": 5,
            "until": null,
            "stock": 100,
            "top": null,
            "featured": true,
            "new": true,
            "author": null,
            "sold": null,
            "category": [
                {
                    "name": "Adventure",
                    "slug": "adventure"
                },
                {
                    "name": "Action",
                    "slug": "action"
                }
            ],
            "brands": [
                {
                    "name": "F&F",
                    "slug": "fandf"
                },
                {
                    "name": "UGG",
                    "slug": "ugg"
                }
            ],
            "pictures": [
                {
                    "width": "600",
                    "height": "900",
                    "url": "/uploads/product_5_1_83cd1017ee.jpg"
                }
            ],
            "sm_pictures": [
                {
                    "width": "200",
                    "height": "300",
                    "url": "/uploads/product_5_1_200x300_1b49fa8468.jpg"
                }
            ],
            "variants": []
        },
        {
            "id": 229,
            "name": "Tom Clancy's Ghost Recon Wildlands",
            "slug": "tom-clancy's-ghost-recon-wildlands",
            "short_desc": "Morbi purus libero, faucibus adipiscing, commodo quis, gravida id, est. Sed lectus. Praesent elementum hendrerit tortor. Sed semper lorem at felis. Vestibulum volutpat, lacus a ultrices sagittis, mi neque euismod dui, eu pulvinar nunc sapien ",
            "price": 49.99,
            "sale_price": null,
            "review": 2,
            "ratings": 5,
            "until": null,
            "stock": 100,
            "top": true,
            "featured": true,
            "new": null,
            "author": null,
            "sold": null,
            "category": [
                {
                    "name": "Shooter",
                    "slug": "shooter"
                }
            ],
            "brands": [
                {
                    "name": "UGG",
                    "slug": "ugg"
                },
                {
                    "name": "F&F",
                    "slug": "fandf"
                }
            ],
            "pictures": [
                {
                    "width": "600",
                    "height": "900",
                    "url": "/uploads/product_6_1_2d71725f06.jpg"
                }
            ],
            "sm_pictures": [
                {
                    "width": "200",
                    "height": "300",
                    "url": "/uploads/product_6_1_200x300_176464aee7.jpg"
                }
            ],
            "variants": []
        },
        {
            "id": 230,
            "name": "NBA 2K19 450,000 VC",
            "slug": "nba-2k19-450000-vc",
            "short_desc": "Morbi purus libero, faucibus adipiscing, commodo quis, gravida id, est. Sed lectus. Praesent elementum hendrerit tortor. Sed semper lorem at felis. Vestibulum volutpat, lacus a ultrices sagittis, mi neque euismod dui, eu pulvinar nunc sapien ",
            "price": 74.99,
            "sale_price": null,
            "review": 2,
            "ratings": 5,
            "until": null,
            "stock": 100,
            "top": null,
            "featured": null,
            "new": true,
            "author": null,
            "sold": null,
            "category": [
                {
                    "name": "Sport",
                    "slug": "sport"
                }
            ],
            "brands": [
                {
                    "name": "F&F",
                    "slug": "fandf"
                },
                {
                    "name": "UGG",
                    "slug": "ugg"
                }
            ],
            "pictures": [
                {
                    "width": "600",
                    "height": "900",
                    "url": "/uploads/product_7_1_73055c22b2.jpg"
                }
            ],
            "sm_pictures": [
                {
                    "width": "200",
                    "height": "300",
                    "url": "/uploads/product_7_1_200x300_a7aea0669b.jpg"
                }
            ],
            "variants": []
        },
        {
            "id": 231,
            "name": "STAR WARS Battlefront II",
            "slug": "star-wars-battlefront-ii",
            "short_desc": "Morbi purus libero, faucibus adipiscing, commodo quis, gravida id, est. Sed lectus. Praesent elementum hendrerit tortor. Sed semper lorem at felis. Vestibulum volutpat, lacus a ultrices sagittis, mi neque euismod dui, eu pulvinar nunc sapien ",
            "price": 24.99,
            "sale_price": null,
            "review": 2,
            "ratings": 5,
            "until": null,
            "stock": 100,
            "top": true,
            "featured": null,
            "new": true,
            "author": null,
            "sold": null,
            "category": [
                {
                    "name": "Shooter",
                    "slug": "shooter"
                }
            ],
            "brands": [
                {
                    "name": "F&F",
                    "slug": "fandf"
                }
            ],
            "pictures": [
                {
                    "width": "600",
                    "height": "900",
                    "url": "/uploads/product_8_1_8cb7d17bbb.jpg"
                }
            ],
            "sm_pictures": [
                {
                    "width": "200",
                    "height": "300",
                    "url": "/uploads/product_8_1_200x300_326eb981e9.jpg"
                }
            ],
            "variants": []
        },
        {
            "id": 232,
            "name": "Call of Duty Black Ops 4 Spectre Rising Edition",
            "slug": "call-of-duty-black-ops-4-spectre-rising-edition",
            "short_desc": "Morbi purus libero, faucibus adipiscing, commodo quis, gravida id, est. Sed lectus. Praesent elementum hendrerit tortor. Sed semper lorem at felis. Vestibulum volutpat, lacus a ultrices sagittis, mi neque euismod dui, eu pulvinar nunc sapien ",
            "price": 24.99,
            "sale_price": null,
            "review": 2,
            "ratings": 5,
            "until": null,
            "stock": 100,
            "top": null,
            "featured": null,
            "new": null,
            "author": null,
            "sold": null,
            "category": [
                {
                    "name": "Shooter",
                    "slug": "shooter"
                }
            ],
            "brands": [
                {
                    "name": "River Island",
                    "slug": "river-island"
                }
            ],
            "pictures": [
                {
                    "width": "600",
                    "height": "900",
                    "url": "/uploads/product_9_1_df5fc6de91.jpg"
                }
            ],
            "sm_pictures": [
                {
                    "width": "200",
                    "height": "300",
                    "url": "/uploads/product_9_1_200x300_04c8a418c8.jpg"
                }
            ],
            "variants": []
        },
        {
            "id": 233,
            "name": "Diabio III Eternal Collection",
            "slug": "diabio-iii-eternal-collection",
            "short_desc": "Morbi purus libero, faucibus adipiscing, commodo quis, gravida id, est. Sed lectus. Praesent elementum hendrerit tortor. Sed semper lorem at felis. Vestibulum volutpat, lacus a ultrices sagittis, mi neque euismod dui, eu pulvinar nunc sapien ",
            "price": 19.99,
            "sale_price": null,
            "review": 2,
            "ratings": 5,
            "until": null,
            "stock": 100,
            "top": true,
            "featured": null,
            "new": null,
            "author": null,
            "sold": null,
            "category": [
                {
                    "name": "Role-Playing",
                    "slug": "role-playing"
                }
            ],
            "brands": [
                {
                    "name": "UGG",
                    "slug": "ugg"
                }
            ],
            "pictures": [
                {
                    "width": "600",
                    "height": "900",
                    "url": "/uploads/product_10_1_40e3a4fbbc.jpg"
                }
            ],
            "sm_pictures": [
                {
                    "width": "200",
                    "height": "300",
                    "url": "/uploads/product_10_1_200x300_9b3fed16d3.jpg"
                }
            ],
            "variants": []
        },
        {
            "id": 234,
            "name": "Tom Clancy's The Division 2",
            "slug": "tom-clancy's-the-division-2",
            "short_desc": "Morbi purus libero, faucibus adipiscing, commodo quis, gravida id, est. Sed lectus. Praesent elementum hendrerit tortor. Sed semper lorem at felis. Vestibulum volutpat, lacus a ultrices sagittis, mi neque euismod dui, eu pulvinar nunc sapien ",
            "price": 24.99,
            "sale_price": null,
            "review": 2,
            "ratings": 1,
            "until": null,
            "stock": 100,
            "top": false,
            "featured": true,
            "new": true,
            "author": null,
            "sold": null,
            "category": [
                {
                    "name": "Role-Playing",
                    "slug": "role-playing"
                }
            ],
            "brands": [
                {
                    "name": "F&F",
                    "slug": "fandf"
                },
                {
                    "name": "UGG",
                    "slug": "ugg"
                }
            ],
            "pictures": [
                {
                    "width": "600",
                    "height": "900",
                    "url": "/uploads/product_11_1_f5e571b7f9.jpg"
                }
            ],
            "sm_pictures": [
                {
                    "width": "200",
                    "height": "300",
                    "url": "/uploads/product_11_1_200x300_1c797c6b99.jpg"
                }
            ],
            "variants": []
        },
        {
            "id": 235,
            "name": "HyperX - Cloud ALpha Wired Stereo Gaming Headset",
            "slug": "hyperx-cloud-alpha-wired-stereo-gaming-headset",
            "short_desc": "Sed egestas, ante et vulputate volutpat, eros pede semper est, vitae luctus metus libero eu augue. Morbi purus libero, faucibus adipiscing. Sed lectus.",
            "price": 49.99,
            "sale_price": null,
            "review": 2,
            "ratings": 4,
            "until": null,
            "stock": 100,
            "top": null,
            "featured": null,
            "new": null,
            "author": null,
            "sold": null,
            "category": [
                {
                    "name": "Accessories",
                    "slug": "accessories"
                }
            ],
            "brands": [
                {
                    "name": "UGG",
                    "slug": "ugg"
                },
                {
                    "name": "River Island",
                    "slug": "river-island"
                }
            ],
            "pictures": [
                {
                    "width": "600",
                    "height": "900",
                    "url": "/uploads/product_15_6aa0cdc480.jpg"
                }
            ],
            "sm_pictures": [
                {
                    "width": "200",
                    "height": "300",
                    "url": "/uploads/product_15_200x300_c5b9ed6930.jpg"
                }
            ],
            "variants": []
        },
        {
            "id": 236,
            "name": "Logitech - G502 HERO Wired Optical Gaming Mouse Pack",
            "slug": "logitech-g502-hero-wired-optical-gaming-mouse-pack",
            "short_desc": "Sed egestas, ante et vulputate volutpat, eros pede semper est, vitae luctus metus libero eu augue. Morbi purus libero, faucibus adipiscing. Sed lectus.",
            "price": 59.99,
            "sale_price": null,
            "review": 2,
            "ratings": 4,
            "until": null,
            "stock": 100,
            "top": false,
            "featured": null,
            "new": null,
            "author": null,
            "sold": null,
            "category": [
                {
                    "name": "Accessories",
                    "slug": "accessories"
                },
                {
                    "name": "PC Gaming",
                    "slug": "pc-gaming"
                }
            ],
            "brands": [
                {
                    "name": "F&F",
                    "slug": "fandf"
                },
                {
                    "name": "River Island",
                    "slug": "river-island"
                }
            ],
            "pictures": [
                {
                    "width": "600",
                    "height": "900",
                    "url": "/uploads/product_16_bc713be5d6.jpg"
                }
            ],
            "sm_pictures": [
                {
                    "width": "200",
                    "height": "300",
                    "url": "/uploads/product_16_200x300_1544e9940e.jpg"
                }
            ],
            "variants": []
        },
        {
            "id": 237,
            "name": "Microsoft - Xbox Elite Wireless Controller",
            "slug": "microsoft-xbox-elite-wireless-controller",
            "short_desc": "Sed egestas, ante et vulputate volutpat, eros pede semper est, vitae luctus metus libero eu augue. Morbi purus libero, faucibus adipiscing. Sed lectus.",
            "price": 149.99,
            "sale_price": null,
            "review": 2,
            "ratings": 4,
            "until": null,
            "stock": 100,
            "top": null,
            "featured": null,
            "new": null,
            "author": null,
            "sold": null,
            "category": [
                {
                    "name": "Accessories",
                    "slug": "accessories"
                }
            ],
            "brands": [
                {
                    "name": "Nike",
                    "slug": "nike"
                },
                {
                    "name": "F&F",
                    "slug": "fandf"
                }
            ],
            "pictures": [
                {
                    "width": "600",
                    "height": "900",
                    "url": "/uploads/product_12_5e8ea73a37.jpg"
                }
            ],
            "sm_pictures": [
                {
                    "width": "200",
                    "height": "300",
                    "url": "/uploads/product_12_200x300_df82490f55.jpg"
                }
            ],
            "variants": []
        },
        {
            "id": 238,
            "name": "Nintendo - Switch 32GB Console",
            "slug": "nintendo-switch-32gb-console",
            "short_desc": "Morbi purus libero, faucibus adipiscing, commodo quis, gravida id, est. Sed lectus. Praesent elementum hendrerit tortor. Sed semper lorem at felis. Vestibulum volutpat, lacus a ultrices sagittis, mi neque euismod dui, eu pulvinar nunc sapien ",
            "price": 149.99,
            "sale_price": null,
            "review": 2,
            "ratings": 2,
            "until": null,
            "stock": 100,
            "top": null,
            "featured": null,
            "new": null,
            "author": null,
            "sold": null,
            "category": [
                {
                    "name": "Accessories",
                    "slug": "accessories"
                },
                {
                    "name": "Nindendo",
                    "slug": "nindendo"
                }
            ],
            "brands": [
                {
                    "name": "F&F",
                    "slug": "fandf"
                },
                {
                    "name": "Nike",
                    "slug": "nike"
                }
            ],
            "pictures": [
                {
                    "width": "600",
                    "height": "900",
                    "url": "/uploads/product_14_2354e19752.jpg"
                }
            ],
            "sm_pictures": [
                {
                    "width": "200",
                    "height": "300",
                    "url": "/uploads/product_14_200x300_722bd71091.jpg"
                }
            ],
            "variants": []
        },
        {
            "id": 239,
            "name": "Sony - Playstation 4 1TB Console - Black",
            "slug": "sony-playstation-4-1tb-console-black",
            "short_desc": "Morbi purus libero, faucibus adipiscing, commodo quis, gravida id, est. Sed lectus. Praesent elementum hendrerit tortor. Sed semper lorem at felis. Vestibulum volutpat, lacus a ultrices sagittis, mi neque euismod dui, eu pulvinar nunc sapien ",
            "price": 299.99,
            "sale_price": null,
            "review": 2,
            "ratings": 2,
            "until": null,
            "stock": 100,
            "top": null,
            "featured": null,
            "new": null,
            "author": null,
            "sold": null,
            "category": [
                {
                    "name": "Pre-Owned",
                    "slug": "pre-owned"
                },
                {
                    "name": "Playstation",
                    "slug": "playstation"
                },
                {
                    "name": "Accessories",
                    "slug": "accessories"
                }
            ],
            "brands": [
                {
                    "name": "F&F",
                    "slug": "fandf"
                },
                {
                    "name": "Nike",
                    "slug": "nike"
                }
            ],
            "pictures": [
                {
                    "width": "600",
                    "height": "900",
                    "url": "/uploads/product_13_a7db871a06.jpg"
                }
            ],
            "sm_pictures": [
                {
                    "width": "200",
                    "height": "300",
                    "url": "/uploads/product_13_200x300_80af461c09.jpg"
                }
            ],
            "variants": []
        }
    ],
    "posts": [
        {
            "id": 124,
            "author": "John Doe",
            "comments": "3",
            "content": "Lorem ipsum dolor sit amet, consectetuer adipiscing elit. Phasellus hendrerit. Pellentesque aliquet nibh nec urna.",
            "date": "2020-05-28",
            "slug": "morbi-in-sem-quis-dui-placerat-mfngauris.",
            "title": "Morbi in sem quis dui placerat mfngauris.",
            "type": "image",
            "blog_categories": [
                {
                    "name": "Hobbies",
                    "slug": "hobbies"
                },
                {
                    "name": "Lifestyle",
                    "slug": "lifestyle"
                }
            ],
            "image": [
                {
                    "width": "277",
                    "height": "170",
                    "url": "/uploads/post_1_4579e950b3.jpg"
                }
            ]
        },
        {
            "id": 125,
            "author": "John Doe",
            "comments": "3",
            "content": "Sed pretium, ligula sollicitudin laoreet viverra, tortor libero sodales leo, eget blandit nunc tortor eu nibh.",
            "date": "2020-09-18",
            "slug": "aliquam-porttitor-mfgauris-sit-ametorci.",
            "title": "Aliquam porttitor mfgauris sit ametorci.",
            "type": "image",
            "blog_categories": [
                {
                    "name": "Hobbies",
                    "slug": "hobbies"
                },
                {
                    "name": "Lifestyle",
                    "slug": "lifestyle"
                }
            ],
            "image": [
                {
                    "width": "277",
                    "height": "170",
                    "url": "/uploads/post_2_710f8ad12c.jpg"
                }
            ]
        },
        {
            "id": 126,
            "author": "John Doe",
            "comments": "3",
            "content": "Sed pretium, ligula sollicitudin laoreet viverra, tortor libero sodales leo, eget blandit nunc tortor eu nibh. ",
            "date": "2020-05-28",
            "slug": "cras-ornare-tristiqdue-morbi-sem-elit.",
            "title": "Cras ornare tristiqdue morbi sem elit.",
            "type": "image",
            "blog_categories": [
                {
                    "name": "Fashion",
                    "slug": "fashion"
                },
                {
                    "name": "Lifestyle",
                    "slug": "lifestyle"
                }
            ],
            "image": [
                {
                    "width": "277",
                    "height": "170",
                    "url": "/uploads/post_3_00c9a352fb.jpg"
                }
            ]
        },
        {
            "id": 127,
            "author": "John Doe",
            "comments": "3",
            "content": "Aliquam erat volutpat. Nam dui mi, tincidunt quis, accumsan porttitor, facilisis luctus, metus. Phasellus ultrices nulla ",
            "date": "2020-05-18",
            "slug": "donec-connfsectetuer-ligula-vulputate-sem-cursus.",
            "title": "Donec connfsectetuer ligula vulputate sem cursus.",
            "type": "image",
            "blog_categories": [
                {
                    "name": "Hobbies",
                    "slug": "hobbies"
                },
                {
                    "name": "Travel",
                    "slug": "travel"
                }
            ],
            "image": [
                {
                    "width": "277",
                    "height": "170",
                    "url": "/uploads/post_4_131f3cbac2.jpg"
                }
            ]
        }
    ]
}