{
    "products": [
        {
            "id": 373,
            "name": "Benetint Cheek & Lip Stain",
            "slug": "benetint-cheek-and-lip-stain",
            "short_desc": "Morbi purus libero, faucibus adipiscing, commodo quis, gravida id, est. Sed lectus. Praesent elementum hendrerit tortor. Sed semper lorem at felis. Vestibulum volutpat, lacus a ultrices sagittis, mi neque euismod dui, eu pulvinar nunc sapien",
            "price": 17.99,
            "sale_price": null,
            "review": 1,
            "ratings": 5,
            "until": null,
            "stock": 100,
            "top": true,
            "featured": null,
            "new": null,
            "author": null,
            "sold": null,
            "category": [
                {
                    "name": "Healthy & Beauty",
                    "slug": "healthy-and-beauty"
                }
            ],
            "brands": [
                {
                    "name": "UGG",
                    "slug": "ugg"
                }
            ],
            "pictures": [
                {
                    "width": "264",
                    "height": "270",
                    "url": "/uploads/1_1_ff52273cb6.jpg"
                }
            ],
            "sm_pictures": [
                {
                    "width": "264",
                    "height": "270",
                    "url": "/uploads/1_1_ff52273cb6.jpg"
                }
            ],
            "variants": []
        },
        {
            "id": 374,
            "name": "Hourglass Ambient Lighting",
            "slug": "hourglass-ambient-lighting",
            "short_desc": "Morbi purus libero, faucibus adipiscing, commodo quis, gravida id, est. Sed lectus. Praesent elementum hendrerit tortor. Sed semper lorem at felis. Vestibulum volutpat, lacus a ultrices sagittis, mi neque euismod dui, eu pulvinar nunc sapien",
            "price": 39.5,
            "sale_price": 19.99,
            "review": 2,
            "ratings": 5,
            "until": null,
            "stock": 100,
            "top": true,
            "featured": null,
            "new": null,
            "author": null,
            "sold": null,
            "category": [
                {
                    "name": "Healthy & Beauty",
                    "slug": "healthy-and-beauty"
                }
            ],
            "brands": [
                {
                    "name": "F&F",
                    "slug": "fandf"
                }
            ],
            "pictures": [
                {
                    "width": "264",
                    "height": "270",
                    "url": "/uploads/1_2_bc035fb5a9.jpg"
                }
            ],
            "sm_pictures": [
                {
                    "width": "264",
                    "height": "270",
                    "url": "/uploads/1_2_bc035fb5a9.jpg"
                }
            ],
            "variants": []
        },
        {
            "id": 375,
            "name": "Under Eye Brightening Corrector",
            "slug": "under-eye-brightening-corrector",
            "short_desc": "Morbi purus libero, faucibus adipiscing, commodo quis, gravida id, est. Sed lectus. Praesent elementum hendrerit tortor. Sed semper lorem at felis. Vestibulum volutpat, lacus a ultrices sagittis, mi neque euismod dui, eu pulvinar nunc sapien",
            "price": 17.99,
            "sale_price": null,
            "review": 1,
            "ratings": 5,
            "until": null,
            "stock": 100,
            "top": true,
            "featured": null,
            "new": null,
            "author": null,
            "sold": null,
            "category": [
                {
                    "name": "Healthy & Beauty",
                    "slug": "healthy-and-beauty"
                }
            ],
            "brands": [
                {
                    "name": "F&F",
                    "slug": "fandf"
                }
            ],
            "pictures": [
                {
                    "width": "264",
                    "height": "270",
                    "url": "/uploads/1_3_234d417d0f.jpg"
                }
            ],
            "sm_pictures": [
                {
                    "width": "264",
                    "height": "270",
                    "url": "/uploads/1_3_234d417d0f.jpg"
                }
            ],
            "variants": []
        },
        {
            "id": 376,
            "name": "Duo Eyeshadow Blender",
            "slug": "duo-eyeshadow-blender",
            "short_desc": "Morbi purus libero, faucibus adipiscing, commodo quis, gravida id, est. Sed lectus. Praesent elementum hendrerit tortor. Sed semper lorem at felis. Vestibulum volutpat, lacus a ultrices sagittis, mi neque euismod dui, eu pulvinar nunc sapien",
            "price": 20.5,
            "sale_price": 15.99,
            "review": 2,
            "ratings": 4,
            "until": null,
            "stock": 100,
            "top": true,
            "featured": null,
            "new": null,
            "author": null,
            "sold": null,
            "category": [
                {
                    "name": "Healthy & Beauty",
                    "slug": "healthy-and-beauty"
                }
            ],
            "brands": [
                {
                    "name": "F&F",
                    "slug": "fandf"
                }
            ],
            "pictures": [
                {
                    "width": "264",
                    "height": "270",
                    "url": "/uploads/1_4_f74ed9b228.jpg"
                }
            ],
            "sm_pictures": [
                {
                    "width": "264",
                    "height": "270",
                    "url": "/uploads/1_4_f74ed9b228.jpg"
                }
            ],
            "variants": []
        },
        {
            "id": 377,
            "name": "Smoother",
            "slug": "smoother",
            "short_desc": "Morbi purus libero, faucibus adipiscing, commodo quis, gravida id, est. Sed lectus. Praesent elementum hendrerit tortor. Sed semper lorem at felis. Vestibulum volutpat, lacus a ultrices sagittis, mi neque euismod dui, eu pulvinar nunc sapien",
            "price": 39.5,
            "sale_price": null,
            "review": 2,
            "ratings": 5,
            "until": null,
            "stock": 100,
            "top": true,
            "featured": null,
            "new": null,
            "author": null,
            "sold": null,
            "category": [
                {
                    "name": "Healthy & Beauty",
                    "slug": "healthy-and-beauty"
                }
            ],
            "brands": [
                {
                    "name": "F&F",
                    "slug": "fandf"
                }
            ],
            "pictures": [
                {
                    "width": "264",
                    "height": "270",
                    "url": "/uploads/1_5_1b43bd54a2.jpg"
                }
            ],
            "sm_pictures": [
                {
                    "width": "264",
                    "height": "270",
                    "url": "/uploads/1_5_1b43bd54a2.jpg"
                }
            ],
            "variants": []
        },
        {
            "id": 378,
            "name": "Cosmetic Cream",
            "slug": "cosmetic-cream",
            "short_desc": "Morbi purus libero, faucibus adipiscing, commodo quis, gravida id, est. Sed lectus. Praesent elementum hendrerit tortor. Sed semper lorem at felis. Vestibulum volutpat, lacus a ultrices sagittis, mi neque euismod dui, eu pulvinar nunc sapien",
            "price": 19.5,
            "sale_price": null,
            "review": 1,
            "ratings": 5,
            "until": null,
            "stock": 100,
            "top": true,
            "featured": null,
            "new": null,
            "author": null,
            "sold": null,
            "category": [
                {
                    "name": "Healthy & Beauty",
                    "slug": "healthy-and-beauty"
                }
            ],
            "brands": [
                {
                    "name": "UGG",
                    "slug": "ugg"
                }
            ],
            "pictures": [
                {
                    "width": "264",
                    "height": "270",
                    "url": "/uploads/1_6_2d3bbda21a.jpg"
                }
            ],
            "sm_pictures": [
                {
                    "width": "264",
                    "height": "270",
                    "url": "/uploads/1_6_2d3bbda21a.jpg"
                }
            ],
            "variants": []
        },
        {
            "id": 379,
            "name": "Day Cream 100ml",
            "slug": "day-cream-100ml",
            "short_desc": "Morbi purus libero, faucibus adipiscing, commodo quis, gravida id, est. Sed lectus. Praesent elementum hendrerit tortor. Sed semper lorem at felis. Vestibulum volutpat, lacus a ultrices sagittis, mi neque euismod dui, eu pulvinar nunc sapien",
            "price": 10.5,
            "sale_price": null,
            "review": 2,
            "ratings": 5,
            "until": null,
            "stock": 100,
            "top": null,
            "featured": null,
            "new": true,
            "author": null,
            "sold": null,
            "category": [
                {
                    "name": "Healthy & Beauty",
                    "slug": "healthy-and-beauty"
                }
            ],
            "brands": [
                {
                    "name": "UGG",
                    "slug": "ugg"
                }
            ],
            "pictures": [
                {
                    "width": "334",
                    "height": "345",
                    "url": "/uploads/2_1_52b90f306b.jpg"
                }
            ],
            "sm_pictures": [
                {
                    "width": "334",
                    "height": "345",
                    "url": "/uploads/2_1_52b90f306b.jpg"
                }
            ],
            "variants": []
        },
        {
            "id": 380,
            "name": "Snap Shadows Eyeshadow Palette",
            "slug": "snap-shadows-eyeshadow-palette",
            "short_desc": "Morbi purus libero, faucibus adipiscing, commodo quis, gravida id, est. Sed lectus. Praesent elementum hendrerit tortor. Sed semper lorem at felis. Vestibulum volutpat, lacus a ultrices sagittis, mi neque euismod dui, eu pulvinar nunc sapien",
            "price": 17.99,
            "sale_price": null,
            "review": 1,
            "ratings": 5,
            "until": null,
            "stock": 100,
            "top": null,
            "featured": null,
            "new": true,
            "author": null,
            "sold": null,
            "category": [
                {
                    "name": "Healthy & Beauty",
                    "slug": "healthy-and-beauty"
                }
            ],
            "brands": [
                {
                    "name": "River Island",
                    "slug": "river-island"
                }
            ],
            "pictures": [
                {
                    "width": "334",
                    "height": "345",
                    "url": "/uploads/2_2_86965861d2.jpg"
                }
            ],
            "sm_pictures": [
                {
                    "width": "334",
                    "height": "345",
                    "url": "/uploads/2_2_86965861d2.jpg"
                }
            ],
            "variants": []
        },
        {
            "id": 381,
            "name": "Dark Spot Toner",
            "slug": "dark-spot-toner",
            "short_desc": "Morbi purus libero, faucibus adipiscing, commodo quis, gravida id, est. Sed lectus. Praesent elementum hendrerit tortor. Sed semper lorem at felis. Vestibulum volutpat, lacus a ultrices sagittis, mi neque euismod dui, eu pulvinar nunc sapien",
            "price": 39.99,
            "sale_price": 24.99,
            "review": 4,
            "ratings": 5,
            "until": null,
            "stock": 100,
            "top": null,
            "featured": null,
            "new": true,
            "author": null,
            "sold": null,
            "category": [
                {
                    "name": "Healthy & Beauty",
                    "slug": "healthy-and-beauty"
                }
            ],
            "brands": [
                {
                    "name": "F&F",
                    "slug": "fandf"
                }
            ],
            "pictures": [
                {
                    "width": "334",
                    "height": "345",
                    "url": "/uploads/2_3_4e8e204563.jpg"
                }
            ],
            "sm_pictures": [
                {
                    "width": "334",
                    "height": "345",
                    "url": "/uploads/2_3_4e8e204563.jpg"
                }
            ],
            "variants": []
        },
        {
            "id": 382,
            "name": "Easy Bake Loose Powder",
            "slug": "easy-bake-loose-powder",
            "short_desc": "Morbi purus libero, faucibus adipiscing, commodo quis, gravida id, est. Sed lectus. Praesent elementum hendrerit tortor. Sed semper lorem at felis. Vestibulum volutpat, lacus a ultrices sagittis, mi neque euismod dui, eu pulvinar nunc sapien",
            "price": 55.9,
            "sale_price": null,
            "review": 4,
            "ratings": 5,
            "until": null,
            "stock": 100,
            "top": null,
            "featured": null,
            "new": true,
            "author": null,
            "sold": null,
            "category": [
                {
                    "name": "Healthy & Beauty",
                    "slug": "healthy-and-beauty"
                }
            ],
            "brands": [
                {
                    "name": "F&F",
                    "slug": "fandf"
                }
            ],
            "pictures": [
                {
                    "width": "334",
                    "height": "345",
                    "url": "/uploads/2_4_212af34ec4.jpg"
                }
            ],
            "sm_pictures": [
                {
                    "width": "334",
                    "height": "345",
                    "url": "/uploads/2_4_212af34ec4.jpg"
                }
            ],
            "variants": []
        }
    ],
    "posts": []
}