{
    "products": [
        {
            "id": 122,
            "name": "Apple – 11” iPad Pro with Wi-Fi 256 GB",
            "slug": "apple-11\"-ipad-pro-with-wi-fi-256-gb",
            "short_desc": "Morbi purus libero, faucibus adipiscing, commodo quis, gravida id, est. Sed lectus. Praesent elementum hendrerit tortor. Sed semper lorem at felis. Vestibulum volutpat, lacus a ultrices sagittis, mi neque euismod dui, eu pulvinar nunc sapien ",
            "price": 899.99,
            "sale_price": null,
            "review": 2,
            "ratings": 5,
            "until": "2022-05-01",
            "stock": 100,
            "top": null,
            "featured": null,
            "new": null,
            "author": null,
            "sold": null,
            "category": [
                {
                    "name": "Computers",
                    "slug": "computers"
                },
                {
                    "name": "Tablets",
                    "slug": "tablets"
                },
                {
                    "name": "Cell Phone",
                    "slug": "cell-phone"
                },
                {
                    "name": "TV",
                    "slug": "tv"
                }
            ],
            "brands": [
                {
                    "name": "F&F",
                    "slug": "fandf"
                },
                {
                    "name": "UGG",
                    "slug": "ugg"
                }
            ],
            "pictures": [
                {
                    "width": "600",
                    "height": "600",
                    "url": "/uploads/product_1_2_4e1d56ee3e.jpg"
                },
                {
                    "width": "600",
                    "height": "600",
                    "url": "/uploads/product_1_1_4426ffc7d8.jpg"
                }
            ],
            "sm_pictures": [
                {
                    "width": "300",
                    "height": "300",
                    "url": "/uploads/product_1_2_300x300_23e5807726.jpg"
                },
                {
                    "width": "300",
                    "height": "300",
                    "url": "/uploads/product_1_1_300x300_efb79f650f.jpg"
                }
            ],
            "variants": []
        },
        {
            "id": 156,
            "name": "Tie-detail top",
            "slug": "tie-detail-top",
            "short_desc": "Morbi purus libero, faucibus adipiscing, commodo quis, gravida id, est. Sed lectus. Praesent elementum hendrerit tortor. Sed semper lorem at felis. Vestibulum volutpat, lacus a ultrices sagittis, mi neque euismod dui, eu pulvinar nunc sapien ",
            "price": 84,
            "sale_price": 50,
            "review": 2,
            "ratings": 4,
            "until": null,
            "stock": 100,
            "top": true,
            "featured": false,
            "new": null,
            "author": null,
            "sold": 49,
            "category": [
                {
                    "name": "Men",
                    "slug": "men"
                },
                {
                    "name": "Clothing",
                    "slug": "clothing"
                },
                {
                    "name": "Fashion & clothing",
                    "slug": "fashion-and-clothing"
                },
                {
                    "name": "Women",
                    "slug": "women"
                }
            ],
            "brands": [
                {
                    "name": "UGG",
                    "slug": "ugg"
                },
                {
                    "name": "F&F",
                    "slug": "fandf"
                }
            ],
            "pictures": [
                {
                    "width": "800",
                    "height": "811",
                    "url": "/uploads/product_3_1_3b7dacfb52.jpg"
                },
                {
                    "width": "800",
                    "height": "811",
                    "url": "/uploads/product_3_2_bc32a06f54.jpg"
                },
                {
                    "width": "800",
                    "height": "811",
                    "url": "/uploads/product_3_3_a28d3ce216.jpg"
                }
            ],
            "sm_pictures": [
                {
                    "width": "296",
                    "height": "300",
                    "url": "/uploads/product_3_1_296x300_5294bcac56.jpg"
                },
                {
                    "width": "296",
                    "height": "300",
                    "url": "/uploads/product_3_2_296x300_a5219ac960.jpg"
                },
                {
                    "width": "296",
                    "height": "300",
                    "url": "/uploads/product_3_3_296x300_6bb149d2cb.jpg"
                }
            ],
            "variants": []
        },
        {
            "id": 184,
            "name": "Butler Stool Ladder Yellow",
            "slug": "butler-stool-ladder-yellow",
            "short_desc": "Morbi purus libero, faucibus adipiscing, commodo quis, gravida id, est. Sed lectus. Praesent elementum hendrerit tortor. Sed semper lorem at felis. Vestibulum volutpat, lacus a ultrices sagittis, mi neque euismod dui, eu pulvinar nunc sapien ",
            "price": 290.99,
            "sale_price": 251.99,
            "review": 2,
            "ratings": 4,
            "until": null,
            "stock": 100,
            "top": true,
            "featured": true,
            "new": null,
            "author": null,
            "sold": 54,
            "category": [
                {
                    "name": "Chairs",
                    "slug": "chairs"
                },
                {
                    "name": "Furniture",
                    "slug": "furniture"
                }
            ],
            "brands": [
                {
                    "name": "Nike",
                    "slug": "nike"
                }
            ],
            "pictures": [
                {
                    "width": "800",
                    "height": "800",
                    "url": "/uploads/product_9_1_b9dcb2dd97.jpg"
                },
                {
                    "width": "800",
                    "height": "800",
                    "url": "/uploads/product_9_2_29671b6194.jpg"
                }
            ],
            "sm_pictures": [
                {
                    "width": "300",
                    "height": "300",
                    "url": "/uploads/product_9_1_300x300_3a2633ec85.jpg"
                },
                {
                    "width": "300",
                    "height": "300",
                    "url": "/uploads/product_9_2_300x300_734cced114.jpg"
                }
            ],
            "variants": []
        },
        {
            "id": 186,
            "name": "Bose - SoundSport wireless headphones Blue",
            "slug": "bose-soundsport-wireless-headphones-blue",
            "short_desc": "Morbi purus libero, faucibus adipiscing, commodo quis, gravida id, est. Sed lectus. Praesent elementum hendrerit tortor. Sed semper lorem at felis. Vestibulum volutpat, lacus a ultrices sagittis, mi neque euismod dui, eu pulvinar nunc sapien ",
            "price": 199,
            "sale_price": 179,
            "review": 2,
            "ratings": 3,
            "until": "2022-04-01",
            "stock": 100,
            "top": true,
            "featured": true,
            "new": null,
            "author": null,
            "sold": 98,
            "category": [
                {
                    "name": "Electronics",
                    "slug": "electronics"
                },
                {
                    "name": "Accessories",
                    "slug": "accessories"
                },
                {
                    "name": "Audio",
                    "slug": "audio"
                },
                {
                    "name": "Shoes",
                    "slug": "shoes"
                },
                {
                    "name": "Cell Phone",
                    "slug": "cell-phone"
                },
                {
                    "name": "TV",
                    "slug": "tv"
                }
            ],
            "brands": [
                {
                    "name": "Nike",
                    "slug": "nike"
                }
            ],
            "pictures": [
                {
                    "width": "792",
                    "height": "800",
                    "url": "/uploads/product_11_1_42870b5161.jpg"
                }
            ],
            "sm_pictures": [
                {
                    "width": "297",
                    "height": "300",
                    "url": "/uploads/product_11_1_297x300_750a96beea.jpg"
                }
            ],
            "variants": []
        },
        {
            "id": 188,
            "name": "Apple - 11 Inch iPad with Wi-Fi 256GB",
            "slug": "apple-11-inch-ipad-with-wi-fi-256gb",
            "short_desc": "Morbi purus libero, faucibus adipiscing, commodo quis, gravida id, est. Sed lectus. Praesent elementum hendrerit tortor. Sed semper lorem at felis. Vestibulum volutpat, lacus a ultrices sagittis, mi neque euismod dui, eu pulvinar nunc sapien ",
            "price": 899.99,
            "sale_price": null,
            "review": 2,
            "ratings": 4,
            "until": null,
            "stock": 100,
            "top": true,
            "featured": null,
            "new": true,
            "author": null,
            "sold": 48,
            "category": [
                {
                    "name": "Tablets",
                    "slug": "tablets"
                },
                {
                    "name": "Electronics",
                    "slug": "electronics"
                },
                {
                    "name": "Computers",
                    "slug": "computers"
                },
                {
                    "name": "Cell Phone",
                    "slug": "cell-phone"
                },
                {
                    "name": "TV",
                    "slug": "tv"
                }
            ],
            "brands": [
                {
                    "name": "Nike",
                    "slug": "nike"
                }
            ],
            "pictures": [
                {
                    "width": "792",
                    "height": "800",
                    "url": "/uploads/product_13_1_ce4a7c33ab.jpg"
                }
            ],
            "sm_pictures": [
                {
                    "width": "297",
                    "height": "300",
                    "url": "/uploads/product_13_1_297x300_c7e8ae3348.jpg"
                }
            ],
            "variants": []
        },
        {
            "id": 189,
            "name": "Bose - SoundLink bluetooth Speaker",
            "slug": "bose-soundlink-bluetooth-speaker",
            "short_desc": "Morbi purus libero, faucibus adipiscing, commodo quis, gravida id, est. Sed lectus. Praesent elementum hendrerit tortor. Sed semper lorem at felis. Vestibulum volutpat, lacus a ultrices sagittis, mi neque euismod dui, eu pulvinar nunc sapien ",
            "price": 79.99,
            "sale_price": null,
            "review": 2,
            "ratings": 4,
            "until": null,
            "stock": 100,
            "top": null,
            "featured": true,
            "new": null,
            "author": null,
            "sold": 33,
            "category": [
                {
                    "name": "Audio",
                    "slug": "audio"
                },
                {
                    "name": "Electronics",
                    "slug": "electronics"
                }
            ],
            "brands": [
                {
                    "name": "Nike",
                    "slug": "nike"
                }
            ],
            "pictures": [
                {
                    "width": "792",
                    "height": "800",
                    "url": "/uploads/product_14_1_d5c7d14711.jpg"
                }
            ],
            "sm_pictures": [
                {
                    "width": "297",
                    "height": "300",
                    "url": "/uploads/product_14_1_297x300_662ad2bbb6.jpg"
                }
            ],
            "variants": []
        },
        {
            "id": 190,
            "name": "Google - Pixel 3 XL 128GB",
            "slug": "google-pixel-3-xl-128gb",
            "short_desc": "Morbi purus libero, faucibus adipiscing, commodo quis, gravida id, est. Sed lectus. Praesent elementum hendrerit tortor. Sed semper lorem at felis. Vestibulum volutpat, lacus a ultrices sagittis, mi neque euismod dui, eu pulvinar nunc sapien ",
            "price": 410,
            "sale_price": 350,
            "review": 2,
            "ratings": 5,
            "until": null,
            "stock": 100,
            "top": null,
            "featured": true,
            "new": null,
            "author": null,
            "sold": 34,
            "category": [
                {
                    "name": "Electronics",
                    "slug": "electronics"
                },
                {
                    "name": "Smart Phones",
                    "slug": "smart-phones"
                }
            ],
            "brands": [
                {
                    "name": "Nike",
                    "slug": "nike"
                }
            ],
            "pictures": [
                {
                    "width": "792",
                    "height": "800",
                    "url": "/uploads/product_15_1_d5c51ce960.jpg"
                }
            ],
            "sm_pictures": [
                {
                    "width": "297",
                    "height": "300",
                    "url": "/uploads/product_15_1_297x300_76ef45691c.jpg"
                }
            ],
            "variants": []
        },
        {
            "id": 196,
            "name": "KitchenAid - KSB1570WH Classic 5-Speed Blender",
            "slug": "kitchenaid-ksb1570wh-classic-5-speed-blender",
            "short_desc": "Morbi purus libero, faucibus adipiscing, commodo quis, gravida id, est. Sed lectus. Praesent elementum hendrerit tortor. Sed semper lorem at felis. Vestibulum volutpat, lacus a ultrices sagittis, mi neque euismod dui, eu pulvinar nunc sapien ",
            "price": 75,
            "sale_price": null,
            "review": 2,
            "ratings": 4,
            "until": null,
            "stock": 100,
            "top": true,
            "featured": true,
            "new": null,
            "author": null,
            "sold": 30,
            "category": [
                {
                    "name": "Cups",
                    "slug": "cups"
                },
                {
                    "name": "Electronics",
                    "slug": "electronics"
                },
                {
                    "name": "Cookware",
                    "slug": "cookware"
                },
                {
                    "name": "Cooking",
                    "slug": "cooking"
                }
            ],
            "brands": [
                {
                    "name": "F&F",
                    "slug": "fandf"
                },
                {
                    "name": "Nike",
                    "slug": "nike"
                }
            ],
            "pictures": [
                {
                    "width": "800",
                    "height": "800",
                    "url": "/uploads/product_22_1_79d93f0ed0.jpg"
                }
            ],
            "sm_pictures": [
                {
                    "width": "300",
                    "height": "300",
                    "url": "/uploads/product_22_1_300x300_aa478dc9f5.jpg"
                }
            ],
            "variants": []
        },
        {
            "id": 300,
            "name": "Sony - 49' Class LED X900F Series 2160p Smart - 4K Ultra HD",
            "slug": "sony-49'-class-led-x900f-series-2160p-smart-4k-ultra-hd",
            "short_desc": "Sed egestas, ante et vulputate volutpat, eros pede semper est, vitae luctus metus libero eu augue. Morbi purus libero, faucibus adipiscing. Sed lectus.",
            "price": 990,
            "sale_price": 779,
            "review": 2,
            "ratings": 5,
            "until": "2022-04-01",
            "stock": 100,
            "top": null,
            "featured": true,
            "new": true,
            "author": null,
            "sold": 12,
            "category": [
                {
                    "name": "Electronics",
                    "slug": "electronics"
                },
                {
                    "name": "Computers",
                    "slug": "computers"
                },
                {
                    "name": "Audio",
                    "slug": "audio"
                },
                {
                    "name": "Cell Phone",
                    "slug": "cell-phone"
                }
            ],
            "brands": [
                {
                    "name": "New Balance",
                    "slug": "new-balance"
                }
            ],
            "pictures": [
                {
                    "width": "800",
                    "height": "800",
                    "url": "/uploads/product_4_1_ea8be9c02b.jpg"
                },
                {
                    "width": "800",
                    "height": "800",
                    "url": "/uploads/product_4_2_2382fc7fd0.jpg"
                }
            ],
            "sm_pictures": [
                {
                    "width": "800",
                    "height": "800",
                    "url": "/uploads/product_4_1_ea8be9c02b.jpg"
                },
                {
                    "width": "800",
                    "height": "800",
                    "url": "/uploads/product_4_2_2382fc7fd0.jpg"
                }
            ],
            "variants": []
        },
        {
            "id": 301,
            "name": "Beats by Dr.Dre Wireless Headphone",
            "slug": "beats-by-dr.dre-wireless-headphone",
            "short_desc": "Sed egestas, ante et vulputate volutpat, eros pede semper est, vitae luctus metus libero eu augue. Morbi purus libero, faucibus adipiscing. Sed lectus.",
            "price": 349.99,
            "sale_price": null,
            "review": 2,
            "ratings": 5,
            "until": null,
            "stock": 100,
            "top": null,
            "featured": true,
            "new": null,
            "author": null,
            "sold": 55,
            "category": [
                {
                    "name": "Electronics",
                    "slug": "electronics"
                },
                {
                    "name": "Cell Phone",
                    "slug": "cell-phone"
                },
                {
                    "name": "Audio",
                    "slug": "audio"
                },
                {
                    "name": "Smart Phones",
                    "slug": "smart-phones"
                }
            ],
            "brands": [
                {
                    "name": "Nike",
                    "slug": "nike"
                },
                {
                    "name": "F&F",
                    "slug": "fandf"
                }
            ],
            "pictures": [
                {
                    "width": "800",
                    "height": "800",
                    "url": "/uploads/product_5_1_eaa44242b1.jpg"
                },
                {
                    "width": "800",
                    "height": "800",
                    "url": "/uploads/product_5_2_72bd605580.jpg"
                }
            ],
            "sm_pictures": [
                {
                    "width": "239",
                    "height": "239",
                    "url": "/uploads/product_22_a953372afa.jpg"
                },
                {
                    "width": "239",
                    "height": "239",
                    "url": "/uploads/product_22_2_3ab1e71925.jpg"
                }
            ],
            "variants": []
        },
        {
            "id": 302,
            "name": "Sony - Alpha a6000 Mirrorless Camera",
            "slug": "sony-alpha-a6000-mirrorless-camera",
            "short_desc": "Sed egestas, ante et vulputate volutpat, eros pede semper est, vitae luctus metus libero eu augue. Morbi purus libero, faucibus adipiscing. Sed lectus.",
            "price": 649.99,
            "sale_price": 549.99,
            "review": 2,
            "ratings": 3,
            "until": "2022-04-01",
            "stock": 100,
            "top": null,
            "featured": null,
            "new": true,
            "author": null,
            "sold": 77,
            "category": [
                {
                    "name": "Electronics",
                    "slug": "electronics"
                },
                {
                    "name": "Video Games",
                    "slug": "video-games"
                },
                {
                    "name": "Computers",
                    "slug": "computers"
                },
                {
                    "name": "Cell Phone",
                    "slug": "cell-phone"
                },
                {
                    "name": "Smart Phones",
                    "slug": "smart-phones"
                }
            ],
            "brands": [
                {
                    "name": "Nike",
                    "slug": "nike"
                }
            ],
            "pictures": [
                {
                    "width": "800",
                    "height": "800",
                    "url": "/uploads/product_9_1_a0b9a1d4f2.jpg"
                },
                {
                    "width": "800",
                    "height": "800",
                    "url": "/uploads/product_9_2_ad2f7e0254.jpg"
                }
            ],
            "sm_pictures": [
                {
                    "width": "192",
                    "height": "192",
                    "url": "/uploads/product_23_bdb4543db4.jpg"
                },
                {
                    "width": "192",
                    "height": "192",
                    "url": "/uploads/product_23_2_fe38c3d346.jpg"
                }
            ],
            "variants": []
        },
        {
            "id": 303,
            "name": "Samsung - 75' Class - LED Q60 Series - 2160p",
            "slug": "samsung-75'-class-led-q60-series-2160p",
            "short_desc": "Morbi purus libero, faucibus adipiscing, commodo quis, gravida id, est. Sed lectus. Praesent elementum hendrerit tortor. Sed semper lorem at felis. Vestibulum volutpat, lacus a ultrices sagittis, mi neque euismod dui, eu pulvinar nunc sapien ornare nisl. Phasellus pede arcu, dapibus eu, ",
            "price": 1999.99,
            "sale_price": null,
            "review": 2,
            "ratings": 4,
            "until": null,
            "stock": 100,
            "top": null,
            "featured": null,
            "new": null,
            "author": null,
            "sold": 59,
            "category": [
                {
                    "name": "Electronics",
                    "slug": "electronics"
                },
                {
                    "name": "TV",
                    "slug": "tv"
                },
                {
                    "name": "Cell Phone",
                    "slug": "cell-phone"
                },
                {
                    "name": "Smart Phones",
                    "slug": "smart-phones"
                }
            ],
            "brands": [
                {
                    "name": "Nike",
                    "slug": "nike"
                }
            ],
            "pictures": [
                {
                    "width": "800",
                    "height": "800",
                    "url": "/uploads/product_10_1_2ada37489c.jpg"
                },
                {
                    "width": "800",
                    "height": "800",
                    "url": "/uploads/product_10_2_65cf253f11.jpg"
                }
            ],
            "sm_pictures": [
                {
                    "width": "192",
                    "height": "192",
                    "url": "/uploads/product_24_5bc17de3e2.jpg"
                },
                {
                    "width": "192",
                    "height": "192",
                    "url": "/uploads/product_24_2_ac88a5fa52.jpg"
                }
            ],
            "variants": []
        },
        {
            "id": 304,
            "name": "Blue Backpack",
            "slug": "blue-backpack",
            "short_desc": "Morbi purus libero, faucibus adipiscing, commodo quis, gravida id, est. Sed lectus. Praesent elementum hendrerit tortor. Sed semper lorem at felis. Vestibulum volutpat, lacus a ultrices sagittis, mi neque euismod dui, eu pulvinar nunc sapien ornare nisl. Phasellus pede arcu, dapibus eu, ",
            "price": 42,
            "sale_price": null,
            "review": 2,
            "ratings": 4,
            "until": null,
            "stock": 100,
            "top": null,
            "featured": null,
            "new": null,
            "author": null,
            "sold": 30,
            "category": [
                {
                    "name": "Fashion & clothing",
                    "slug": "fashion-and-clothing"
                },
                {
                    "name": "Accessories",
                    "slug": "accessories"
                }
            ],
            "brands": [
                {
                    "name": "Nike",
                    "slug": "nike"
                }
            ],
            "pictures": [
                {
                    "width": "800",
                    "height": "800",
                    "url": "/uploads/product_15_1_aa3325c6f2.jpg"
                },
                {
                    "width": "800",
                    "height": "800",
                    "url": "/uploads/product_15_2_913920989a.jpg"
                }
            ],
            "sm_pictures": [
                {
                    "width": "192",
                    "height": "192",
                    "url": "/uploads/product_4_416f9867e4.jpg"
                },
                {
                    "width": "192",
                    "height": "192",
                    "url": "/uploads/product_4_2_b174dc72a7.jpg"
                }
            ],
            "variants": []
        }
    ],
    "posts": [
        {
            "id": 138,
            "author": "Jane Doe",
            "comments": "0",
            "content": "Morbi in sem quis dui placerat ornare. Pelle ntesque odio nisi, euismod in, pharetra ultricies in, diam. Sed arcu. ",
            "date": "2018-11-22",
            "slug": "aeneuman-dignissim-felis.",
            "title": "Aeneuman dignissim felis.",
            "type": "image",
            "blog_categories": [
                {
                    "name": "Lifestyle",
                    "slug": "lifestyle"
                }
            ],
            "image": [
                {
                    "width": "335",
                    "height": "200",
                    "url": "/uploads/post_1_eb9e722279.jpg"
                }
            ]
        },
        {
            "id": 139,
            "author": "Jane Doe",
            "comments": "0",
            "content": "Lorem ipsum dolor sit amet, consectetuer adipiscing elit. Donec odio. Quisque volutpat mattis eros. ",
            "date": "2020-05-12",
            "slug": "cras-orumnare-tristique-elit.",
            "title": "Cras orumnare tristique elit.",
            "type": "image",
            "blog_categories": [
                {
                    "name": "Lifestyle",
                    "slug": "lifestyle"
                }
            ],
            "image": [
                {
                    "width": "335",
                    "height": "200",
                    "url": "/uploads/post_1_977d1f1c67.jpg"
                }
            ]
        },
        {
            "id": 140,
            "author": "Jane Doe",
            "comments": "0",
            "content": "Quisque volutpat mattis eros. Nullam malesu erat ut turpis. Suspendisse urna nibh, viverra non, semper suscipit, posuere a, pede.",
            "date": "2020-05-19",
            "slug": "vestibulum-auctor-dumapibus-neque.",
            "title": "Vestibulum auctor dumapibus neque.",
            "type": "image",
            "blog_categories": [
                {
                    "name": "Lifestyle",
                    "slug": "lifestyle"
                }
            ],
            "image": [
                {
                    "width": "335",
                    "height": "200",
                    "url": "/uploads/post_2_c423c7aecb.jpg"
                }
            ]
        },
        {
            "id": 141,
            "author": "Jane Doe",
            "comments": "0",
            "content": "Suspendisse urna nibh, viverra non, semper suscipit, posuere a, pede. Donec nec justo eget felis facilisis fermentum. ",
            "date": "2020-05-19",
            "slug": "cras-iaculis-ultricies-nvulla",
            "title": "Cras iaculis ultricies nvulla.",
            "type": "image",
            "blog_categories": [
                {
                    "name": "Lifestyle",
                    "slug": "lifestyle"
                }
            ],
            "image": [
                {
                    "width": "335",
                    "height": "200",
                    "url": "/uploads/post_3_c62ddbdf51.jpg"
                }
            ]
        }
    ]
}