{"nm":"Desktop HD","ddd":0,"h":420,"w":591,"meta":{"g":"@lottiefiles/toolkit-js 0.26.1"},"layers":[{"ty":4,"nm":"▽ balao","sr":1,"st":0,"op":600,"ip":0,"hd":true,"ddd":0,"bm":0,"hasMask":false,"ao":0,"ks":{"a":{"a":0,"k":[84.5,76,0],"ix":1},"s":{"a":1,"k":[{"o":{"x":0.333,"y":0},"i":{"x":0.667,"y":1},"s":[90,90,100],"t":0},{"o":{"x":0.333,"y":0},"i":{"x":0.667,"y":1},"s":[100,100,100],"t":180},{"o":{"x":0.333,"y":0},"i":{"x":0.667,"y":1},"s":[90,90,100],"t":360},{"s":[100,100,100],"t":420}],"ix":6},"sk":{"a":0,"k":0},"p":{"a":1,"k":[{"o":{"x":0.333,"y":0},"i":{"x":0.667,"y":1},"s":[289,193,0],"t":0,"ti":[0,0,0],"to":[3.33333325386047,-10,0]},{"o":{"x":0.333,"y":0},"i":{"x":0.667,"y":1},"s":[309,133,0],"t":180,"ti":[1.66666662693024,0,0],"to":[0,0,0]},{"o":{"x":0.333,"y":0},"i":{"x":0.667,"y":1},"s":[289,193,0],"t":360,"ti":[-1.66666662693024,10,0],"to":[-1.66666662693024,0,0]},{"s":[299,133,0],"t":540}],"ix":2},"r":{"a":1,"k":[{"o":{"x":0.333,"y":0},"i":{"x":0.667,"y":1},"s":[5],"t":-30},{"o":{"x":0.333,"y":0},"i":{"x":0.667,"y":1},"s":[-5],"t":59},{"o":{"x":0.333,"y":0},"i":{"x":0.667,"y":1},"s":[5],"t":150},{"o":{"x":0.333,"y":0},"i":{"x":0.667,"y":1},"s":[-5],"t":240},{"o":{"x":0.333,"y":0},"i":{"x":0.667,"y":1},"s":[5],"t":330},{"s":[-5],"t":450}],"ix":10},"sa":{"a":0,"k":0},"o":{"a":0,"k":0,"ix":11}},"ef":[],"shapes":[{"ty":"gr","bm":0,"hd":false,"mn":"ADBE Vector Group","nm":"▽ balao","ix":1,"cix":2,"np":3,"it":[{"ty":"rc","bm":0,"hd":false,"mn":"ADBE Vector Shape - Rect","nm":"Caminho do retângulo 1","d":1,"p":{"a":0,"k":[84.5,137],"ix":3},"r":{"a":0,"k":0,"ix":4},"s":{"a":0,"k":[169,274],"ix":2}},{"ty":"fl","bm":0,"hd":false,"mn":"ADBE Vector Graphic - Fill","nm":"Preenchimento 1","c":{"a":0,"k":[0,0,0],"ix":4},"r":1,"o":{"a":0,"k":0,"ix":5}},{"ty":"st","bm":0,"hd":false,"mn":"ADBE Vector Graphic - Stroke","nm":"Traçado 1","lc":1,"lj":1,"ml":4,"o":{"a":0,"k":50,"ix":4},"w":{"a":0,"k":1,"ix":5},"c":{"a":0,"k":[0.298,0.7569,0.9882],"ix":3}},{"ty":"tr","a":{"a":0,"k":[0,0],"ix":1},"s":{"a":0,"k":[100,100],"ix":3},"sk":{"a":0,"k":0,"ix":4},"p":{"a":0,"k":[0,0],"ix":2},"r":{"a":0,"k":0,"ix":6},"sa":{"a":0,"k":0,"ix":5},"o":{"a":0,"k":100,"ix":7}}]}],"ind":1},{"ty":4,"nm":"Fill 33","sr":1,"st":0,"op":600,"ip":0,"hd":false,"ddd":0,"bm":0,"hasMask":false,"ao":0,"ks":{"a":{"a":0,"k":[0,0,0],"ix":1},"s":{"a":0,"k":[100,100,100],"ix":6},"sk":{"a":0,"k":0},"p":{"a":0,"k":[28.986,72.487,0],"ix":2},"r":{"a":0,"k":0,"ix":10},"sa":{"a":0,"k":0},"o":{"a":0,"k":100,"ix":11}},"ef":[],"shapes":[{"ty":"gr","bm":0,"hd":false,"mn":"ADBE Vector Group","nm":"Fill 33","ix":1,"cix":2,"np":2,"it":[{"ty":"sh","bm":0,"hd":false,"mn":"ADBE Vector Shape - Group","nm":"Caminho 1","ix":1,"d":1,"ks":{"a":0,"k":{"c":false,"i":[[0,0],[0.46,0.9],[1.27,6.19],[-22.71,16.47],[-0.84,-1.16],[1.16,-0.84],[-5.25,-25.49],[-2.61,-5.19],[1.27,-0.64],[0.39,0]],"o":[[-0.94,0],[-2.81,-5.6],[-5.66,-27.48],[1.15,-0.84],[0.83,1.15],[-21.07,15.28],[1.18,5.75],[0.64,1.27],[-0.38,0.19],[0,0]],"v":[[-6.869,46.005],[-9.179,44.585],[-15.339,26.825],[12.721,-45.515],[16.321,-44.935],[15.741,-41.335],[-10.289,25.775],[-4.569,42.265],[-5.709,45.725],[-6.869,46.005]]},"ix":2}},{"ty":"fl","bm":0,"hd":false,"mn":"ADBE Vector Graphic - Fill","nm":"Preenchimento 1","c":{"a":0,"k":[0.451,0.5882,1],"ix":4},"r":1,"o":{"a":0,"k":100,"ix":5}},{"ty":"tr","a":{"a":0,"k":[0,0],"ix":1},"s":{"a":0,"k":[100,100],"ix":3},"sk":{"a":0,"k":0,"ix":4},"p":{"a":0,"k":[0,0],"ix":2},"r":{"a":0,"k":0,"ix":6},"sa":{"a":0,"k":0,"ix":5},"o":{"a":0,"k":100,"ix":7}}]}],"ind":2,"parent":1},{"ty":4,"nm":"Fill 31","sr":1,"st":0,"op":600,"ip":0,"hd":false,"ddd":0,"bm":0,"hasMask":false,"ao":0,"ks":{"a":{"a":0,"k":[0,0,0],"ix":1},"s":{"a":0,"k":[100,100,100],"ix":6},"sk":{"a":0,"k":0},"p":{"a":0,"k":[63.901,19.141,0],"ix":2},"r":{"a":0,"k":0,"ix":10},"sa":{"a":0,"k":0},"o":{"a":0,"k":100,"ix":11}},"ef":[],"shapes":[{"ty":"gr","bm":0,"hd":false,"mn":"ADBE Vector Group","nm":"Fill 31","ix":1,"cix":2,"np":2,"it":[{"ty":"sh","bm":0,"hd":false,"mn":"ADBE Vector Shape - Group","nm":"Caminho 1","ix":1,"d":1,"ks":{"a":0,"k":{"c":false,"i":[[0,0],[0.4,1.02],[-1.33,0.53],[-4.11,0.85],[-0.29,-1.4],[1.4,-0.29],[3.59,-1.43],[0.32,0]],"o":[[-1.03,0],[-0.52,-1.32],[3.87,-1.54],[1.4,-0.28],[0.29,1.4],[-3.82,0.79],[-0.31,0.12],[0,0]],"v":[[-5.802,4.314],[-8.202,2.684],[-6.752,-0.666],[5.278,-4.266],[8.328,-2.256],[6.318,0.794],[-4.852,4.134],[-5.802,4.314]]},"ix":2}},{"ty":"fl","bm":0,"hd":false,"mn":"ADBE Vector Graphic - Fill","nm":"Preenchimento 1","c":{"a":0,"k":[0.451,0.5882,1],"ix":4},"r":1,"o":{"a":0,"k":100,"ix":5}},{"ty":"tr","a":{"a":0,"k":[0,0],"ix":1},"s":{"a":0,"k":[100,100],"ix":3},"sk":{"a":0,"k":0,"ix":4},"p":{"a":0,"k":[0,0],"ix":2},"r":{"a":0,"k":0,"ix":6},"sa":{"a":0,"k":0,"ix":5},"o":{"a":0,"k":100,"ix":7}}]}],"ind":3,"parent":1},{"ty":4,"nm":"Fill 29","sr":1,"st":0,"op":600,"ip":0,"hd":false,"ddd":0,"bm":0,"hasMask":false,"ao":0,"ks":{"a":{"a":0,"k":[0,0,0],"ix":1},"s":{"a":0,"k":[100,100,100],"ix":6},"sk":{"a":0,"k":0},"p":{"a":0,"k":[107.501,103.25,0],"ix":2},"r":{"a":0,"k":0,"ix":10},"sa":{"a":0,"k":0},"o":{"a":0,"k":30,"ix":11}},"ef":[],"shapes":[{"ty":"gr","bm":0,"hd":false,"mn":"ADBE Vector Group","nm":"Fill 29","ix":1,"cix":2,"np":2,"it":[{"ty":"sh","bm":0,"hd":false,"mn":"ADBE Vector Shape - Group","nm":"Caminho 1","ix":1,"d":1,"ks":{"a":0,"k":{"c":false,"i":[[0,0],[0,8.9],[-8.9,0],[0,21.93],[0.91,3.36],[-8.59,2.32],[-2.32,-8.6],[0,-6.37],[39.7,0]],"o":[[-8.9,0],[0,-8.91],[21.92,0],[0,-3.53],[-2.31,-8.6],[8.6,-2.32],[1.64,6.1],[0,39.72],[0,0]],"v":[[-27.938,51.374],[-44.058,35.254],[-27.938,19.124],[11.822,-20.656],[10.452,-31.046],[21.822,-50.816],[41.582,-39.446],[44.062,-20.656],[-27.938,51.374]]},"ix":2}},{"ty":"fl","bm":0,"hd":false,"mn":"ADBE Vector Graphic - Fill","nm":"Preenchimento 1","c":{"a":0,"k":[0.1216,0.2549,0.702],"ix":4},"r":1,"o":{"a":0,"k":100,"ix":5}},{"ty":"tr","a":{"a":0,"k":[0,0],"ix":1},"s":{"a":0,"k":[100,100],"ix":3},"sk":{"a":0,"k":0,"ix":4},"p":{"a":0,"k":[0,0],"ix":2},"r":{"a":0,"k":0,"ix":6},"sa":{"a":0,"k":0,"ix":5},"o":{"a":0,"k":100,"ix":7}}]}],"ind":4,"parent":1},{"ty":4,"nm":"Fill 17","sr":1,"st":0,"op":600,"ip":0,"hd":false,"ddd":0,"bm":0,"hasMask":false,"ao":0,"ks":{"a":{"a":0,"k":[0,0,0],"ix":1},"s":{"a":0,"k":[100,100,100],"ix":6},"sk":{"a":0,"k":0},"p":{"a":0,"k":[84.811,84.521,0],"ix":2},"r":{"a":0,"k":0,"ix":10},"sa":{"a":0,"k":0},"o":{"a":0,"k":100,"ix":11}},"ef":[],"shapes":[{"ty":"gr","bm":0,"hd":false,"mn":"ADBE Vector Group","nm":"Fill 17","ix":1,"cix":2,"np":2,"it":[{"ty":"sh","bm":0,"hd":false,"mn":"ADBE Vector Shape - Group","nm":"Caminho 1","ix":1,"d":1,"ks":{"a":0,"k":{"c":false,"i":[[0,0],[52.54,19.67],[8.95,10.48],[-9.85,27.86],[-43.77,-39.96],[-0.55,-23.97]],"o":[[1.32,56.56],[-12.89,-4.82],[-18.97,-22.23],[18.91,-53.46],[18.11,16.52],[0,0]],"v":[[83.923,0.075],[-29.647,79.155],[-63.127,55.885],[-79.567,-25.735],[55.373,-64.445],[83.923,0.075]]},"ix":2}},{"ty":"fl","bm":0,"hd":false,"mn":"ADBE Vector Graphic - Fill","nm":"Preenchimento 1","c":{"a":0,"k":[0.2667,0.8078,0.9608],"ix":4},"r":1,"o":{"a":0,"k":100,"ix":5}},{"ty":"tr","a":{"a":0,"k":[0,0],"ix":1},"s":{"a":0,"k":[100,100],"ix":3},"sk":{"a":0,"k":0,"ix":4},"p":{"a":0,"k":[0,0],"ix":2},"r":{"a":0,"k":0,"ix":6},"sa":{"a":0,"k":0,"ix":5},"o":{"a":0,"k":100,"ix":7}}]}],"ind":5,"parent":1},{"ty":4,"nm":"Fill 47","sr":1,"st":0,"op":600,"ip":0,"hd":false,"ddd":0,"bm":0,"hasMask":false,"ao":0,"ks":{"a":{"a":0,"k":[0,0,0],"ix":1},"s":{"a":0,"k":[100,100,100],"ix":6},"sk":{"a":0,"k":0},"p":{"a":0,"k":[93.293,208.044,0],"ix":2},"r":{"a":0,"k":0,"ix":10},"sa":{"a":0,"k":0},"o":{"a":0,"k":100,"ix":11}},"ef":[],"shapes":[{"ty":"gr","bm":0,"hd":false,"mn":"ADBE Vector Group","nm":"Fill 47","ix":1,"cix":2,"np":2,"it":[{"ty":"sh","bm":0,"hd":false,"mn":"ADBE Vector Shape - Group","nm":"Caminho 1","ix":1,"d":1,"ks":{"a":0,"k":{"c":false,"i":[[0,0],[0.05,0],[-0.08,0.71],[0,0],[-0.71,-0.08],[0.08,-0.71],[0,0],[0.65,0]],"o":[[-0.05,0],[-0.71,-0.08],[0,0],[0.08,-0.71],[0.71,0.08],[0,0],[-0.08,0.66],[0,0]],"v":[[-4.88,43.802],[-5.03,43.792],[-6.16,42.362],[3.6,-42.658],[5.03,-43.788],[6.16,-42.358],[-3.6,42.652],[-4.88,43.802]]},"ix":2}},{"ty":"fl","bm":0,"hd":false,"mn":"ADBE Vector Graphic - Fill","nm":"Preenchimento 1","c":{"a":0,"k":[1,1,1],"ix":4},"r":1,"o":{"a":0,"k":100,"ix":5}},{"ty":"tr","a":{"a":0,"k":[0,0],"ix":1},"s":{"a":0,"k":[100,100],"ix":3},"sk":{"a":0,"k":0,"ix":4},"p":{"a":0,"k":[0,0],"ix":2},"r":{"a":0,"k":0,"ix":6},"sa":{"a":0,"k":0,"ix":5},"o":{"a":0,"k":100,"ix":7}}]}],"ind":6,"parent":1},{"ty":4,"nm":"Fill 45","sr":1,"st":0,"op":600,"ip":0,"hd":false,"ddd":0,"bm":0,"hasMask":false,"ao":0,"ks":{"a":{"a":0,"k":[0,0,0],"ix":1},"s":{"a":0,"k":[100,100,100],"ix":6},"sk":{"a":0,"k":0},"p":{"a":0,"k":[73.608,199.403,0],"ix":2},"r":{"a":0,"k":0,"ix":10},"sa":{"a":0,"k":0},"o":{"a":0,"k":100,"ix":11}},"ef":[],"shapes":[{"ty":"gr","bm":0,"hd":false,"mn":"ADBE Vector Group","nm":"Fill 45","ix":1,"cix":2,"np":2,"it":[{"ty":"sh","bm":0,"hd":false,"mn":"ADBE Vector Shape - Group","nm":"Caminho 1","ix":1,"d":1,"ks":{"a":0,"k":{"c":false,"i":[[0,0],[0.12,0.62],[0,0],[-0.7,0.12],[-0.12,-0.71],[0,0],[0.7,-0.12],[0.08,0]],"o":[[-0.61,0],[0,0],[-0.12,-0.7],[0.69,-0.12],[0,0],[0.13,0.7],[-0.08,0.02],[0,0]],"v":[[5.948,35.153],[4.678,34.093],[-7.222,-33.647],[-6.172,-35.137],[-4.682,-34.087],[7.218,33.643],[6.178,35.133],[5.948,35.153]]},"ix":2}},{"ty":"fl","bm":0,"hd":false,"mn":"ADBE Vector Graphic - Fill","nm":"Preenchimento 1","c":{"a":0,"k":[1,1,1],"ix":4},"r":1,"o":{"a":0,"k":100,"ix":5}},{"ty":"tr","a":{"a":0,"k":[0,0],"ix":1},"s":{"a":0,"k":[100,100],"ix":3},"sk":{"a":0,"k":0,"ix":4},"p":{"a":0,"k":[0,0],"ix":2},"r":{"a":0,"k":0,"ix":6},"sa":{"a":0,"k":0,"ix":5},"o":{"a":0,"k":100,"ix":7}}]}],"ind":7,"parent":1},{"ty":4,"nm":"Fill 43","sr":1,"st":0,"op":600,"ip":0,"hd":false,"ddd":0,"bm":0,"hasMask":false,"ao":0,"ks":{"a":{"a":0,"k":[0,0,0],"ix":1},"s":{"a":0,"k":[100,100,100],"ix":6},"sk":{"a":0,"k":0},"p":{"a":0,"k":[85.009,241.978,0],"ix":2},"r":{"a":0,"k":0,"ix":10},"sa":{"a":0,"k":0},"o":{"a":0,"k":100,"ix":11}},"ef":[],"shapes":[{"ty":"gr","bm":0,"hd":false,"mn":"ADBE Vector Group","nm":"Fill 43","ix":1,"cix":2,"np":2,"it":[{"ty":"sh","bm":0,"hd":false,"mn":"ADBE Vector Shape - Group","nm":"Caminho 1","ix":1,"d":1,"ks":{"a":0,"k":{"c":false,"i":[[0,0],[0,5.61],[-11.7,0],[0,-0.71],[0.71,0],[0,-4.37],[-8.65,0],[0,4.37],[4.37,1.43],[-0.22,0.68],[-0.68,-0.22],[0,-3.39],[11.7,0]],"o":[[-11.7,0],[0,-5.61],[0.71,0],[0,0.71],[-8.65,0],[0,4.37],[8.65,0],[0,-2.14],[-0.68,-0.22],[0.22,-0.68],[5.63,1.84],[0,5.61],[0,0]],"v":[[0.004,10.001],[-20.866,0.001],[0.004,-9.999],[1.294,-8.709],[0.004,-7.419],[-18.286,0.001],[0.004,7.421],[18.284,0.001],[11.204,-5.789],[10.374,-7.419],[12.004,-8.239],[20.864,0.001],[0.004,10.001]]},"ix":2}},{"ty":"fl","bm":0,"hd":false,"mn":"ADBE Vector Graphic - Fill","nm":"Preenchimento 1","c":{"a":0,"k":[1,1,1],"ix":4},"r":1,"o":{"a":0,"k":100,"ix":5}},{"ty":"tr","a":{"a":0,"k":[0,0],"ix":1},"s":{"a":0,"k":[100,100],"ix":3},"sk":{"a":0,"k":0,"ix":4},"p":{"a":0,"k":[0,0],"ix":2},"r":{"a":0,"k":0,"ix":6},"sa":{"a":0,"k":0,"ix":5},"o":{"a":0,"k":100,"ix":7}}]}],"ind":8,"parent":1},{"ty":4,"nm":"Fill 39","sr":1,"st":0,"op":600,"ip":0,"hd":false,"ddd":0,"bm":0,"hasMask":false,"ao":0,"ks":{"a":{"a":0,"k":[0,0,0],"ix":1},"s":{"a":0,"k":[100,100,100],"ix":6},"sk":{"a":0,"k":0},"p":{"a":0,"k":[111.474,197.678,0],"ix":2},"r":{"a":0,"k":0,"ix":10},"sa":{"a":0,"k":0},"o":{"a":0,"k":100,"ix":11}},"ef":[],"shapes":[{"ty":"gr","bm":0,"hd":false,"mn":"ADBE Vector Group","nm":"Fill 39","ix":1,"cix":2,"np":2,"it":[{"ty":"sh","bm":0,"hd":false,"mn":"ADBE Vector Shape - Group","nm":"Caminho 1","ix":1,"d":1,"ks":{"a":0,"k":{"c":false,"i":[[0,0],[0,0],[0.47,4.26],[0,0],[-0.71,0.08],[-0.08,-0.71],[0,0],[-2.97,0],[0,0],[-0.27,2.71],[0,0],[-0.06,0.13],[0,0],[-0.65,-0.3],[0.29,-0.65],[0,0],[0,0],[4.06,0]],"o":[[0,0],[-4.28,0],[0,0],[-0.08,-0.7],[0.7,-0.08],[0,0],[0.33,2.96],[0,0],[2.73,0],[0,0],[0.01,-0.14],[0,0],[0.29,-0.65],[0.64,0.29],[0,0],[0,0],[-0.4,4.04],[0,0]],"v":[[-15.922,75.368],[-36.382,75.368],[-44.722,67.898],[-47.322,44.438],[-46.182,43.018],[-44.762,44.158],[-42.162,67.608],[-36.382,72.788],[-15.922,72.788],[-10.672,68.038],[-8.172,42.558],[-8.062,42.158],[44.868,-74.612],[46.578,-75.252],[47.218,-73.552],[-5.632,43.028],[-8.102,68.288],[-15.922,75.368]]},"ix":2}},{"ty":"fl","bm":0,"hd":false,"mn":"ADBE Vector Graphic - Fill","nm":"Preenchimento 1","c":{"a":0,"k":[1,1,1],"ix":4},"r":1,"o":{"a":0,"k":100,"ix":5}},{"ty":"tr","a":{"a":0,"k":[0,0],"ix":1},"s":{"a":0,"k":[100,100],"ix":3},"sk":{"a":0,"k":0,"ix":4},"p":{"a":0,"k":[0,0],"ix":2},"r":{"a":0,"k":0,"ix":6},"sa":{"a":0,"k":0,"ix":5},"o":{"a":0,"k":100,"ix":7}}]}],"ind":9,"parent":1},{"ty":4,"nm":"Fill 19","sr":1,"st":0,"op":600,"ip":0,"hd":false,"ddd":0,"bm":0,"hasMask":false,"ao":0,"ks":{"a":{"a":0,"k":[0,0,0],"ix":1},"s":{"a":0,"k":[100,100,100],"ix":6},"sk":{"a":0,"k":0},"p":{"a":0,"k":[88.412,143.098,0],"ix":2},"r":{"a":0,"k":0,"ix":10},"sa":{"a":0,"k":0},"o":{"a":0,"k":100,"ix":11}},"ef":[],"shapes":[{"ty":"gr","bm":0,"hd":false,"mn":"ADBE Vector Group","nm":"Fill 19","ix":1,"cix":2,"np":2,"it":[{"ty":"sh","bm":0,"hd":false,"mn":"ADBE Vector Shape - Group","nm":"Caminho 1","ix":1,"d":1,"ks":{"a":0,"k":{"c":false,"i":[[0,0],[8.82,3.3],[8.96,10.49],[1.48,2.07],[-0.58,0.42],[-0.41,-0.58],[-1.59,-1.87],[-12.88,-4.82],[-18.34,6.59],[-10.28,15.19],[-0.59,-0.4],[0.4,-0.59],[18.22,-6.55],[9.75,0]],"o":[[-9.55,0],[-13.28,-4.97],[-1.64,-1.93],[-0.41,-0.58],[0.58,-0.41],[1.43,2.01],[8.68,10.16],[17.25,6.46],[17.7,-6.36],[0.4,-0.59],[0.59,0.4],[-10.59,15.65],[-9.55,3.43],[0,0]],"v":[[-3.674,20.789],[-31.454,15.839],[-65.454,-7.791],[-70.154,-13.821],[-69.854,-15.621],[-68.054,-15.321],[-63.494,-9.471],[-30.544,13.419],[24.646,13.209],[68.036,-20.221],[69.826,-20.571],[70.176,-18.781],[25.516,15.639],[-3.674,20.789]]},"ix":2}},{"ty":"fl","bm":0,"hd":false,"mn":"ADBE Vector Graphic - Fill","nm":"Preenchimento 1","c":{"a":0,"k":[1,1,1],"ix":4},"r":1,"o":{"a":0,"k":100,"ix":5}},{"ty":"tr","a":{"a":0,"k":[0,0],"ix":1},"s":{"a":0,"k":[100,100],"ix":3},"sk":{"a":0,"k":0,"ix":4},"p":{"a":0,"k":[0,0],"ix":2},"r":{"a":0,"k":0,"ix":6},"sa":{"a":0,"k":0,"ix":5},"o":{"a":0,"k":100,"ix":7}}]}],"ind":10,"parent":1},{"ty":4,"nm":"Fill 15","sr":1,"st":0,"op":600,"ip":0,"hd":false,"ddd":0,"bm":0,"hasMask":false,"ao":0,"ks":{"a":{"a":0,"k":[0,0,0],"ix":1},"s":{"a":0,"k":[100,100,100],"ix":6},"sk":{"a":0,"k":0},"p":{"a":0,"k":[37.295,178.645,0],"ix":2},"r":{"a":0,"k":0,"ix":10},"sa":{"a":0,"k":0},"o":{"a":0,"k":100,"ix":11}},"ef":[],"shapes":[{"ty":"gr","bm":0,"hd":false,"mn":"ADBE Vector Group","nm":"Fill 15","ix":1,"cix":2,"np":2,"it":[{"ty":"sh","bm":0,"hd":false,"mn":"ADBE Vector Shape - Group","nm":"Caminho 1","ix":1,"d":1,"ks":{"a":0,"k":{"c":false,"i":[[0,0],[0.22,0.47],[0,0],[-0.64,0.29],[-0.29,-0.65],[0,0],[0.65,-0.3],[0.17,0]],"o":[[-0.49,0],[0,0],[-0.3,-0.65],[0.65,-0.3],[0,0],[0.29,0.64],[-0.17,0.07],[0,0]],"v":[[28.143,63.009],[26.963,62.259],[-29.307,-61.181],[-28.677,-62.891],[-26.967,-62.251],[29.313,61.189],[28.673,62.899],[28.143,63.009]]},"ix":2}},{"ty":"fl","bm":0,"hd":false,"mn":"ADBE Vector Graphic - Fill","nm":"Preenchimento 1","c":{"a":0,"k":[1,1,1],"ix":4},"r":1,"o":{"a":0,"k":100,"ix":5}},{"ty":"tr","a":{"a":0,"k":[0,0],"ix":1},"s":{"a":0,"k":[100,100],"ix":3},"sk":{"a":0,"k":0,"ix":4},"p":{"a":0,"k":[0,0],"ix":2},"r":{"a":0,"k":0,"ix":6},"sa":{"a":0,"k":0,"ix":5},"o":{"a":0,"k":100,"ix":7}}]}],"ind":11,"parent":1},{"ty":4,"nm":"Branding | MODIAX [POS]","sr":1,"st":0,"op":600,"ip":0,"hd":false,"ddd":0,"bm":0,"hasMask":false,"ao":0,"ks":{"a":{"a":1,"k":[{"o":{"x":0.167,"y":0.167},"i":{"x":0.833,"y":0.833},"s":[0,-170.357,0],"t":0},{"s":[0,-170.357,0],"t":20}],"ix":1},"s":{"a":0,"k":[100,100,100],"ix":6},"sk":{"a":0,"k":0},"p":{"a":0,"k":[85.5,89.643,0],"ix":2},"r":{"a":0,"k":0,"ix":10},"sa":{"a":0,"k":0},"o":{"a":0,"k":100,"ix":11}},"ef":[],"shapes":[{"ty":"gr","bm":0,"hd":false,"mn":"ADBE Vector Group","nm":"Branding | MODIAX [POS]","ix":1,"cix":2,"np":3,"it":[{"ty":"gr","bm":0,"hd":false,"mn":"ADBE Vector Group","nm":"Grupo 1","ix":1,"cix":2,"np":3,"it":[{"ty":"sh","bm":0,"hd":false,"mn":"ADBE Vector Shape - Group","nm":"Caminho 1","ix":1,"d":1,"ks":{"a":0,"k":{"c":true,"i":[[0,0],[0,0],[-0.14,0],[0,0],[0,0.13],[0,0]],"o":[[0,0],[0,0.13],[0,0],[0.14,0],[0,0],[0,0]],"v":[[2.5,1.36],[2.5,4.76],[2.75,5],[4.25,5],[4.5,4.76],[4.5,-1]]},"ix":2}},{"ty":"sh","bm":0,"hd":false,"mn":"ADBE Vector Shape - Group","nm":"Caminho 2","ix":2,"d":1,"ks":{"a":0,"k":{"c":true,"i":[[0,0],[0,0],[0,0],[-0.14,0],[0,0],[0,0.15],[0,0]],"o":[[0,0],[0,0],[0,0.15],[0,0],[0.14,0],[0,0],[0,0]],"v":[[-3.95,-1],[-4.5,-1],[-4.5,4.73],[-4.25,5],[-2.75,5],[-2.5,4.73],[-2.5,0.94]]},"ix":2}},{"ty":"sh","bm":0,"hd":false,"mn":"ADBE Vector Shape - Group","nm":"Caminho 3","ix":3,"d":1,"ks":{"a":0,"k":{"c":true,"i":[[0.05,0],[0,0],[0.05,-0.06],[0,0],[0.07,0],[0.04,0.06],[0,0],[0.07,0],[0,0],[0.05,-0.06],[0,0],[-0.02,-0.05],[-0.04,0],[0,0],[0,0],[0,0],[-0.07,0],[0,0],[-0.04,0.06],[0,0],[0.02,0.05]],"o":[[0,0],[-0.07,0],[0,0],[-0.04,0.06],[-0.06,0],[0,0],[-0.04,-0.06],[0,0],[-0.06,0],[0,0],[-0.03,0.04],[0.02,0.04],[0,0],[0,0],[0,0],[0.04,0.06],[0,0],[0.06,0],[0,0],[0.03,-0.04],[-0.02,-0.05]],"v":[[5.38,-5],[3.65,-5],[3.47,-4.9],[-0.07,-0.02],[-0.24,0.08],[-0.41,-0.02],[-2.73,-3.2],[-2.9,-3.29],[-4.23,-3.29],[-4.4,-3.2],[-5.47,-1.69],[-5.49,-1.55],[-5.39,-1.48],[-4.44,-1.48],[-3.51,-1.48],[-0.46,2.91],[-0.29,3],[-0.19,3],[-0.02,2.91],[5.47,-4.77],[5.49,-4.92]]},"ix":2}},{"ty":"tr","a":{"a":0,"k":[0,0],"ix":1},"s":{"a":0,"k":[100,100],"ix":3},"sk":{"a":0,"k":0,"ix":4},"p":{"a":0,"k":[0,0],"ix":2},"r":{"a":0,"k":0,"ix":6},"sa":{"a":0,"k":0,"ix":5},"o":{"a":0,"k":100,"ix":7}}]},{"ty":"mm","bm":0,"hd":false,"mn":"ADBE Vector Filter - Merge","nm":"Mesclar caminhos 1","mm":2},{"ty":"fl","bm":0,"hd":false,"mn":"ADBE Vector Graphic - Fill","nm":"Preenchimento 1","c":{"a":0,"k":[1,1,1],"ix":4},"r":1,"o":{"a":0,"k":100,"ix":5}},{"ty":"tr","a":{"a":0,"k":[0,0],"ix":1},"s":{"a":0,"k":[100,100],"ix":3},"sk":{"a":0,"k":0,"ix":4},"p":{"a":0,"k":[0,0],"ix":2},"r":{"a":0,"k":0,"ix":6},"sa":{"a":0,"k":0,"ix":5},"o":{"a":0,"k":100,"ix":7}}]}],"ind":12,"parent":1},{"ty":4,"nm":"4","sr":1,"st":0,"op":600,"ip":0,"hd":false,"ddd":0,"bm":0,"hasMask":false,"ao":0,"ks":{"a":{"a":0,"k":[0,-14,0],"ix":1},"s":{"a":0,"k":[100,100,100],"ix":6},"sk":{"a":0,"k":0},"p":{"a":0,"k":[493.56,193.84,0],"ix":2},"r":{"a":0,"k":0,"ix":10},"sa":{"a":0,"k":0},"o":{"a":0,"k":100,"ix":11}},"ef":[],"shapes":[{"ty":"gr","bm":0,"hd":false,"mn":"ADBE Vector Group","nm":"4","ix":1,"cix":2,"np":3,"it":[{"ty":"gr","bm":0,"hd":false,"mn":"ADBE Vector Group","nm":"Grupo 1","ix":1,"cix":2,"np":2,"it":[{"ty":"sh","bm":0,"hd":false,"mn":"ADBE Vector Shape - Group","nm":"Caminho 1","ix":1,"d":1,"ks":{"a":0,"k":{"c":true,"i":[[0,0],[0,0],[0,0],[0,0],[0,0],[0,0],[0,0],[0,0],[0,0],[0,0],[0,0]],"o":[[0,0],[0,0],[0,0],[0,0],[0,0],[0,0],[0,0],[0,0],[0,0],[0,0],[0,0]],"v":[[-89.92,60.64],[-89.92,9.44],[-3.52,-103.84],[56.64,-103.84],[56.64,18.4],[89.92,18.4],[89.92,60.64],[56.64,60.64],[56.64,103.84],[6.08,103.84],[6.08,60.64]]},"ix":2}},{"ty":"sh","bm":0,"hd":false,"mn":"ADBE Vector Shape - Group","nm":"Caminho 2","ix":2,"d":1,"ks":{"a":0,"k":{"c":true,"i":[[0,0],[0,0],[0,0]],"o":[[0,0],[0,0],[0,0]],"v":[[6.08,18.4],[6.08,-50.08],[-46.08,18.4]]},"ix":2}},{"ty":"tr","a":{"a":0,"k":[0,0],"ix":1},"s":{"a":0,"k":[100,100],"ix":3},"sk":{"a":0,"k":0,"ix":4},"p":{"a":0,"k":[0,0],"ix":2},"r":{"a":0,"k":0,"ix":6},"sa":{"a":0,"k":0,"ix":5},"o":{"a":0,"k":100,"ix":7}}]},{"ty":"mm","bm":0,"hd":false,"mn":"ADBE Vector Filter - Merge","nm":"Mesclar caminhos 1","mm":1},{"ty":"fl","bm":0,"hd":false,"mn":"ADBE Vector Graphic - Fill","nm":"Preenchimento 1","c":{"a":0,"k":[0.2667,0.8078,0.9608],"ix":4},"r":1,"o":{"a":0,"k":100,"ix":5}},{"ty":"tr","a":{"a":0,"k":[0,0],"ix":1},"s":{"a":0,"k":[100,100],"ix":3},"sk":{"a":0,"k":0,"ix":4},"p":{"a":0,"k":[0,0],"ix":2},"r":{"a":0,"k":0,"ix":6},"sa":{"a":0,"k":0,"ix":5},"o":{"a":0,"k":100,"ix":7}}]}],"ind":13},{"ty":4,"nm":"4","sr":1,"st":0,"op":600,"ip":0,"hd":false,"ddd":0,"bm":0,"hasMask":false,"ao":0,"ks":{"a":{"a":0,"k":[0,-14,0],"ix":1},"s":{"a":0,"k":[100,100,100],"ix":6},"sk":{"a":0,"k":0},"p":{"a":0,"k":[103.42,193.84,0],"ix":2},"r":{"a":0,"k":0,"ix":10},"sa":{"a":0,"k":0},"o":{"a":0,"k":100,"ix":11}},"ef":[],"shapes":[{"ty":"gr","bm":0,"hd":false,"mn":"ADBE Vector Group","nm":"4","ix":1,"cix":2,"np":3,"it":[{"ty":"gr","bm":0,"hd":false,"mn":"ADBE Vector Group","nm":"Grupo 1","ix":1,"cix":2,"np":2,"it":[{"ty":"sh","bm":0,"hd":false,"mn":"ADBE Vector Shape - Group","nm":"Caminho 1","ix":1,"d":1,"ks":{"a":0,"k":{"c":true,"i":[[0,0],[0,0],[0,0],[0,0],[0,0],[0,0],[0,0],[0,0],[0,0],[0,0],[0,0]],"o":[[0,0],[0,0],[0,0],[0,0],[0,0],[0,0],[0,0],[0,0],[0,0],[0,0],[0,0]],"v":[[-89.92,60.64],[-89.92,9.44],[-3.52,-103.84],[56.64,-103.84],[56.64,18.4],[89.92,18.4],[89.92,60.64],[56.64,60.64],[56.64,103.84],[6.08,103.84],[6.08,60.64]]},"ix":2}},{"ty":"sh","bm":0,"hd":false,"mn":"ADBE Vector Shape - Group","nm":"Caminho 2","ix":2,"d":1,"ks":{"a":0,"k":{"c":true,"i":[[0,0],[0,0],[0,0]],"o":[[0,0],[0,0],[0,0]],"v":[[6.08,18.4],[6.08,-50.08],[-46.08,18.4]]},"ix":2}},{"ty":"tr","a":{"a":0,"k":[0,0],"ix":1},"s":{"a":0,"k":[100,100],"ix":3},"sk":{"a":0,"k":0,"ix":4},"p":{"a":0,"k":[0,0],"ix":2},"r":{"a":0,"k":0,"ix":6},"sa":{"a":0,"k":0,"ix":5},"o":{"a":0,"k":100,"ix":7}}]},{"ty":"mm","bm":0,"hd":false,"mn":"ADBE Vector Filter - Merge","nm":"Mesclar caminhos 1","mm":1},{"ty":"fl","bm":0,"hd":false,"mn":"ADBE Vector Graphic - Fill","nm":"Preenchimento 1","c":{"a":0,"k":[0.2667,0.8078,0.9608],"ix":4},"r":1,"o":{"a":0,"k":100,"ix":5}},{"ty":"tr","a":{"a":0,"k":[0,0],"ix":1},"s":{"a":0,"k":[100,100],"ix":3},"sk":{"a":0,"k":0,"ix":4},"p":{"a":0,"k":[0,0],"ix":2},"r":{"a":0,"k":0,"ix":6},"sa":{"a":0,"k":0,"ix":5},"o":{"a":0,"k":100,"ix":7}}]}],"ind":14},{"ty":4,"nm":"nivem 2","sr":1,"st":180,"op":361,"ip":180,"hd":false,"ddd":0,"bm":0,"hasMask":false,"ao":0,"ks":{"a":{"a":0,"k":[0,-14,0],"ix":1},"s":{"a":0,"k":[100,100,100],"ix":6},"sk":{"a":0,"k":0},"p":{"a":1,"k":[{"o":{"x":0.167,"y":0.167},"i":{"x":0.833,"y":0.833},"s":[346.675,263,0],"t":180,"ti":[55.7735176086426,0,0],"to":[-31.1618633270264,0,0]},{"s":[170.048,263,0],"t":360}],"ix":2},"r":{"a":0,"k":0,"ix":10},"sa":{"a":0,"k":0},"o":{"a":1,"k":[{"o":{"x":0.167,"y":0.167},"i":{"x":0.833,"y":0.833},"s":[0],"t":180},{"o":{"x":0.167,"y":0.167},"i":{"x":0.833,"y":0.833},"s":[40],"t":210},{"o":{"x":0.167,"y":0.167},"i":{"x":0.833,"y":0.833},"s":[40],"t":330},{"s":[0],"t":360}],"ix":11}},"ef":[],"shapes":[{"ty":"gr","bm":0,"hd":false,"mn":"ADBE Vector Group","nm":"nivem 1","ix":1,"cix":2,"np":2,"it":[{"ty":"sh","bm":0,"hd":false,"mn":"ADBE Vector Shape - Group","nm":"Caminho 1","ix":1,"d":1,"ks":{"a":0,"k":{"c":true,"i":[[3.53,0],[0,4.51],[-4.43,0],[-1.25,-0.84],[-7.99,0],[-2.16,-1.28],[-13.53,0],[-4.36,-7.97],[-3.84,0],[0,-11.49],[11.27,0]],"o":[[-4.43,0],[0,-4.51],[1.61,0],[0.09,-8.13],[2.68,0],[0.85,-13.56],[9.59,0],[3.07,-1.88],[11.27,0],[0,11.49],[-6.11,0]],"v":[[-48.48,26],[-56.5,17.83],[-48.48,9.66],[-44.11,10.98],[-29.53,-3.71],[-22.18,-1.7],[3.28,-26],[25.58,-12.64],[36.09,-15.6],[56.5,5.2],[36.09,26]]},"ix":2}},{"ty":"fl","bm":0,"hd":false,"mn":"ADBE Vector Graphic - Fill","nm":"Preenchimento 1","c":{"a":0,"k":[0.749,0.8078,1],"ix":4},"r":1,"o":{"a":0,"k":100,"ix":5}},{"ty":"tr","a":{"a":0,"k":[0,0],"ix":1},"s":{"a":0,"k":[100,100],"ix":3},"sk":{"a":0,"k":0,"ix":4},"p":{"a":0,"k":[0,0],"ix":2},"r":{"a":0,"k":0,"ix":6},"sa":{"a":0,"k":0,"ix":5},"o":{"a":0,"k":100,"ix":7}}]}],"ind":15},{"ty":4,"nm":"nuvem 5","sr":1,"st":209,"op":390,"ip":209,"hd":false,"ddd":0,"bm":0,"hasMask":false,"ao":0,"ks":{"a":{"a":0,"k":[0,-14,0],"ix":1},"s":{"a":0,"k":[100,100,100],"ix":6},"sk":{"a":0,"k":0},"p":{"a":1,"k":[{"o":{"x":0.167,"y":0.167},"i":{"x":0.833,"y":0.833},"s":[426.453,70,0],"t":209,"ti":[79.372184753418,0,0],"to":[-59.9355010986328,0,0]},{"s":[188.731,70,0],"t":389}],"ix":2},"r":{"a":0,"k":0,"ix":10},"sa":{"a":0,"k":0},"o":{"a":1,"k":[{"o":{"x":0.167,"y":0.167},"i":{"x":0.833,"y":0.833},"s":[0],"t":209},{"o":{"x":0.167,"y":0.167},"i":{"x":0.833,"y":0.833},"s":[40],"t":239},{"o":{"x":0.167,"y":0.167},"i":{"x":0.833,"y":0.833},"s":[40],"t":359},{"s":[0],"t":389}],"ix":11}},"ef":[],"shapes":[{"ty":"gr","bm":0,"hd":false,"mn":"ADBE Vector Group","nm":"nuvem 3","ix":1,"cix":2,"np":2,"it":[{"ty":"sh","bm":0,"hd":false,"mn":"ADBE Vector Shape - Group","nm":"Caminho 1","ix":1,"d":1,"ks":{"a":0,"k":{"c":true,"i":[[3.51,0],[0,5.36],[-5.38,0],[-0.96,-0.31],[-8.76,0],[0,-9.39],[0,-0.06],[-0.58,0],[0,-4.69],[4.71,0]],"o":[[-5.38,0],[0,-5.37],[1.06,0],[0.97,-8.47],[9.42,0],[0,0.06],[0.55,-0.11],[4.71,0],[0,4.69],[-3.17,0]],"v":[[-18.76,17],[-28.5,7.29],[-18.76,-2.43],[-15.72,-1.95],[1.22,-17],[18.27,0],[18.27,0.17],[19.97,0],[28.5,8.5],[19.97,17]]},"ix":2}},{"ty":"fl","bm":0,"hd":false,"mn":"ADBE Vector Graphic - Fill","nm":"Preenchimento 1","c":{"a":0,"k":[0.749,0.8078,1],"ix":4},"r":1,"o":{"a":0,"k":100,"ix":5}},{"ty":"tr","a":{"a":0,"k":[0,0],"ix":1},"s":{"a":0,"k":[100,100],"ix":3},"sk":{"a":0,"k":0,"ix":4},"p":{"a":0,"k":[0,0],"ix":2},"r":{"a":0,"k":0,"ix":6},"sa":{"a":0,"k":0,"ix":5},"o":{"a":0,"k":100,"ix":7}}]}],"ind":16},{"ty":4,"nm":"nuvem 4","sr":1,"st":238,"op":419,"ip":238,"hd":false,"ddd":0,"bm":0,"hasMask":false,"ao":0,"ks":{"a":{"a":0,"k":[0,-14,0],"ix":1},"s":{"a":0,"k":[100,100,100],"ix":6},"sk":{"a":0,"k":0},"p":{"a":1,"k":[{"o":{"x":0.167,"y":0.167},"i":{"x":0.833,"y":0.833},"s":[407.775,184,0],"t":238,"ti":[61.9534339904785,0,0],"to":[-70.2457733154297,0,0]},{"s":[159.167,184,0],"t":418}],"ix":2},"r":{"a":0,"k":0,"ix":10},"sa":{"a":0,"k":0},"o":{"a":1,"k":[{"o":{"x":0.167,"y":0.167},"i":{"x":0.833,"y":0.833},"s":[0],"t":238},{"o":{"x":0.167,"y":0.167},"i":{"x":0.833,"y":0.833},"s":[40],"t":268},{"o":{"x":0.167,"y":0.167},"i":{"x":0.833,"y":0.833},"s":[40],"t":388},{"s":[0],"t":418}],"ix":11}},"ef":[],"shapes":[{"ty":"gr","bm":0,"hd":false,"mn":"ADBE Vector Group","nm":"nuvem 2","ix":1,"cix":2,"np":2,"it":[{"ty":"sh","bm":0,"hd":false,"mn":"ADBE Vector Shape - Group","nm":"Caminho 1","ix":1,"d":1,"ks":{"a":0,"k":{"c":true,"i":[[-2.76,0],[0,-9.85],[9.94,0],[6.22,0],[0,13.25],[-13.38,0],[-3.82,-8.3]],"o":[[9.94,0],[0,9.85],[-5.42,0],[-13.38,0],[0,-13.25],[9.8,0],[2.34,-1.1]],"v":[[18,-11.66],[36,6.17],[18,24],[-11.77,24],[-36,0],[-11.77,-24],[10.29,-9.94]]},"ix":2}},{"ty":"fl","bm":0,"hd":false,"mn":"ADBE Vector Graphic - Fill","nm":"Preenchimento 1","c":{"a":0,"k":[0.749,0.8078,1],"ix":4},"r":1,"o":{"a":0,"k":100,"ix":5}},{"ty":"tr","a":{"a":0,"k":[0,0],"ix":1},"s":{"a":0,"k":[100,100],"ix":3},"sk":{"a":0,"k":0,"ix":4},"p":{"a":0,"k":[0,0],"ix":2},"r":{"a":0,"k":0,"ix":6},"sa":{"a":0,"k":0,"ix":5},"o":{"a":0,"k":100,"ix":7}}]}],"ind":17},{"ty":4,"nm":"nivem 1","sr":1,"st":0,"op":181,"ip":0,"hd":false,"ddd":0,"bm":0,"hasMask":false,"ao":0,"ks":{"a":{"a":0,"k":[0,-14,0],"ix":1},"s":{"a":0,"k":[100,100,100],"ix":6},"sk":{"a":0,"k":0},"p":{"a":1,"k":[{"o":{"x":0.167,"y":0.167},"i":{"x":0.833,"y":0.833},"s":[346.675,263,0],"t":0,"ti":[55.7735176086426,0,0],"to":[-31.1618633270264,0,0]},{"s":[170.048,263,0],"t":180}],"ix":2},"r":{"a":0,"k":0,"ix":10},"sa":{"a":0,"k":0},"o":{"a":1,"k":[{"o":{"x":0.167,"y":0.167},"i":{"x":0.833,"y":0.833},"s":[0],"t":0},{"o":{"x":0.167,"y":0.167},"i":{"x":0.833,"y":0.833},"s":[40],"t":30},{"o":{"x":0.167,"y":0.167},"i":{"x":0.833,"y":0.833},"s":[40],"t":150},{"s":[0],"t":180}],"ix":11}},"ef":[],"shapes":[{"ty":"gr","bm":0,"hd":false,"mn":"ADBE Vector Group","nm":"nivem 1","ix":1,"cix":2,"np":2,"it":[{"ty":"sh","bm":0,"hd":false,"mn":"ADBE Vector Shape - Group","nm":"Caminho 1","ix":1,"d":1,"ks":{"a":0,"k":{"c":true,"i":[[3.53,0],[0,4.51],[-4.43,0],[-1.25,-0.84],[-7.99,0],[-2.16,-1.28],[-13.53,0],[-4.36,-7.97],[-3.84,0],[0,-11.49],[11.27,0]],"o":[[-4.43,0],[0,-4.51],[1.61,0],[0.09,-8.13],[2.68,0],[0.85,-13.56],[9.59,0],[3.07,-1.88],[11.27,0],[0,11.49],[-6.11,0]],"v":[[-48.48,26],[-56.5,17.83],[-48.48,9.66],[-44.11,10.98],[-29.53,-3.71],[-22.18,-1.7],[3.28,-26],[25.58,-12.64],[36.09,-15.6],[56.5,5.2],[36.09,26]]},"ix":2}},{"ty":"fl","bm":0,"hd":false,"mn":"ADBE Vector Graphic - Fill","nm":"Preenchimento 1","c":{"a":0,"k":[0.749,0.8078,1],"ix":4},"r":1,"o":{"a":0,"k":100,"ix":5}},{"ty":"tr","a":{"a":0,"k":[0,0],"ix":1},"s":{"a":0,"k":[100,100],"ix":3},"sk":{"a":0,"k":0,"ix":4},"p":{"a":0,"k":[0,0],"ix":2},"r":{"a":0,"k":0,"ix":6},"sa":{"a":0,"k":0,"ix":5},"o":{"a":0,"k":100,"ix":7}}]}],"ind":18},{"ty":4,"nm":"nuvem 3","sr":1,"st":29,"op":210,"ip":29,"hd":false,"ddd":0,"bm":0,"hasMask":false,"ao":0,"ks":{"a":{"a":0,"k":[0,-14,0],"ix":1},"s":{"a":0,"k":[100,100,100],"ix":6},"sk":{"a":0,"k":0},"p":{"a":1,"k":[{"o":{"x":0.167,"y":0.167},"i":{"x":0.833,"y":0.833},"s":[426.453,70,0],"t":29,"ti":[79.372184753418,0,0],"to":[-59.9355010986328,0,0]},{"s":[188.731,70,0],"t":209}],"ix":2},"r":{"a":0,"k":0,"ix":10},"sa":{"a":0,"k":0},"o":{"a":1,"k":[{"o":{"x":0.167,"y":0.167},"i":{"x":0.833,"y":0.833},"s":[0],"t":29},{"o":{"x":0.167,"y":0.167},"i":{"x":0.833,"y":0.833},"s":[40],"t":59},{"o":{"x":0.167,"y":0.167},"i":{"x":0.833,"y":0.833},"s":[40],"t":179},{"s":[0],"t":209}],"ix":11}},"ef":[],"shapes":[{"ty":"gr","bm":0,"hd":false,"mn":"ADBE Vector Group","nm":"nuvem 3","ix":1,"cix":2,"np":2,"it":[{"ty":"sh","bm":0,"hd":false,"mn":"ADBE Vector Shape - Group","nm":"Caminho 1","ix":1,"d":1,"ks":{"a":0,"k":{"c":true,"i":[[3.51,0],[0,5.36],[-5.38,0],[-0.96,-0.31],[-8.76,0],[0,-9.39],[0,-0.06],[-0.58,0],[0,-4.69],[4.71,0]],"o":[[-5.38,0],[0,-5.37],[1.06,0],[0.97,-8.47],[9.42,0],[0,0.06],[0.55,-0.11],[4.71,0],[0,4.69],[-3.17,0]],"v":[[-18.76,17],[-28.5,7.29],[-18.76,-2.43],[-15.72,-1.95],[1.22,-17],[18.27,0],[18.27,0.17],[19.97,0],[28.5,8.5],[19.97,17]]},"ix":2}},{"ty":"fl","bm":0,"hd":false,"mn":"ADBE Vector Graphic - Fill","nm":"Preenchimento 1","c":{"a":0,"k":[0.749,0.8078,1],"ix":4},"r":1,"o":{"a":0,"k":100,"ix":5}},{"ty":"tr","a":{"a":0,"k":[0,0],"ix":1},"s":{"a":0,"k":[100,100],"ix":3},"sk":{"a":0,"k":0,"ix":4},"p":{"a":0,"k":[0,0],"ix":2},"r":{"a":0,"k":0,"ix":6},"sa":{"a":0,"k":0,"ix":5},"o":{"a":0,"k":100,"ix":7}}]}],"ind":19},{"ty":4,"nm":"nuvem 2","sr":1,"st":58,"op":239,"ip":58,"hd":false,"ddd":0,"bm":0,"hasMask":false,"ao":0,"ks":{"a":{"a":0,"k":[0,-14,0],"ix":1},"s":{"a":0,"k":[100,100,100],"ix":6},"sk":{"a":0,"k":0},"p":{"a":1,"k":[{"o":{"x":0.167,"y":0.167},"i":{"x":0.833,"y":0.833},"s":[407.775,184,0],"t":58,"ti":[61.9534339904785,0,0],"to":[-70.2457733154297,0,0]},{"s":[159.167,184,0],"t":238}],"ix":2},"r":{"a":0,"k":0,"ix":10},"sa":{"a":0,"k":0},"o":{"a":1,"k":[{"o":{"x":0.167,"y":0.167},"i":{"x":0.833,"y":0.833},"s":[0],"t":58},{"o":{"x":0.167,"y":0.167},"i":{"x":0.833,"y":0.833},"s":[40],"t":88},{"o":{"x":0.167,"y":0.167},"i":{"x":0.833,"y":0.833},"s":[40],"t":208},{"s":[0],"t":238}],"ix":11}},"ef":[],"shapes":[{"ty":"gr","bm":0,"hd":false,"mn":"ADBE Vector Group","nm":"nuvem 2","ix":1,"cix":2,"np":2,"it":[{"ty":"sh","bm":0,"hd":false,"mn":"ADBE Vector Shape - Group","nm":"Caminho 1","ix":1,"d":1,"ks":{"a":0,"k":{"c":true,"i":[[-2.76,0],[0,-9.85],[9.94,0],[6.22,0],[0,13.25],[-13.38,0],[-3.82,-8.3]],"o":[[9.94,0],[0,9.85],[-5.42,0],[-13.38,0],[0,-13.25],[9.8,0],[2.34,-1.1]],"v":[[18,-11.66],[36,6.17],[18,24],[-11.77,24],[-36,0],[-11.77,-24],[10.29,-9.94]]},"ix":2}},{"ty":"fl","bm":0,"hd":false,"mn":"ADBE Vector Graphic - Fill","nm":"Preenchimento 1","c":{"a":0,"k":[0.749,0.8078,1],"ix":4},"r":1,"o":{"a":0,"k":100,"ix":5}},{"ty":"tr","a":{"a":0,"k":[0,0],"ix":1},"s":{"a":0,"k":[100,100],"ix":3},"sk":{"a":0,"k":0,"ix":4},"p":{"a":0,"k":[0,0],"ix":2},"r":{"a":0,"k":0,"ix":6},"sa":{"a":0,"k":0,"ix":5},"o":{"a":0,"k":100,"ix":7}}]}],"ind":20},{"ty":4,"nm":"nivem 3","sr":1,"st":-181,"op":0,"ip":-181,"hd":false,"ddd":0,"bm":0,"hasMask":false,"ao":0,"ks":{"a":{"a":0,"k":[0,-14,0],"ix":1},"s":{"a":0,"k":[100,100,100],"ix":6},"sk":{"a":0,"k":0},"p":{"a":1,"k":[{"o":{"x":0.167,"y":0.167},"i":{"x":0.833,"y":0.833},"s":[346.675,263,0],"t":-181,"ti":[55.7735176086426,0,0],"to":[-31.1618633270264,0,0]},{"s":[170.048,263,0],"t":-1}],"ix":2},"r":{"a":0,"k":0,"ix":10},"sa":{"a":0,"k":0},"o":{"a":1,"k":[{"o":{"x":0.167,"y":0.167},"i":{"x":0.833,"y":0.833},"s":[0],"t":-181},{"o":{"x":0.167,"y":0.167},"i":{"x":0.833,"y":0.833},"s":[40],"t":-151},{"o":{"x":0.167,"y":0.167},"i":{"x":0.833,"y":0.833},"s":[40],"t":-31},{"s":[0],"t":-1}],"ix":11}},"ef":[],"shapes":[{"ty":"gr","bm":0,"hd":false,"mn":"ADBE Vector Group","nm":"nivem 1","ix":1,"cix":2,"np":2,"it":[{"ty":"sh","bm":0,"hd":false,"mn":"ADBE Vector Shape - Group","nm":"Caminho 1","ix":1,"d":1,"ks":{"a":0,"k":{"c":true,"i":[[3.53,0],[0,4.51],[-4.43,0],[-1.25,-0.84],[-7.99,0],[-2.16,-1.28],[-13.53,0],[-4.36,-7.97],[-3.84,0],[0,-11.49],[11.27,0]],"o":[[-4.43,0],[0,-4.51],[1.61,0],[0.09,-8.13],[2.68,0],[0.85,-13.56],[9.59,0],[3.07,-1.88],[11.27,0],[0,11.49],[-6.11,0]],"v":[[-48.48,26],[-56.5,17.83],[-48.48,9.66],[-44.11,10.98],[-29.53,-3.71],[-22.18,-1.7],[3.28,-26],[25.58,-12.64],[36.09,-15.6],[56.5,5.2],[36.09,26]]},"ix":2}},{"ty":"fl","bm":0,"hd":false,"mn":"ADBE Vector Graphic - Fill","nm":"Preenchimento 1","c":{"a":0,"k":[0.749,0.8078,1],"ix":4},"r":1,"o":{"a":0,"k":100,"ix":5}},{"ty":"tr","a":{"a":0,"k":[0,0],"ix":1},"s":{"a":0,"k":[100,100],"ix":3},"sk":{"a":0,"k":0,"ix":4},"p":{"a":0,"k":[0,0],"ix":2},"r":{"a":0,"k":0,"ix":6},"sa":{"a":0,"k":0,"ix":5},"o":{"a":0,"k":100,"ix":7}}]}],"ind":21},{"ty":4,"nm":"nuvem 7","sr":1,"st":-152,"op":29,"ip":-152,"hd":false,"ddd":0,"bm":0,"hasMask":false,"ao":0,"ks":{"a":{"a":0,"k":[0,-14,0],"ix":1},"s":{"a":0,"k":[100,100,100],"ix":6},"sk":{"a":0,"k":0},"p":{"a":1,"k":[{"o":{"x":0.167,"y":0.167},"i":{"x":0.833,"y":0.833},"s":[426.453,70,0],"t":-152,"ti":[79.372184753418,0,0],"to":[-59.9355010986328,0,0]},{"s":[188.731,70,0],"t":28}],"ix":2},"r":{"a":0,"k":0,"ix":10},"sa":{"a":0,"k":0},"o":{"a":1,"k":[{"o":{"x":0.167,"y":0.167},"i":{"x":0.833,"y":0.833},"s":[0],"t":-152},{"o":{"x":0.167,"y":0.167},"i":{"x":0.833,"y":0.833},"s":[40],"t":-122},{"o":{"x":0.167,"y":0.167},"i":{"x":0.833,"y":0.833},"s":[40],"t":-2},{"s":[0],"t":28}],"ix":11}},"ef":[],"shapes":[{"ty":"gr","bm":0,"hd":false,"mn":"ADBE Vector Group","nm":"nuvem 3","ix":1,"cix":2,"np":2,"it":[{"ty":"sh","bm":0,"hd":false,"mn":"ADBE Vector Shape - Group","nm":"Caminho 1","ix":1,"d":1,"ks":{"a":0,"k":{"c":true,"i":[[3.51,0],[0,5.36],[-5.38,0],[-0.96,-0.31],[-8.76,0],[0,-9.39],[0,-0.06],[-0.58,0],[0,-4.69],[4.71,0]],"o":[[-5.38,0],[0,-5.37],[1.06,0],[0.97,-8.47],[9.42,0],[0,0.06],[0.55,-0.11],[4.71,0],[0,4.69],[-3.17,0]],"v":[[-18.76,17],[-28.5,7.29],[-18.76,-2.43],[-15.72,-1.95],[1.22,-17],[18.27,0],[18.27,0.17],[19.97,0],[28.5,8.5],[19.97,17]]},"ix":2}},{"ty":"fl","bm":0,"hd":false,"mn":"ADBE Vector Graphic - Fill","nm":"Preenchimento 1","c":{"a":0,"k":[0.749,0.8078,1],"ix":4},"r":1,"o":{"a":0,"k":100,"ix":5}},{"ty":"tr","a":{"a":0,"k":[0,0],"ix":1},"s":{"a":0,"k":[100,100],"ix":3},"sk":{"a":0,"k":0,"ix":4},"p":{"a":0,"k":[0,0],"ix":2},"r":{"a":0,"k":0,"ix":6},"sa":{"a":0,"k":0,"ix":5},"o":{"a":0,"k":100,"ix":7}}]}],"ind":22},{"ty":4,"nm":"nuvem 6","sr":1,"st":-123,"op":58,"ip":-123,"hd":false,"ddd":0,"bm":0,"hasMask":false,"ao":0,"ks":{"a":{"a":0,"k":[0,-14,0],"ix":1},"s":{"a":0,"k":[100,100,100],"ix":6},"sk":{"a":0,"k":0},"p":{"a":1,"k":[{"o":{"x":0.167,"y":0.167},"i":{"x":0.833,"y":0.833},"s":[407.775,184,0],"t":-123,"ti":[61.9534339904785,0,0],"to":[-70.2457733154297,0,0]},{"s":[159.167,184,0],"t":57}],"ix":2},"r":{"a":0,"k":0,"ix":10},"sa":{"a":0,"k":0},"o":{"a":1,"k":[{"o":{"x":0.167,"y":0.167},"i":{"x":0.833,"y":0.833},"s":[0],"t":-123},{"o":{"x":0.167,"y":0.167},"i":{"x":0.833,"y":0.833},"s":[40],"t":-93},{"o":{"x":0.167,"y":0.167},"i":{"x":0.833,"y":0.833},"s":[40],"t":27},{"s":[0],"t":57}],"ix":11}},"ef":[],"shapes":[{"ty":"gr","bm":0,"hd":false,"mn":"ADBE Vector Group","nm":"nuvem 2","ix":1,"cix":2,"np":2,"it":[{"ty":"sh","bm":0,"hd":false,"mn":"ADBE Vector Shape - Group","nm":"Caminho 1","ix":1,"d":1,"ks":{"a":0,"k":{"c":true,"i":[[-2.76,0],[0,-9.85],[9.94,0],[6.22,0],[0,13.25],[-13.38,0],[-3.82,-8.3]],"o":[[9.94,0],[0,9.85],[-5.42,0],[-13.38,0],[0,-13.25],[9.8,0],[2.34,-1.1]],"v":[[18,-11.66],[36,6.17],[18,24],[-11.77,24],[-36,0],[-11.77,-24],[10.29,-9.94]]},"ix":2}},{"ty":"fl","bm":0,"hd":false,"mn":"ADBE Vector Graphic - Fill","nm":"Preenchimento 1","c":{"a":0,"k":[0.749,0.8078,1],"ix":4},"r":1,"o":{"a":0,"k":100,"ix":5}},{"ty":"tr","a":{"a":0,"k":[0,0],"ix":1},"s":{"a":0,"k":[100,100],"ix":3},"sk":{"a":0,"k":0,"ix":4},"p":{"a":0,"k":[0,0],"ix":2},"r":{"a":0,"k":0,"ix":6},"sa":{"a":0,"k":0,"ix":5},"o":{"a":0,"k":100,"ix":7}}]}],"ind":23},{"ty":4,"nm":"shape","sr":1,"st":0,"op":600,"ip":0,"hd":false,"ddd":0,"bm":0,"hasMask":false,"ao":0,"ks":{"a":{"a":0,"k":[0,0,0],"ix":1},"s":{"a":0,"k":[100,100,100],"ix":6},"sk":{"a":0,"k":0},"p":{"a":0,"k":[297.5,211,0],"ix":2},"r":{"a":1,"k":[{"o":{"x":0.167,"y":0.167},"i":{"x":0.833,"y":0.833},"s":[0],"t":0},{"s":[360],"t":360}],"ix":10},"sa":{"a":0,"k":0},"o":{"a":0,"k":100,"ix":11}},"ef":[],"shapes":[{"ty":"gr","bm":0,"hd":false,"mn":"ADBE Vector Group","nm":"shape","ix":1,"cix":2,"np":2,"it":[{"ty":"sh","bm":0,"hd":false,"mn":"ADBE Vector Shape - Group","nm":"Caminho 1","ix":1,"d":1,"ks":{"a":0,"k":{"c":true,"i":[[-25.7,0],[-35.73,37.83],[-10.08,16.75],[0,31.31],[10.02,25.75],[16.7,15.79],[26.69,9.73],[25.03,0],[18.83,-7.26],[17.32,-13.32],[13.85,-28.75],[0,-28.55],[-11.43,-26.95],[-15.73,-15.08],[-25.62,-9.24]],"o":[[56.15,0],[13.24,-14.01],[15.18,-25.22],[0,-31.31],[-7.95,-20.4],[-18.26,-17.26],[-24.65,-8.98],[-21.38,0],[-20.74,7.98],[-25.6,19.68],[-11.38,23.59],[0,32.14],[8.37,19.72],[18.01,17.25],[24.45,8.83]],"v":[[0,196],[135.13,130.98],[175.57,87.18],[196,0],[185.06,-87.1],[145.64,-140.64],[75.15,-178.91],[0,-196],[-61.38,-185.44],[-117.56,-151.58],[-173.59,-76.27],[-196,0],[-182.44,91.53],[-143.65,142.22],[-74.91,179.29]]},"ix":2}},{"ty":"fl","bm":0,"hd":false,"mn":"ADBE Vector Graphic - Fill","nm":"Preenchimento 1","c":{"a":0,"k":[0.949,0.9608,1],"ix":4},"r":1,"o":{"a":0,"k":100,"ix":5}},{"ty":"tr","a":{"a":0,"k":[0,0],"ix":1},"s":{"a":0,"k":[100,100],"ix":3},"sk":{"a":0,"k":0,"ix":4},"p":{"a":0,"k":[0,0],"ix":2},"r":{"a":0,"k":0,"ix":6},"sa":{"a":0,"k":0,"ix":5},"o":{"a":0,"k":100,"ix":7}}]}],"ind":24}],"v":"5.4.2","fr":60,"op":361,"ip":0,"assets":[]}