{"nm":"▽ Group 62","ddd":0,"h":910,"w":985,"meta":{"g":"@lottiefiles/toolkit-js 0.26.1"},"layers":[{"ty":0,"nm":"Pre-comp 1","sr":1,"st":56,"op":3656,"ip":56,"hd":false,"ddd":0,"bm":0,"hasMask":false,"ao":0,"ks":{"a":{"a":0,"k":[488.574,378.572,0],"ix":1},"s":{"a":1,"k":[{"o":{"x":0.005,"y":0.874},"i":{"x":0.509,"y":1},"s":[0,0,100],"t":65},{"s":[100,100,100],"t":190}],"ix":6},"sk":{"a":0,"k":0},"p":{"a":0,"k":[488.737,378.563,0],"ix":2},"r":{"a":1,"k":[{"o":{"x":0.012,"y":0.399},"i":{"x":0.511,"y":1},"s":[-80],"t":52},{"s":[0],"t":147}],"ix":10},"sa":{"a":0,"k":0},"o":{"a":0,"k":100,"ix":11}},"ef":[],"w":985,"h":910,"refId":"comp_0","ind":1},{"ty":4,"nm":"Shape Layer 6","sr":1,"st":53,"op":3653,"ip":53,"hd":false,"ddd":0,"bm":0,"hasMask":false,"ao":0,"ks":{"a":{"a":0,"k":[-5.5,168.211,0],"ix":1},"s":{"a":1,"k":[{"o":{"x":0.333,"y":0},"i":{"x":0.325,"y":0.995},"s":[100,100,100],"t":58},{"o":{"x":0.693,"y":0.018},"i":{"x":0.349,"y":0.741},"s":[138.645,138.645,100],"t":98},{"o":{"x":0.385,"y":2.381},"i":{"x":0.568,"y":2.815},"s":[96,96,100],"t":137},{"o":{"x":0.468,"y":0.158},"i":{"x":0.624,"y":0.963},"s":[95,95,100],"t":180},{"o":{"x":0.468,"y":-0.017},"i":{"x":0.541,"y":0.506},"s":[120,120,100],"t":230},{"o":{"x":0.36,"y":0.613},"i":{"x":0.459,"y":1.04},"s":[100,100,100],"t":293},{"o":{"x":0.45,"y":0.035},"i":{"x":0.727,"y":0.551},"s":[96,96,100],"t":318},{"o":{"x":0.349,"y":0.533},"i":{"x":0.638,"y":1.012},"s":[120,120,100],"t":360},{"o":{"x":0.657,"y":0.057},"i":{"x":0.437,"y":0.5},"s":[134,134,100],"t":383},{"s":[114,114,100],"t":402}],"ix":6},"sk":{"a":0,"k":0},"p":{"a":0,"k":[485.213,615.857,0],"ix":2},"r":{"a":0,"k":0,"ix":10},"sa":{"a":0,"k":0},"o":{"a":0,"k":100,"ix":11}},"ef":[],"shapes":[{"ty":"gr","bm":0,"hd":false,"mn":"ADBE Vector Group","nm":"Ellipse 1","ix":1,"cix":2,"np":3,"it":[{"ty":"el","bm":0,"hd":false,"mn":"ADBE Vector Shape - Ellipse","nm":"Ellipse Path 1","d":1,"p":{"a":0,"k":[0,0],"ix":3},"s":{"a":0,"k":[14.774,21.711],"ix":2}},{"ty":"fl","bm":0,"hd":false,"mn":"ADBE Vector Graphic - Fill","nm":"Fill 1","c":{"a":0,"k":[0.2314,0.6235,0.7294],"ix":4},"r":1,"o":{"a":0,"k":100,"ix":5}},{"ty":"tr","a":{"a":0,"k":[0,0],"ix":1},"s":{"a":0,"k":[100,100],"ix":3},"sk":{"a":0,"k":0,"ix":4},"p":{"a":0,"k":[1.887,157.355],"ix":2},"r":{"a":0,"k":0,"ix":6},"sa":{"a":0,"k":0,"ix":5},"o":{"a":0,"k":100,"ix":7}}]}],"ind":2},{"ty":4,"nm":"Shape Layer 5","sr":1,"st":53,"op":3653,"ip":53,"hd":false,"ddd":0,"bm":0,"hasMask":false,"ao":0,"ks":{"a":{"a":0,"k":[9.274,168.211,0],"ix":1},"s":{"a":1,"k":[{"o":{"x":0.333,"y":0},"i":{"x":0.325,"y":0.995},"s":[100,100,100],"t":58},{"o":{"x":0.693,"y":0.018},"i":{"x":0.349,"y":0.741},"s":[138.645,138.645,100],"t":98},{"o":{"x":0.385,"y":2.381},"i":{"x":0.568,"y":2.815},"s":[96,96,100],"t":137},{"o":{"x":0.468,"y":0.158},"i":{"x":0.624,"y":0.963},"s":[95,95,100],"t":180},{"o":{"x":0.468,"y":-0.017},"i":{"x":0.541,"y":0.506},"s":[120,120,100],"t":230},{"o":{"x":0.36,"y":0.613},"i":{"x":0.459,"y":1.04},"s":[100,100,100],"t":293},{"o":{"x":0.45,"y":0.035},"i":{"x":0.727,"y":0.551},"s":[96,96,100],"t":318},{"o":{"x":0.349,"y":0.533},"i":{"x":0.638,"y":1.012},"s":[120,120,100],"t":360},{"o":{"x":0.657,"y":0.057},"i":{"x":0.437,"y":0.5},"s":[134,134,100],"t":383},{"s":[114,114,100],"t":402}],"ix":6},"sk":{"a":0,"k":0},"p":{"a":0,"k":[372.523,613.982,0],"ix":2},"r":{"a":0,"k":0,"ix":10},"sa":{"a":0,"k":0},"o":{"a":0,"k":100,"ix":11}},"ef":[],"shapes":[{"ty":"gr","bm":0,"hd":false,"mn":"ADBE Vector Group","nm":"Ellipse 1","ix":1,"cix":2,"np":3,"it":[{"ty":"el","bm":0,"hd":false,"mn":"ADBE Vector Shape - Ellipse","nm":"Ellipse Path 1","d":1,"p":{"a":0,"k":[0,0],"ix":3},"s":{"a":0,"k":[14.774,21.711],"ix":2}},{"ty":"fl","bm":0,"hd":false,"mn":"ADBE Vector Graphic - Fill","nm":"Fill 1","c":{"a":0,"k":[0.2314,0.6235,0.7294],"ix":4},"r":1,"o":{"a":0,"k":100,"ix":5}},{"ty":"tr","a":{"a":0,"k":[0,0],"ix":1},"s":{"a":0,"k":[100,100],"ix":3},"sk":{"a":0,"k":0,"ix":4},"p":{"a":0,"k":[1.887,157.355],"ix":2},"r":{"a":0,"k":0,"ix":6},"sa":{"a":0,"k":0,"ix":5},"o":{"a":0,"k":100,"ix":7}}]}],"ind":3},{"ty":4,"nm":"Shape Layer 4","sr":1,"st":38,"op":3638,"ip":38,"hd":false,"ddd":0,"bm":0,"hasMask":false,"ao":0,"ks":{"a":{"a":0,"k":[-30.188,139.09,0],"ix":1},"s":{"a":0,"k":[100,100,100],"ix":6},"sk":{"a":0,"k":0},"p":{"a":0,"k":[395.437,594.09,0],"ix":2},"r":{"a":0,"k":0,"ix":10},"sa":{"a":0,"k":0},"o":{"a":0,"k":100,"ix":11}},"ef":[],"shapes":[{"ty":"gr","bm":0,"hd":false,"mn":"ADBE Vector Group","nm":"Shape 1","ix":1,"cix":2,"np":3,"it":[{"ty":"sh","bm":0,"hd":false,"mn":"ADBE Vector Shape - Group","nm":"Path 1","ix":1,"d":1,"ks":{"a":0,"k":{"c":false,"i":[[0,0],[-13.625,11.375]],"o":[[0,0],[13.625,-11.375]],"v":[[-40.375,136.375],[-20,136.875]]},"ix":2}},{"ty":"st","bm":0,"hd":false,"mn":"ADBE Vector Graphic - Stroke","nm":"Stroke 1","lc":2,"lj":2,"ml":1,"o":{"a":0,"k":100,"ix":4},"w":{"a":0,"k":4,"ix":5},"c":{"a":0,"k":[0.6196,0.502,0.3216],"ix":3}},{"ty":"tr","a":{"a":0,"k":[0,0],"ix":1},"s":{"a":0,"k":[100,100],"ix":3},"sk":{"a":0,"k":0,"ix":4},"p":{"a":0,"k":[0,0],"ix":2},"r":{"a":0,"k":0,"ix":6},"sa":{"a":0,"k":0,"ix":5},"o":{"a":0,"k":100,"ix":7}}]},{"ty":"tm","bm":0,"hd":false,"mn":"ADBE Vector Filter - Trim","nm":"Trim Paths 1","ix":2,"e":{"a":1,"k":[{"o":{"x":0.882,"y":0},"i":{"x":0.634,"y":1},"s":[50],"t":38},{"s":[0],"t":73}],"ix":2},"o":{"a":0,"k":0,"ix":3},"s":{"a":1,"k":[{"o":{"x":0.695,"y":0},"i":{"x":0.626,"y":1},"s":[50],"t":38},{"s":[100],"t":73}],"ix":1},"m":1}],"ind":4},{"ty":4,"nm":"Shape Layer 3","sr":1,"st":38,"op":3638,"ip":38,"hd":false,"ddd":0,"bm":0,"hasMask":false,"ao":0,"ks":{"a":{"a":0,"k":[-30.188,139.09,0],"ix":1},"s":{"a":0,"k":[100,100,100],"ix":6},"sk":{"a":0,"k":0},"p":{"a":0,"k":[462.312,594.09,0],"ix":2},"r":{"a":0,"k":0,"ix":10},"sa":{"a":0,"k":0},"o":{"a":0,"k":100,"ix":11}},"ef":[],"shapes":[{"ty":"gr","bm":0,"hd":false,"mn":"ADBE Vector Group","nm":"Shape 1","ix":1,"cix":2,"np":3,"it":[{"ty":"sh","bm":0,"hd":false,"mn":"ADBE Vector Shape - Group","nm":"Path 1","ix":1,"d":1,"ks":{"a":0,"k":{"c":false,"i":[[0,0],[-13.625,11.375]],"o":[[0,0],[13.625,-11.375]],"v":[[-40.375,136.375],[-20,136.875]]},"ix":2}},{"ty":"st","bm":0,"hd":false,"mn":"ADBE Vector Graphic - Stroke","nm":"Stroke 1","lc":2,"lj":1,"ml":4,"o":{"a":0,"k":100,"ix":4},"w":{"a":0,"k":4,"ix":5},"c":{"a":0,"k":[0.6196,0.502,0.3216],"ix":3}},{"ty":"tr","a":{"a":0,"k":[0,0],"ix":1},"s":{"a":0,"k":[100,100],"ix":3},"sk":{"a":0,"k":0,"ix":4},"p":{"a":0,"k":[0,0],"ix":2},"r":{"a":0,"k":0,"ix":6},"sa":{"a":0,"k":0,"ix":5},"o":{"a":0,"k":100,"ix":7}}]},{"ty":"tm","bm":0,"hd":false,"mn":"ADBE Vector Filter - Trim","nm":"Trim Paths 1","ix":2,"e":{"a":1,"k":[{"o":{"x":0.882,"y":0},"i":{"x":0.634,"y":1},"s":[50],"t":38},{"s":[0],"t":73}],"ix":2},"o":{"a":0,"k":0,"ix":3},"s":{"a":1,"k":[{"o":{"x":0.695,"y":0},"i":{"x":0.626,"y":1},"s":[50],"t":38},{"s":[100],"t":73}],"ix":1},"m":1}],"ind":5},{"ty":4,"nm":"Shape Layer 2","sr":1,"st":54,"op":3654,"ip":54,"hd":false,"ddd":0,"bm":0,"hasMask":false,"ao":0,"ks":{"a":{"a":0,"k":[-64.812,169.517,0],"ix":1},"s":{"a":0,"k":[100,100,100],"ix":6},"sk":{"a":0,"k":0},"p":{"a":0,"k":[427.688,624.517,0],"ix":2},"r":{"a":0,"k":0,"ix":10},"sa":{"a":0,"k":0},"o":{"a":0,"k":100,"ix":11}},"ef":[],"shapes":[{"ty":"gr","bm":0,"hd":false,"mn":"ADBE Vector Group","nm":"Shape 1","ix":1,"cix":2,"np":3,"it":[{"ty":"sh","bm":0,"hd":false,"mn":"ADBE Vector Shape - Group","nm":"Path 1","ix":1,"d":1,"ks":{"a":0,"k":{"c":false,"i":[[-2.25,-5],[-20.75,22.25]],"o":[[2,3.875],[22.08,-23.676]],"v":[[-84.375,163.625],[-45.25,165]]},"ix":2}},{"ty":"st","bm":0,"hd":false,"mn":"ADBE Vector Graphic - Stroke","nm":"Stroke 1","lc":2,"lj":1,"ml":4,"o":{"a":0,"k":100,"ix":4},"w":{"a":0,"k":4,"ix":5},"c":{"a":0,"k":[0.6196,0.502,0.3216],"ix":3}},{"ty":"tr","a":{"a":0,"k":[0,0],"ix":1},"s":{"a":0,"k":[100,100],"ix":3},"sk":{"a":0,"k":0,"ix":4},"p":{"a":0,"k":[0,0],"ix":2},"r":{"a":0,"k":0,"ix":6},"sa":{"a":0,"k":0,"ix":5},"o":{"a":0,"k":100,"ix":7}}]},{"ty":"tm","bm":0,"hd":false,"mn":"ADBE Vector Filter - Trim","nm":"Trim Paths 1","ix":2,"e":{"a":1,"k":[{"o":{"x":0.882,"y":0},"i":{"x":0.634,"y":1},"s":[50],"t":54},{"o":{"x":0.167,"y":0},"i":{"x":0.575,"y":1},"s":[0],"t":89},{"o":{"x":0.568,"y":0},"i":{"x":0.634,"y":1},"s":[20],"t":155.562},{"o":{"x":0.373,"y":0},"i":{"x":0.562,"y":1},"s":[0],"t":239},{"o":{"x":0.499,"y":0},"i":{"x":0.568,"y":1},"s":[20],"t":325},{"s":[0],"t":408.4375}],"ix":2},"o":{"a":0,"k":0,"ix":3},"s":{"a":1,"k":[{"o":{"x":0.695,"y":0},"i":{"x":0.626,"y":1},"s":[50],"t":54},{"o":{"x":0.167,"y":0},"i":{"x":0.526,"y":1},"s":[100],"t":89},{"o":{"x":0.453,"y":0},"i":{"x":0.334,"y":1},"s":[80],"t":155.562},{"o":{"x":0.63,"y":0},"i":{"x":0.461,"y":1},"s":[100],"t":239},{"o":{"x":0.485,"y":0},"i":{"x":0.42,"y":1},"s":[80],"t":325},{"s":[100],"t":408.4375}],"ix":1},"m":1}],"ind":6},{"ty":4,"nm":"Bubbel 2","sr":1,"st":-38,"op":3562,"ip":-38,"hd":false,"ddd":0,"bm":0,"hasMask":false,"ao":0,"ks":{"a":{"a":0,"k":[-29.71,24.982,0],"ix":1},"s":{"a":1,"k":[{"o":{"x":0.648,"y":0},"i":{"x":0,"y":1},"s":[0,0,100],"t":21},{"s":[-100,100,100],"t":84}],"ix":6},"sk":{"a":0,"k":0},"p":{"a":0,"k":[385.71,440.982,0],"ix":2},"r":{"a":0,"k":0,"ix":10},"sa":{"a":0,"k":0},"o":{"a":0,"k":100,"ix":11}},"ef":[],"shapes":[{"ty":"gr","bm":0,"hd":false,"mn":"ADBE Vector Group","nm":"Fill 1","ix":1,"cix":2,"np":2,"it":[{"ty":"sh","bm":0,"hd":false,"mn":"ADBE Vector Shape - Group","nm":"Path 1","ix":1,"d":1,"ks":{"a":0,"k":{"c":true,"i":[[-1.25,-0.9],[-1.04,0.06],[-4.13,1.83],[-0.16,0.068],[-0.385,0.148],[1.549,1.633],[3.32,-5.46]],"o":[[0.78,0.56],[2.33,-0.12],[0.162,-0.071],[0.396,-0.168],[8.268,-3.182],[-3.02,-3.21],[0.02,1.45]],"v":[[-11.36,3.79],[-8.4,4.49],[-1.23,1.99],[-0.746,1.781],[0.425,1.307],[12.74,-2.26],[-13,-0.15]]},"ix":2}},{"ty":"fl","bm":0,"hd":false,"mn":"ADBE Vector Graphic - Fill","nm":"Fill 1","c":{"a":0,"k":[0.851,0.851,0.851],"ix":4},"r":1,"o":{"a":0,"k":100,"ix":5}},{"ty":"tr","a":{"a":0,"k":[0,0],"ix":1},"s":{"a":0,"k":[300,300],"ix":3},"sk":{"a":0,"k":0,"ix":4},"p":{"a":0,"k":[0,0],"ix":2},"r":{"a":0,"k":-210,"ix":6},"sa":{"a":0,"k":0,"ix":5},"o":{"a":0,"k":100,"ix":7}}]}],"ind":7},{"ty":4,"nm":"Bubble","sr":1,"st":0,"op":3600,"ip":0,"hd":false,"ddd":0,"bm":0,"hasMask":false,"ao":0,"ks":{"a":{"a":0,"k":[-17.205,11.132,0],"ix":1},"s":{"a":1,"k":[{"o":{"x":0.039,"y":0.31},"i":{"x":0,"y":1},"s":[0,0,100],"t":67},{"s":[100,100,100],"t":117}],"ix":6},"sk":{"a":0,"k":0},"p":{"a":0,"k":[656.185,350.788,0],"ix":2},"r":{"a":0,"k":0,"ix":10},"sa":{"a":0,"k":0},"o":{"a":0,"k":100,"ix":11}},"ef":[],"shapes":[{"ty":"gr","bm":0,"hd":false,"mn":"ADBE Vector Group","nm":"Fill 1","ix":1,"cix":2,"np":2,"it":[{"ty":"sh","bm":0,"hd":false,"mn":"ADBE Vector Shape - Group","nm":"Path 1","ix":1,"d":1,"ks":{"a":0,"k":{"c":false,"i":[[0,0],[-1.21,-0.79],[-0.94,-0.12],[-2.08,1.93],[1.57,1.52],[-0.07,-4.55]],"o":[[0.02,1.26],[0.75,0.48],[3.25,0.41],[1.24,-1.14],[-2.91,-2.79],[0,0]],"v":[[-7,-0.31],[-5.42,3.12],[-2.76,3.9],[4.31,1.55],[6.5,-2.1],[-7,-0.31]]},"ix":2}},{"ty":"fl","bm":0,"hd":false,"mn":"ADBE Vector Graphic - Fill","nm":"Fill 1","c":{"a":0,"k":[0.851,0.851,0.851],"ix":4},"r":1,"o":{"a":0,"k":100,"ix":5}},{"ty":"tr","a":{"a":0,"k":[0,0],"ix":1},"s":{"a":0,"k":[300,300],"ix":3},"sk":{"a":0,"k":0,"ix":4},"p":{"a":0,"k":[0,0],"ix":2},"r":{"a":0,"k":-195,"ix":6},"sa":{"a":0,"k":0,"ix":5},"o":{"a":0,"k":100,"ix":7}}]}],"ind":8},{"ty":4,"nm":"bubble","sr":1,"st":0,"op":3600,"ip":0,"hd":false,"ddd":0,"bm":0,"hasMask":false,"ao":0,"ks":{"a":{"a":0,"k":[-50.367,24.951,0],"ix":1},"s":{"a":1,"k":[{"o":{"x":0.009,"y":0.234},"i":{"x":0,"y":1},"s":[0,0,100],"t":57},{"s":[100,100,100],"t":127}],"ix":6},"sk":{"a":0,"k":0},"p":{"a":0,"k":[574.516,424.335,0],"ix":2},"r":{"a":0,"k":0,"ix":10},"sa":{"a":0,"k":0},"o":{"a":0,"k":100,"ix":11}},"ef":[],"shapes":[{"ty":"gr","bm":0,"hd":false,"mn":"ADBE Vector Group","nm":"Fill 1","ix":1,"cix":2,"np":2,"it":[{"ty":"sh","bm":0,"hd":false,"mn":"ADBE Vector Shape - Group","nm":"Path 1","ix":1,"d":1,"ks":{"a":0,"k":{"c":true,"i":[[-1.81,-1.47],[-1.51,0.09],[-5.96,2.98],[2.37,2.84],[4.78,-8.91]],"o":[[1.12,0.91],[3.35,-0.19],[13.21,-6.6],[-4.36,-5.23],[0.03,2.37]],"v":[[-16.37,6.182],[-12.1,7.322],[-1.77,3.252],[18.37,-3.688],[-18.74,-0.238]]},"ix":2}},{"ty":"fl","bm":0,"hd":false,"mn":"ADBE Vector Graphic - Fill","nm":"Fill 1","c":{"a":0,"k":[0.949,0.949,0.949],"ix":4},"r":1,"o":{"a":0,"k":100,"ix":5}},{"ty":"tr","a":{"a":0,"k":[0,0],"ix":1},"s":{"a":0,"k":[300,300],"ix":3},"sk":{"a":0,"k":0,"ix":4},"p":{"a":0,"k":[0,0],"ix":2},"r":{"a":0,"k":-195,"ix":6},"sa":{"a":0,"k":0,"ix":5},"o":{"a":0,"k":100,"ix":7}}]}],"ind":9},{"ty":0,"nm":"Big Bubble","sr":1,"st":0,"op":3600,"ip":0,"hd":false,"ddd":0,"bm":0,"hasMask":false,"ao":0,"ks":{"a":{"a":0,"k":[81.5,245.508,0],"ix":1},"s":{"a":1,"k":[{"o":{"x":0.019,"y":0.528},"i":{"x":0,"y":1},"s":[0,0,100],"t":29},{"s":[98,98,100],"t":167}],"ix":6},"sk":{"a":0,"k":0},"p":{"a":0,"k":[413.5,444.008,0],"ix":2},"r":{"a":0,"k":0,"ix":10},"sa":{"a":0,"k":0},"o":{"a":0,"k":100,"ix":11}},"ef":[],"w":315,"h":246,"refId":"comp_1","ind":10},{"ty":4,"nm":"Shape Layer 1","sr":1,"st":0,"op":3600,"ip":0,"hd":false,"ddd":0,"bm":0,"hasMask":false,"ao":0,"ks":{"a":{"a":0,"k":[0,0,0],"ix":1},"s":{"a":0,"k":[100,100,100],"ix":6},"sk":{"a":0,"k":0},"p":{"a":0,"k":[492.5,455,0],"ix":2},"r":{"a":0,"k":0,"ix":10},"sa":{"a":0,"k":0},"o":{"a":0,"k":100,"ix":11}},"ef":[],"shapes":[{"ty":"gr","bm":0,"hd":false,"mn":"ADBE Vector Group","nm":"Shape 1","ix":1,"cix":2,"np":3,"it":[{"ty":"sh","bm":0,"hd":false,"mn":"ADBE Vector Shape - Group","nm":"Path 1","ix":1,"d":1,"ks":{"a":0,"k":{"c":false,"i":[[0,0],[0,0],[4.25,-20.25],[3,-10.25],[4.25,-6.25],[10,-2.25],[4.052,5.462],[1.25,14.5],[0.75,-10.25],[0,0],[0,0]],"o":[[0,0],[0,0],[-2,30.25],[-3.458,11.815],[-5,7.75],[-11.649,2.621],[-5.75,-7.75],[-1.801,-20.888],[0.5,-12.5],[0,0],[0,0]],"v":[[-119,6],[152,9.25],[146.75,130.75],[136.75,188.25],[123.5,216.5],[99.25,236],[76.5,225.5],[67,188],[69,127],[76.75,57.5],[81.875,24.375]]},"ix":2}},{"ty":"st","bm":0,"hd":false,"mn":"ADBE Vector Graphic - Stroke","nm":"Stroke 1","lc":1,"lj":1,"ml":4,"o":{"a":0,"k":100,"ix":4},"w":{"a":0,"k":3,"ix":5},"c":{"a":0,"k":[0.2157,0.7765,0.9294],"ix":3}},{"ty":"tr","a":{"a":0,"k":[0,0],"ix":1},"s":{"a":0,"k":[100,100],"ix":3},"sk":{"a":0,"k":0,"ix":4},"p":{"a":0,"k":[0,0],"ix":2},"r":{"a":0,"k":0,"ix":6},"sa":{"a":0,"k":0,"ix":5},"o":{"a":0,"k":100,"ix":7}}]},{"ty":"tm","bm":0,"hd":false,"mn":"ADBE Vector Filter - Trim","nm":"Trim Paths 1","ix":2,"e":{"a":1,"k":[{"o":{"x":0.167,"y":0.167},"i":{"x":0.833,"y":0.833},"s":[0],"t":0},{"o":{"x":0.167,"y":0.167},"i":{"x":0.833,"y":0.833},"s":[38],"t":2},{"o":{"x":0.167,"y":0.167},"i":{"x":0.833,"y":0.833},"s":[49],"t":4},{"o":{"x":0.167,"y":0.167},"i":{"x":0.833,"y":0.833},"s":[60],"t":7},{"o":{"x":0.167,"y":0.167},"i":{"x":0.833,"y":0.833},"s":[67],"t":9},{"o":{"x":0.167,"y":0.167},"i":{"x":0.833,"y":0.833},"s":[69],"t":12},{"o":{"x":0.167,"y":0.167},"i":{"x":0.833,"y":0.833},"s":[69],"t":20},{"o":{"x":0.167,"y":0.167},"i":{"x":0.833,"y":0.833},"s":[72.333],"t":23},{"o":{"x":0.167,"y":0.167},"i":{"x":0.833,"y":0.833},"s":[76.111],"t":27},{"o":{"x":0.167,"y":0.167},"i":{"x":0.833,"y":0.833},"s":[81],"t":29},{"o":{"x":0.167,"y":0.167},"i":{"x":0.833,"y":0.833},"s":[88],"t":32},{"o":{"x":0.167,"y":0.167},"i":{"x":0.833,"y":0.833},"s":[95],"t":35},{"s":[100],"t":41}],"ix":2},"o":{"a":0,"k":-360,"ix":3},"s":{"a":0,"k":0,"ix":1},"m":1}],"ind":11},{"ty":4,"nm":"Folder Front 3","sr":1,"st":-17,"op":3583,"ip":20,"hd":false,"ddd":0,"bm":0,"hasMask":false,"ao":0,"ks":{"a":{"a":0,"k":[0,0,0],"ix":1},"s":{"a":0,"k":[100,100,100],"ix":6},"sk":{"a":0,"k":0},"p":{"a":0,"k":[443.987,587.909,0],"ix":2},"r":{"a":0,"k":0,"ix":10},"sa":{"a":0,"k":0},"o":{"a":0,"k":100,"ix":11}},"ef":[],"shapes":[{"ty":"gr","bm":0,"hd":false,"mn":"ADBE Vector Group","nm":"Fill 8","ix":1,"cix":2,"np":2,"it":[{"ty":"sh","bm":0,"hd":false,"mn":"ADBE Vector Shape - Group","nm":"Path 1","ix":1,"d":1,"ks":{"a":1,"k":[{"o":{"x":0.167,"y":0.167},"i":{"x":0.833,"y":0.833},"s":[{"c":true,"i":[[0,0],[4.237,-0.553],[6.394,8.698],[0,0],[-2.871,-1.286],[-3.656,-0.473],[-2.84,-0.45],[-3.34,-0.28],[-4.16,-0.18],[-4.6,-0.08],[-4.67,0.02],[-4.37,0.13],[-3.68,0.24],[-3.43,1.26]],"o":[[-6.456,1.023],[-6.763,0.03],[0,0],[1.519,2.125],[1.529,0.685],[2.583,0.334],[3.31,0.53],[4.14,0.35],[4.59,0.21],[4.67,0.09],[4.37,-0.01],[3.69,-0.1],[3.59,-0.22],[0,0]],"v":[[49.294,34.924],[45.85,35.334],[-44.306,30.374],[-45.848,28.739],[-40.316,32.971],[-33.09,34.337],[-26.383,35.167],[-17.903,35.734],[-6.203,36.171],[0.494,36.601],[14.494,36.701],[27.927,36.751],[38.654,36.271],[49.294,34.541]]}],"t":20},{"o":{"x":0.167,"y":0.167},"i":{"x":0.833,"y":0.833},"s":[{"c":true,"i":[[0,0],[3.987,-0.137],[34.561,10.657],[0,0],[-1.263,-0.523],[-2.739,-0.515],[-2.654,-0.303],[-3.34,-0.28],[-4.16,-0.18],[-4.6,-0.08],[-4.67,0.02],[-4.37,0.13],[-3.68,0.24],[-3.43,1.26]],"o":[[-3.623,0.69],[-29.58,-0.12],[0,0],[2.644,3.833],[1.404,0.643],[2.38,0.448],[3.33,0.381],[4.14,0.35],[4.59,0.21],[4.67,0.09],[4.37,-0.01],[3.69,-0.1],[3.59,-0.22],[0,0]],"v":[[49.793,34.341],[41.184,35.667],[-44.89,29.457],[-46.515,28.031],[-40.233,33.012],[-34.048,34.337],[-25.716,35.334],[-17.736,35.942],[-6.453,36.504],[0.494,36.601],[14.493,36.701],[27.593,36.501],[38.653,36.021],[49.293,34.541]]}],"t":22},{"o":{"x":0.167,"y":0.167},"i":{"x":0.833,"y":0.833},"s":[{"c":true,"i":[[0,0],[2.456,2.744],[33.977,11.933],[-0.91,-2.287],[-2.696,-1.758],[-2.504,-0.442],[-3.091,-0.257],[-3.34,-0.28],[-4.16,-0.18],[-4.6,-0.08],[-4.67,0.02],[-4.37,0.13],[-3.68,0.24],[-3.43,1.26]],"o":[[-4.862,0.836],[-29.58,-0.12],[0,0],[0.91,2.287],[2.696,1.758],[2.172,0.383],[3.341,0.277],[4.14,0.35],[4.59,0.21],[4.67,0.09],[4.37,-0.01],[3.69,-0.1],[3.59,-0.22],[0,0]],"v":[[49.793,34.341],[41.298,31.12],[-47.713,23.154],[-46.989,26.202],[-42.359,32.189],[-35.908,34.348],[-28.28,35.12],[-19.096,35.854],[-9.443,36.358],[0.494,36.601],[14.494,36.701],[27.593,36.501],[38.653,36.021],[49.293,34.541]]}],"t":23},{"o":{"x":0.167,"y":0.167},"i":{"x":0.833,"y":0.833},"s":[{"c":true,"i":[[0,0],[3.071,5.697],[33.227,13.573],[0,0],[-1.346,-1.857],[-2.406,-0.473],[-2.84,-0.45],[-3.34,-0.28],[-4.16,-0.18],[-4.6,-0.08],[-4.67,0.02],[-4.37,0.13],[-3.68,0.24],[-3.43,1.26]],"o":[[-4.622,0.857],[-29.58,-0.12],[0,0],[0.394,3.333],[0.84,1.159],[2.555,0.503],[3.31,0.53],[4.14,0.35],[4.59,0.21],[4.67,0.09],[4.37,-0.01],[3.69,-0.1],[3.59,-0.22],[0,0]],"v":[[49.793,34.341],[39.684,27.417],[-48.223,17.207],[-47.89,20.197],[-45.066,29.637],[-39.423,33.254],[-31.883,34.584],[-20.736,35.901],[-13.286,36.171],[0.494,36.601],[14.494,36.701],[27.593,36.501],[38.653,36.021],[49.293,34.541]]}],"t":25},{"o":{"x":0.167,"y":0.167},"i":{"x":0.833,"y":0.833},"s":[{"c":true,"i":[[0,0],[0.74,7.15],[33.22,13.544],[0,0],[-1.262,-3.352],[-1.185,-0.936],[-2.84,-0.45],[-3.34,-0.28],[-4.16,-0.18],[-4.6,-0.08],[-4.67,0.02],[-4.37,0.13],[-3.68,0.24],[-3.43,1.26]],"o":[[-6.465,1.026],[-29.58,-0.12],[0,0],[0.727,5.833],[0.925,2.458],[1.511,1.194],[3.31,0.53],[4.14,0.35],[4.59,0.21],[4.67,0.09],[4.37,-0.01],[3.69,-0.1],[3.59,-0.22],[0,0]],"v":[[49.793,34.341],[38.931,22.714],[-49.057,12.108],[-48.89,15.774],[-46.817,27.216],[-43.09,31.92],[-35.716,34.251],[-25.736,35.401],[-13.286,36.171],[0.494,36.601],[14.493,36.701],[27.593,36.501],[38.653,36.021],[49.293,34.541]]}],"t":27},{"o":{"x":0.167,"y":0.167},"i":{"x":0.833,"y":0.833},"s":[{"c":true,"i":[[0,0],[-0.679,12.947],[39.061,7.24],[0,0],[-0.654,-2.477],[-2.073,-1.89],[-2.84,-0.45],[-3.34,-0.28],[-4.16,-0.18],[-4.6,-0.08],[-4.67,0.02],[-4.37,0.13],[-3.68,0.24],[-3.43,1.26]],"o":[[-10.622,2.19],[-31.846,5.78],[0,0],[0.227,3.833],[0.654,2.477],[2.125,1.938],[3.31,0.53],[4.14,0.35],[4.59,0.21],[4.67,0.09],[4.37,-0.01],[3.69,-0.1],[3.59,-0.22],[0,0]],"v":[[49.794,34.341],[38.35,5.084],[-49.39,4.957],[-48.973,15.031],[-47.733,24.971],[-43.756,31.421],[-35.716,34.251],[-25.736,35.401],[-13.286,36.171],[0.494,36.601],[14.493,36.701],[27.594,36.501],[38.654,36.021],[49.294,34.541]]}],"t":30},{"o":{"x":0.167,"y":0.167},"i":{"x":0.833,"y":0.833},"s":[{"c":true,"i":[[0,0],[-3.068,20.113],[32.74,2.487],[0,0],[-1.171,-4.286],[-2.798,-2.377],[-2.84,-0.45],[-3.34,-0.28],[-4.16,-0.18],[-4.6,-0.08],[-4.67,0.02],[-4.37,0.13],[-3.68,0.24],[-3.43,1.26]],"o":[[-12.4,2.857],[-30.335,1.847],[0,0],[0.561,5.167],[0.944,3.462],[2.182,1.873],[3.31,0.53],[4.14,0.35],[4.59,0.21],[4.67,0.09],[4.37,-0.01],[3.69,-0.1],[3.59,-0.22],[0,0]],"v":[[49.794,34.341],[39.406,-5.916],[-49.39,-7.487],[-49.362,11.475],[-47.511,24.471],[-43.756,31.421],[-35.716,34.251],[-25.736,35.401],[-13.286,36.171],[0.494,36.601],[14.493,36.701],[27.594,36.501],[38.654,36.021],[49.294,34.541]]}],"t":32},{"o":{"x":0.167,"y":0.167},"i":{"x":0.833,"y":0.833},"s":[{"c":true,"i":[[0,0],[-2.513,15.613],[29.58,0.11],[-0.061,-4.667],[-1.733,-5.097],[-1.678,-1.783],[-2.84,-0.45],[-3.34,-0.28],[-4.16,-0.18],[-4.6,-0.08],[-4.67,0.02],[-4.37,0.13],[-3.68,0.24],[-3.43,1.26]],"o":[[-13.289,3.19],[-29.58,-0.12],[0,0],[0.061,4.667],[1.154,3.393],[1.594,1.693],[3.31,0.53],[4.14,0.35],[4.59,0.21],[4.67,0.09],[4.37,-0.01],[3.69,-0.1],[3.59,-0.22],[0,0]],"v":[[49.794,34.341],[39.684,-6.416],[-49.39,-13.709],[-49.806,9.864],[-47.983,24.471],[-43.756,31.421],[-35.716,34.251],[-25.736,35.401],[-13.286,36.171],[0.494,36.601],[14.493,36.701],[27.594,36.501],[38.654,36.021],[49.294,34.541]]}],"t":33},{"o":{"x":0.167,"y":0.167},"i":{"x":0.833,"y":0.833},"s":[{"c":true,"i":[[0,0],[-3.358,18.268],[50.384,5.02],[0,0],[-0.763,-2.607],[-1.822,-1.473],[-2.84,-0.45],[-3.34,-0.28],[-4.16,-0.18],[-4.6,-0.08],[-4.67,0.02],[-4.37,0.13],[-3.68,0.24],[-3.43,1.26]],"o":[[-15.151,4.647],[-29.58,-0.12],[0,0],[0.154,6.328],[0.594,2.032],[2.236,1.808],[3.31,0.53],[4.14,0.35],[4.59,0.21],[4.67,0.09],[4.37,-0.01],[3.69,-0.1],[3.59,-0.22],[0,0]],"v":[[49.794,34.341],[40.889,-17.615],[-49.047,-17.989],[-49.233,5.285],[-47.233,24.387],[-43.84,30.754],[-35.716,34.251],[-25.736,35.401],[-13.286,36.171],[0.494,36.601],[14.493,36.701],[27.594,36.501],[38.654,36.021],[49.294,34.541]]}],"t":34},{"o":{"x":0.167,"y":0.167},"i":{"x":0.833,"y":0.833},"s":[{"c":true,"i":[[0,0],[-4.203,20.923],[31.924,0.663],[0,0],[-1.948,-8.876],[-1.671,-1.454],[-2.84,-0.45],[-3.34,-0.28],[-4.16,-0.18],[-4.6,-0.08],[-4.67,0.02],[-4.37,0.13],[-3.68,0.24],[-3.43,1.26]],"o":[[-17.014,6.105],[-29.58,-0.12],[0,0],[0.062,6.887],[0.832,3.789],[1.937,1.685],[3.31,0.53],[4.14,0.35],[4.59,0.21],[4.67,0.09],[4.37,-0.01],[3.69,-0.1],[3.59,-0.22],[0,0]],"v":[[49.794,34.341],[41.594,-23.648],[-49.647,-23.213],[-49.558,-0.023],[-47.381,24.239],[-43.766,31.345],[-35.716,34.251],[-25.736,35.401],[-13.286,36.171],[0.494,36.601],[14.494,36.701],[27.594,36.501],[38.654,36.021],[49.294,34.541]]}],"t":35},{"o":{"x":0.167,"y":0.167},"i":{"x":0.833,"y":0.833},"s":[{"c":true,"i":[[0,0],[-4.31,21.26],[29.58,0.11],[0,0],[-0.444,-5.59],[-3.16,-2.62],[-2.84,-0.45],[-3.34,-0.28],[-4.16,-0.18],[-4.6,-0.08],[-4.67,0.02],[-4.37,0.13],[-3.68,0.24],[-3.43,1.26]],"o":[[-17.25,6.29],[-29.58,-0.12],[0,0],[-2.773,16.167],[0.362,4.56],[2.21,1.84],[3.31,0.53],[4.14,0.35],[4.59,0.21],[4.67,0.09],[4.37,-0.01],[3.69,-0.1],[3.59,-0.22],[0,0]],"v":[[49.794,34.341],[42.684,-31.583],[-49.223,-32.376],[-50.223,-14.303],[-49.191,19.054],[-43.756,31.421],[-35.716,34.251],[-25.736,35.401],[-13.286,36.171],[0.494,36.601],[14.494,36.701],[27.594,36.501],[38.654,36.021],[49.294,34.541]]}],"t":38},{"s":[{"c":true,"i":[[0,0],[-4.31,21.26],[29.58,0.11],[0.729,-13.637],[-2.596,-16.19],[-3.16,-2.62],[-2.84,-0.45],[-3.34,-0.28],[-4.16,-0.18],[-4.6,-0.08],[-4.67,0.02],[-4.37,0.13],[-3.68,0.24],[-3.43,1.26]],"o":[[-17.25,6.29],[-29.58,-0.12],[0,0],[-0.606,11.333],[0.649,4.051],[2.21,1.84],[3.31,0.53],[4.14,0.35],[4.59,0.21],[4.67,0.09],[4.37,-0.01],[3.69,-0.1],[3.59,-0.22],[0,0]],"v":[[49.794,34.341],[43.684,-36.249],[-49.556,-36.709],[-51.223,-19.469],[-49.9,18.887],[-43.756,31.421],[-35.716,34.251],[-25.736,35.401],[-13.286,36.171],[0.494,36.601],[14.494,36.701],[27.594,36.501],[38.654,36.021],[49.294,34.541]]}],"t":41}],"ix":2}},{"ty":"fl","bm":0,"hd":false,"mn":"ADBE Vector Graphic - Fill","nm":"Fill 1","c":{"a":0,"k":[0.2667,0.8078,0.9608],"ix":4},"r":1,"o":{"a":0,"k":100,"ix":5}},{"ty":"tr","a":{"a":0,"k":[0,0],"ix":1},"s":{"a":0,"k":[300,300],"ix":3},"sk":{"a":0,"k":0,"ix":4},"p":{"a":0,"k":[0,0],"ix":2},"r":{"a":0,"k":0,"ix":6},"sa":{"a":0,"k":0,"ix":5},"o":{"a":0,"k":100,"ix":7}}]}],"ind":12},{"ty":4,"nm":"Folder back 2","sr":1,"st":0,"op":3600,"ip":0,"hd":false,"ddd":0,"bm":0,"hasMask":false,"ao":0,"ks":{"a":{"a":0,"k":[0,0,0],"ix":1},"s":{"a":0,"k":[100,100,100],"ix":6},"sk":{"a":0,"k":0},"p":{"a":0,"k":[509.689,578.168,0],"ix":2},"r":{"a":0,"k":0,"ix":10},"sa":{"a":0,"k":0},"o":{"a":1,"k":[{"o":{"x":0.333,"y":0},"i":{"x":0.667,"y":1},"s":[0],"t":0},{"s":[100],"t":11}],"ix":11}},"ef":[],"shapes":[{"ty":"gr","bm":0,"hd":false,"mn":"ADBE Vector Group","nm":"Shape 1","ix":1,"cix":2,"np":2,"it":[{"ty":"st","bm":0,"hd":false,"mn":"ADBE Vector Graphic - Stroke","nm":"Stroke 1","lc":1,"lj":1,"ml":4,"o":{"a":0,"k":100,"ix":4},"w":{"a":0,"k":177,"ix":5},"c":{"a":0,"k":[0.2784,0.2863,0.6275],"ix":3}},{"ty":"fl","bm":0,"hd":false,"mn":"ADBE Vector Graphic - Fill","nm":"Fill 1","c":{"a":0,"k":[0.3765,0.7529,0.8588],"ix":4},"r":1,"o":{"a":0,"k":100,"ix":5}},{"ty":"tr","a":{"a":0,"k":[0,0],"ix":1},"s":{"a":0,"k":[100,100],"ix":3},"sk":{"a":0,"k":0,"ix":4},"p":{"a":0,"k":[0,0],"ix":2},"r":{"a":0,"k":0,"ix":6},"sa":{"a":0,"k":0,"ix":5},"o":{"a":0,"k":100,"ix":7}}]},{"ty":"gr","bm":0,"hd":false,"mn":"ADBE Vector Group","nm":"Fill 6","ix":2,"cix":2,"np":2,"it":[{"ty":"sh","bm":0,"hd":false,"mn":"ADBE Vector Shape - Group","nm":"Path 1","ix":1,"d":1,"ks":{"a":1,"k":[{"o":{"x":0.167,"y":0.167},"i":{"x":0.833,"y":0.833},"s":[{"c":true,"i":[[0,0],[-0.478,2.311],[-0.2,5.873],[-0.009,0.31],[-0.039,0.46],[0.318,8.583],[-0.061,0.318],[-0.624,-5.547],[0,0],[3.45,0.69],[0,0],[0,0],[0,0],[0,0],[0,0],[-26.247,0.049]],"o":[[3.58,-0.22],[1.161,-5.62],[0.013,-0.377],[0.184,-6.359],[0.523,-6.099],[-0.01,-0.271],[0.286,-1.49],[0.382,3.394],[0,0],[0,0],[0,0],[0,0],[0,0],[0,0],[0,0],[26.246,-0.049]],"v":[[44.257,-46.898],[44.647,-49.211],[45.327,-48.851],[45.36,-49.88],[44.981,-49.348],[44.887,-47.366],[44.857,-48.257],[44.927,-50.475],[45.154,-50.291],[-45.826,-51.271],[-45.456,-50.302],[-45.592,-48.794],[-45.586,-48.25],[-45.581,-47.825],[-45.579,-47.68],[-4.771,-49.365]]}],"t":0},{"o":{"x":0.167,"y":0.167},"i":{"x":0.833,"y":0.833},"s":[{"c":true,"i":[[0,0],[-0.011,-1.816],[0.062,1.037],[-0.001,0.033],[0.031,1.047],[-0.061,-0.825],[-0.015,-0.011],[-0.093,-0.419],[0,0],[3.45,0.69],[-0.189,-3.089],[0,0],[0.042,-1.084],[0,0],[0,0],[-25.262,-0.666]],"o":[[0.66,-0.164],[-0.186,1.251],[0.001,-0.029],[0.028,-0.675],[0.078,-5.196],[0.061,0.912],[0.111,0.089],[0.09,0.526],[0,0],[0,0],[0.189,3.089],[0,0],[-0.042,1.084],[0,0],[0,0],[25.238,0.167]],"v":[[44.793,-18.572],[45.483,-21.82],[45.391,-26.952],[45.395,-27.046],[45.467,-30.126],[45.641,-34.875],[45.673,-35.184],[45.541,-37.099],[45.487,-38.291],[-45.493,-39.271],[-44.714,-32.086],[-44.72,-24.326],[-44.816,-22.082],[-44.717,-20.416],[-44.84,-19.228],[-2.429,-16.081]]}],"t":2},{"o":{"x":0.167,"y":0.167},"i":{"x":0.833,"y":0.833},"s":[{"c":true,"i":[[0,0],[-0.05,0.011],[0.042,0.862],[-0.002,0.029],[0.005,0.754],[-0.036,0.386],[-0.007,0.156],[-0.107,2.895],[0,0],[3.45,0.69],[-0.248,-3.965],[0.01,-1.116],[0.021,-0.542],[0.034,-0.44],[0,0],[-26.369,-0.954]],"o":[[0.543,-0.319],[0.004,-1.393],[0.002,-0.026],[0.038,-0.595],[0.078,-3.485],[0.031,0.312],[0.052,-1.096],[0.09,-2.04],[0,0],[0,0],[0.248,3.965],[-0.01,1.116],[-0.021,0.542],[-0.023,0.299],[0,0],[26.357,0.704]],"v":[[44.463,-12.235],[45.211,-17.349],[45.255,-23.589],[45.261,-23.671],[45.37,-26.258],[45.501,-31.131],[45.557,-34.679],[45.463,-35.058],[45.487,-38.291],[-45.493,-39.271],[-44.605,-28.796],[-44.404,-19.695],[-44.369,-16.415],[-44.32,-14.476],[-44.423,-12.879],[-6.215,-6.951]]}],"t":3},{"o":{"x":0.167,"y":0.167},"i":{"x":0.833,"y":0.833},"s":[{"c":true,"i":[[0,0],[-0.089,1.839],[0.023,0.687],[-0.002,0.025],[-0.02,0.462],[-0.011,1.597],[0.001,0.323],[-0.122,6.209],[0,0],[3.45,0.69],[-0.306,-4.841],[0.021,-2.233],[0,0],[0.069,-0.881],[0,0],[-27.476,-1.241]],"o":[[0.426,-0.475],[0.195,-4.037],[0.002,-0.022],[0.048,-0.516],[0.078,-1.775],[0.002,-0.287],[-0.006,-2.282],[0.091,-4.606],[0,0],[0,0],[0.306,4.841],[-0.021,2.233],[0,0],[-0.047,0.598],[0,0],[27.476,1.241]],"v":[[44.132,-5.898],[44.939,-12.878],[45.119,-20.226],[45.126,-20.297],[45.272,-22.389],[45.361,-27.386],[45.44,-34.173],[45.385,-33.017],[45.487,-38.291],[-45.493,-39.271],[-44.497,-25.505],[-44.087,-15.063],[-43.922,-10.998],[-43.923,-8.536],[-44.007,-6.531],[-10.001,2.179]]}],"t":4},{"o":{"x":0.167,"y":0.167},"i":{"x":0.833,"y":0.833},"s":[{"c":true,"i":[[0,0],[-0.175,1.963],[-0.019,1.687],[-0.001,0.049],[-0.007,0.462],[-0.011,1.589],[-0.028,0.322],[-0.163,6.208],[0,0],[3.45,0.69],[-0.286,-6.835],[0.068,-3.354],[0,0],[0,0],[0,0],[-23.174,-0.045]],"o":[[0.593,-2.6],[0.411,-4.62],[0,-0.022],[0.016,-0.996],[0.078,-4.983],[0.002,-0.292],[0.66,-7.622],[0.207,-7.887],[0,0],[0,0],[0.286,6.835],[-0.069,3.414],[0,0],[0,0],[0,0],[23.174,0.045]],"v":[[42.091,12.977],[44.148,0.956],[45.161,-12.851],[45.162,-12.958],[45.314,-20.681],[45.404,-27.336],[45.607,-31.507],[45.552,-32.017],[45.487,-38.291],[-45.493,-39.271],[-44.31,-22.748],[-43.622,0.089],[-43.701,6.659],[-44.114,9.642],[-44.279,12.802],[-11.199,18.207]]}],"t":6},{"o":{"x":0.167,"y":0.167},"i":{"x":0.833,"y":0.833},"s":[{"c":true,"i":[[0,0],[-1.232,4.97],[-0.013,0.383],[-0.006,0.199],[-0.154,1.176],[0.08,-0.548],[0.004,-0.044],[-0.049,0.106],[0,0],[3.45,0.69],[-0.473,-10.523],[0,0],[0,0],[0.898,-2.465],[0,0],[-26.941,-1.093]],"o":[[5.385,-2.183],[1.745,-7.036],[0.007,-0.208],[0.123,-4.094],[-0.172,-0.9],[-0.003,0.017],[-0.131,1.426],[0.049,-0.106],[0,0],[0,0],[0.139,19.523],[0,0],[0,0],[-1.188,3.259],[0,0],[26.941,1.093]],"v":[[31.424,34.602],[41.564,17.872],[44.661,-7.268],[44.68,-7.878],[44.897,-15.014],[45.033,-22.181],[45.273,-28.34],[45.427,-32.808],[45.487,-38.291],[-45.493,-39.271],[-41.331,-5.104],[-41.837,15.187],[-42.838,23.245],[-44.09,28.301],[-46.34,31.969],[-17.799,37.993]]}],"t":9},{"o":{"x":0.167,"y":0.167},"i":{"x":0.833,"y":0.833},"s":[{"c":true,"i":[[0,0],[-2.311,4.874],[-0.333,2.187],[-0.017,0.253],[-0.132,0.923],[-0.212,2.875],[-0.041,0.752],[-0.087,2.14],[0,0],[3.45,0.69],[-0.196,-15.078],[0.757,-6.678],[0.536,-2.364],[0.648,-2.211],[0,0],[-22.907,-1.026]],"o":[[7.579,-1.739],[2.967,-7.092],[0.008,-0.157],[0.18,-3.631],[0.022,-1.032],[0.007,-0.091],[0.051,-1.519],[0.102,-2.7],[0,0],[0,0],[0.139,10.746],[-0.157,1.382],[-0.214,1.469],[-0.906,3.09],[0,0],[34.903,3.264]],"v":[[26.924,37.352],[39.342,23.22],[44.189,-2.532],[44.226,-3.154],[44.842,-12.403],[45.114,-19.433],[45.343,-25.34],[45.482,-32.086],[45.487,-38.291],[-45.493,-39.271],[-41.997,-3.993],[-42.282,16.097],[-43.227,25.45],[-44.506,30.297],[-46.729,33.469],[-20.094,38.655]]}],"t":10},{"o":{"x":0.167,"y":0.167},"i":{"x":0.833,"y":0.833},"s":[{"c":true,"i":[[0,0],[-3.389,4.778],[-0.653,3.991],[-0.028,0.307],[-0.111,0.671],[-0.505,6.297],[-0.086,1.547],[-0.125,4.174],[0,0],[3.45,0.69],[-0.742,-10.556],[0.125,-2.779],[0.265,-3.071],[0.685,-2.905],[0,0],[-18.873,-0.96]],"o":[[9.774,-1.294],[4.189,-7.147],[0.009,-0.106],[0.238,-3.169],[0.215,-1.165],[0.016,-0.199],[0.233,-4.464],[0.154,-5.293],[0,0],[0,0],[0.806,11.468],[-0.125,2.779],[-0.568,3.151],[-0.685,2.905],[0,0],[19.088,0.88]],"v":[[21.924,37.602],[37.12,28.567],[43.716,2.205],[43.773,1.571],[44.786,-9.792],[45.196,-16.685],[45.412,-22.34],[45.538,-31.364],[45.487,-38.291],[-45.493,-39.271],[-42.164,-8.382],[-42.726,16.841],[-43.616,26.322],[-45.173,32.459],[-47.118,34.969],[-22.39,39.317]]}],"t":11},{"o":{"x":0.167,"y":0.167},"i":{"x":0.833,"y":0.833},"s":[{"c":true,"i":[[0,0],[-4.457,4.685],[-0.974,5.795],[-0.039,0.361],[-0.089,0.418],[-0.797,9.72],[-0.131,2.343],[-0.163,6.208],[0,0],[3.45,0.69],[-0.126,-10.529],[0.187,-4.168],[0.397,-4.607],[0.852,-2.631],[0,0],[-14.839,-0.893]],"o":[[10.051,-0.516],[7.328,-7.703],[0.009,-0.056],[0.295,-2.706],[0.245,-1.15],[0.025,-0.307],[0.414,-7.409],[0.207,-7.887],[0,0],[0,0],[0.139,11.69],[-0.187,4.168],[-0.853,4.726],[-0.852,2.631],[0,0],[15.161,0.773]],"v":[[17.174,39.102],[33.564,33.206],[43.077,7.149],[43.153,6.504],[44.564,-6.764],[45.11,-13.563],[45.356,-19.09],[45.51,-30.392],[45.487,-38.291],[-45.493,-39.271],[-42.331,-1.104],[-42.337,16.584],[-43.172,26.86],[-45.173,34.121],[-47.507,36.469],[-24.685,39.979]]}],"t":12},{"o":{"x":0.167,"y":0.167},"i":{"x":0.833,"y":0.833},"s":[{"c":true,"i":[[0,0],[-4.922,4.13],[-1.685,4.437],[-0.014,0.054],[-0.068,0.457],[-0.777,10.297],[-0.028,0.322],[-0.163,6.208],[0,0],[3.45,0.69],[-0.289,-8.419],[1.021,-8.777],[0,0],[3.352,-3.507],[0,0],[0,0]],"o":[[21.135,-0.766],[1.828,-2.786],[0.008,-0.021],[0.965,-3.613],[0.995,-6.65],[0.025,-0.326],[0.66,-7.622],[0.207,-7.887],[0,0],[0,0],[0.306,8.922],[-1.021,8.777],[0,0],[-3.352,3.507],[0,0],[0,0]],"v":[[10.674,39.686],[34.814,33.289],[39.994,24.316],[41.594,18.449],[42.981,10.069],[44.695,-8.202],[45.19,-19.173],[45.677,-32.558],[45.487,-38.291],[-45.493,-39.271],[-41.831,-9.836],[-41.837,16.309],[-45.088,28.953],[-49.006,34.579],[-56.007,37.969],[-28.372,39.734]]}],"t":15},{"o":{"x":0.167,"y":0.167},"i":{"x":0.833,"y":0.833},"s":[{"c":true,"i":[[0,0],[-3.431,1.278],[-2.373,5.272],[-0.013,0.033],[-0.089,0.453],[-0.219,4.759],[-0.018,0.323],[-0.163,6.208],[0,0],[3.45,0.69],[-0.473,-13.483],[0.187,-5.06],[1.646,-4.532],[0.981,-0.539],[0,0],[0,0]],"o":[[27.246,-0.436],[5.707,-2.108],[0.009,-0.02],[0.274,-0.685],[1.243,-6.319],[0.015,-0.323],[0.446,-7.795],[0.207,-7.887],[0,0],[0,0],[0.473,13.483],[-0.187,5.06],[-2.43,5.769],[-3.724,2.045],[0,0],[0,0]],"v":[[-6.34,40.016],[27.784,37.419],[38.587,25.134],[38.637,25.009],[41.742,15.437],[43.696,1.625],[44.363,-6.702],[45.013,-24.46],[45.487,-38.291],[-45.493,-39.271],[-42.497,-11.897],[-41.837,13.526],[-44.011,25.734],[-51.506,35.208],[-58.315,37.304],[-38.901,39.173]]}],"t":18},{"s":[{"c":true,"i":[[0,0],[-11.363,2.599],[-1.337,2.042],[-1.054,2.897],[-0.187,0.423],[-0.205,5.037],[-0.027,0.322],[-0.146,6.209],[0,0],[3.452,0.681],[-0.168,-11.809],[0,0],[2.034,-5.359],[4.824,-2.192],[0,0],[0,0]],"o":[[3.579,-0.23],[6.392,-1.462],[0.012,-0.019],[1.054,-2.897],[1.014,-2.294],[0.013,-0.323],[0.639,-7.624],[0.186,-7.888],[0,0],[0,0],[0.168,11.809],[0,0],[-1.133,3.641],[-4.584,1.977],[0,0],[0,0]],"v":[[-10.47,40.057],[26,38.298],[35.395,31.795],[38.838,25.15],[40.712,19.296],[43.514,3.465],[44.181,-3.501],[45.276,-25.014],[45.384,-38.414],[-45.599,-39.147],[-43.859,-10.723],[-43.435,11.278],[-45.392,23.945],[-52.515,34.778],[-60.654,36.759],[-46.518,38.602]]}],"t":20}],"ix":2}},{"ty":"fl","bm":0,"hd":false,"mn":"ADBE Vector Graphic - Fill","nm":"Fill 1","c":{"a":0,"k":[0.3765,0.7529,0.8588],"ix":4},"r":1,"o":{"a":0,"k":100,"ix":5}},{"ty":"tr","a":{"a":0,"k":[0,0],"ix":1},"s":{"a":0,"k":[300,300],"ix":3},"sk":{"a":0,"k":0,"ix":4},"p":{"a":0,"k":[-0.115,0.074],"ix":2},"r":{"a":0,"k":0,"ix":6},"sa":{"a":0,"k":0,"ix":5},"o":{"a":0,"k":100,"ix":7}}]}],"ind":13},{"ty":4,"nm":"Shadow","sr":1,"st":0,"op":3600,"ip":0,"hd":false,"ddd":0,"bm":0,"hasMask":false,"ao":0,"ks":{"a":{"a":0,"k":[0,0,0],"ix":1},"s":{"a":1,"k":[{"o":{"x":0.333,"y":0},"i":{"x":0,"y":1},"s":[17,17,100],"t":17},{"s":[100,100,100],"t":30}],"ix":6},"sk":{"a":0,"k":0},"p":{"a":0,"k":[461.597,695.146,0],"ix":2},"r":{"a":0,"k":0,"ix":10},"sa":{"a":0,"k":0},"o":{"a":1,"k":[{"o":{"x":0.333,"y":0},"i":{"x":0.667,"y":1},"s":[0],"t":17},{"s":[100],"t":42}],"ix":11}},"ef":[],"shapes":[{"ty":"gr","bm":0,"hd":false,"mn":"ADBE Vector Group","nm":"Fill 4","ix":1,"cix":2,"np":2,"it":[{"ty":"sh","bm":0,"hd":false,"mn":"ADBE Vector Shape - Group","nm":"Path 1","ix":1,"d":1,"ks":{"a":0,"k":{"c":false,"i":[[0,0],[1.48,-0.56],[10.66,-0.02],[20,0],[-12.36,2.88],[-14.22,0.38],[-12.88,-0.85],[0.51,-2.66]],"o":[[-0.1,0.48],[-10.36,3.95],[-20.02,0.04],[-12.49,-0.83],[14.07,-3.28],[12.89,-0.35],[2.18,0.15],[0,0]],"v":[[57.478,0.585],[55.198,2.145],[21.928,4.895],[-38.122,4.085],[-52.782,-1.725],[-9.232,-4.905],[29.438,-4.145],[57.478,0.585]]},"ix":2}},{"ty":"fl","bm":0,"hd":false,"mn":"ADBE Vector Graphic - Fill","nm":"Fill 1","c":{"a":0,"k":[0.9333,0.9333,0.9333],"ix":4},"r":1,"o":{"a":0,"k":100,"ix":5}},{"ty":"tr","a":{"a":0,"k":[0,0],"ix":1},"s":{"a":0,"k":[300,300],"ix":3},"sk":{"a":0,"k":0,"ix":4},"p":{"a":0,"k":[0,0],"ix":2},"r":{"a":0,"k":0,"ix":6},"sa":{"a":0,"k":0,"ix":5},"o":{"a":0,"k":100,"ix":7}}]}],"ind":14}],"v":"5.5.5","fr":60,"op":225,"ip":0,"assets":[{"nm":"","id":"comp_0","layers":[{"ty":4,"nm":"Shape Layer 16","sr":1,"st":0,"op":3600,"ip":0,"hd":false,"ddd":0,"bm":0,"hasMask":false,"ao":0,"ks":{"a":{"a":0,"k":[0,0,0],"ix":1},"s":{"a":0,"k":[100,100,100],"ix":6},"sk":{"a":0,"k":0},"p":{"a":0,"k":[492.5,455,0],"ix":2},"r":{"a":0,"k":0,"ix":10},"sa":{"a":0,"k":0},"o":{"a":0,"k":100,"ix":11}},"ef":[],"shapes":[],"ind":1},{"ty":4,"nm":"Shape Layer 14","sr":1,"st":0,"op":3600,"ip":0,"hd":false,"ddd":0,"bm":0,"hasMask":false,"ao":0,"ks":{"a":{"a":0,"k":[0,0,0],"ix":1},"s":{"a":0,"k":[100,100,100],"ix":6},"sk":{"a":0,"k":0},"p":{"a":0,"k":[492.5,455,0],"ix":2},"r":{"a":0,"k":0,"ix":10},"sa":{"a":0,"k":0},"o":{"a":0,"k":100,"ix":11}},"ef":[],"shapes":[{"ty":"gr","bm":0,"hd":false,"mn":"ADBE Vector Group","nm":"Shape 1","ix":1,"cix":2,"np":3,"it":[{"ty":"sh","bm":0,"hd":false,"mn":"ADBE Vector Shape - Group","nm":"Path 1","ix":1,"d":1,"ks":{"a":0,"k":{"c":false,"i":[[0,0],[0,0]],"o":[[0,0],[0,0]],"v":[[-40.75,-106.75],[-17.5,-96.5]]},"ix":2}},{"ty":"st","bm":0,"hd":false,"mn":"ADBE Vector Graphic - Stroke","nm":"Stroke 1","lc":2,"lj":1,"ml":4,"o":{"a":0,"k":100,"ix":4},"w":{"a":0,"k":3,"ix":5},"c":{"a":0,"k":[0.349,0.349,0.349],"ix":3}},{"ty":"fl","bm":0,"hd":false,"mn":"ADBE Vector Graphic - Fill","nm":"Fill 1","c":{"a":0,"k":[1,1,1],"ix":4},"r":1,"o":{"a":0,"k":100,"ix":5}},{"ty":"tr","a":{"a":0,"k":[0,0],"ix":1},"s":{"a":0,"k":[100,100],"ix":3},"sk":{"a":0,"k":0,"ix":4},"p":{"a":0,"k":[0,0],"ix":2},"r":{"a":0,"k":0,"ix":6},"sa":{"a":0,"k":0,"ix":5},"o":{"a":0,"k":100,"ix":7}}]},{"ty":"tm","bm":0,"hd":false,"mn":"ADBE Vector Filter - Trim","nm":"Trim Paths 1","ix":2,"e":{"a":1,"k":[{"o":{"x":0.075,"y":0.344},"i":{"x":0,"y":1},"s":[0],"t":44},{"s":[100],"t":70}],"ix":2},"o":{"a":0,"k":0,"ix":3},"s":{"a":0,"k":0,"ix":1},"m":1}],"ind":2},{"ty":4,"nm":"Shape Layer 13","sr":1,"st":0,"op":3600,"ip":0,"hd":false,"ddd":0,"bm":0,"hasMask":false,"ao":0,"ks":{"a":{"a":0,"k":[0,0,0],"ix":1},"s":{"a":0,"k":[100,100,100],"ix":6},"sk":{"a":0,"k":0},"p":{"a":0,"k":[492.5,455,0],"ix":2},"r":{"a":0,"k":0,"ix":10},"sa":{"a":0,"k":0},"o":{"a":0,"k":100,"ix":11}},"ef":[],"shapes":[{"ty":"gr","bm":0,"hd":false,"mn":"ADBE Vector Group","nm":"Shape 1","ix":1,"cix":2,"np":3,"it":[{"ty":"sh","bm":0,"hd":false,"mn":"ADBE Vector Shape - Group","nm":"Path 1","ix":1,"d":1,"ks":{"a":0,"k":{"c":false,"i":[[0,0],[0,0]],"o":[[0,0],[0,0]],"v":[[-62.25,-138.25],[-14.5,-118.25]]},"ix":2}},{"ty":"st","bm":0,"hd":false,"mn":"ADBE Vector Graphic - Stroke","nm":"Stroke 1","lc":2,"lj":1,"ml":4,"o":{"a":0,"k":100,"ix":4},"w":{"a":0,"k":3,"ix":5},"c":{"a":0,"k":[0.349,0.349,0.349],"ix":3}},{"ty":"fl","bm":0,"hd":false,"mn":"ADBE Vector Graphic - Fill","nm":"Fill 1","c":{"a":0,"k":[1,1,1],"ix":4},"r":1,"o":{"a":0,"k":100,"ix":5}},{"ty":"tr","a":{"a":0,"k":[0,0],"ix":1},"s":{"a":0,"k":[100,100],"ix":3},"sk":{"a":0,"k":0,"ix":4},"p":{"a":0,"k":[0,0],"ix":2},"r":{"a":0,"k":0,"ix":6},"sa":{"a":0,"k":0,"ix":5},"o":{"a":0,"k":100,"ix":7}}]},{"ty":"tm","bm":0,"hd":false,"mn":"ADBE Vector Filter - Trim","nm":"Trim Paths 1","ix":2,"e":{"a":1,"k":[{"o":{"x":0.075,"y":0.344},"i":{"x":0,"y":1},"s":[0],"t":41},{"s":[100],"t":67}],"ix":2},"o":{"a":0,"k":0,"ix":3},"s":{"a":0,"k":0,"ix":1},"m":1}],"ind":3},{"ty":4,"nm":"Shape Layer 12","sr":1,"st":0,"op":3600,"ip":0,"hd":false,"ddd":0,"bm":0,"hasMask":false,"ao":0,"ks":{"a":{"a":0,"k":[0,0,0],"ix":1},"s":{"a":0,"k":[100,100,100],"ix":6},"sk":{"a":0,"k":0},"p":{"a":0,"k":[492.5,455,0],"ix":2},"r":{"a":0,"k":0,"ix":10},"sa":{"a":0,"k":0},"o":{"a":0,"k":100,"ix":11}},"ef":[],"shapes":[{"ty":"gr","bm":0,"hd":false,"mn":"ADBE Vector Group","nm":"Shape 1","ix":1,"cix":2,"np":3,"it":[{"ty":"sh","bm":0,"hd":false,"mn":"ADBE Vector Shape - Group","nm":"Path 1","ix":1,"d":1,"ks":{"a":0,"k":{"c":false,"i":[[0,0],[0,0]],"o":[[0,0],[0,0]],"v":[[-58.5,-154.5],[-9.75,-133]]},"ix":2}},{"ty":"st","bm":0,"hd":false,"mn":"ADBE Vector Graphic - Stroke","nm":"Stroke 1","lc":2,"lj":1,"ml":4,"o":{"a":0,"k":100,"ix":4},"w":{"a":0,"k":3,"ix":5},"c":{"a":0,"k":[0.349,0.349,0.349],"ix":3}},{"ty":"fl","bm":0,"hd":false,"mn":"ADBE Vector Graphic - Fill","nm":"Fill 1","c":{"a":0,"k":[1,1,1],"ix":4},"r":1,"o":{"a":0,"k":100,"ix":5}},{"ty":"tr","a":{"a":0,"k":[0,0],"ix":1},"s":{"a":0,"k":[100,100],"ix":3},"sk":{"a":0,"k":0,"ix":4},"p":{"a":0,"k":[0,0],"ix":2},"r":{"a":0,"k":0,"ix":6},"sa":{"a":0,"k":0,"ix":5},"o":{"a":0,"k":100,"ix":7}}]},{"ty":"tm","bm":0,"hd":false,"mn":"ADBE Vector Filter - Trim","nm":"Trim Paths 1","ix":2,"e":{"a":1,"k":[{"o":{"x":0.075,"y":0.344},"i":{"x":0,"y":1},"s":[0],"t":38},{"s":[100],"t":64}],"ix":2},"o":{"a":0,"k":0,"ix":3},"s":{"a":0,"k":0,"ix":1},"m":1}],"ind":4},{"ty":4,"nm":"Shape Layer 11","sr":1,"st":0,"op":3600,"ip":0,"hd":false,"ddd":0,"bm":0,"hasMask":false,"ao":0,"ks":{"a":{"a":0,"k":[0,0,0],"ix":1},"s":{"a":0,"k":[100,100,100],"ix":6},"sk":{"a":0,"k":0},"p":{"a":0,"k":[492.5,455,0],"ix":2},"r":{"a":0,"k":0,"ix":10},"sa":{"a":0,"k":0},"o":{"a":0,"k":100,"ix":11}},"ef":[],"shapes":[{"ty":"gr","bm":0,"hd":false,"mn":"ADBE Vector Group","nm":"Shape 1","ix":1,"cix":2,"np":3,"it":[{"ty":"sh","bm":0,"hd":false,"mn":"ADBE Vector Shape - Group","nm":"Path 1","ix":1,"d":1,"ks":{"a":0,"k":{"c":false,"i":[[0,0],[0,0]],"o":[[0,0],[0,0]],"v":[[-54.25,-171],[-5.75,-150.25]]},"ix":2}},{"ty":"st","bm":0,"hd":false,"mn":"ADBE Vector Graphic - Stroke","nm":"Stroke 1","lc":2,"lj":1,"ml":4,"o":{"a":0,"k":100,"ix":4},"w":{"a":0,"k":3,"ix":5},"c":{"a":0,"k":[0.349,0.349,0.349],"ix":3}},{"ty":"fl","bm":0,"hd":false,"mn":"ADBE Vector Graphic - Fill","nm":"Fill 1","c":{"a":0,"k":[1,1,1],"ix":4},"r":1,"o":{"a":0,"k":100,"ix":5}},{"ty":"tr","a":{"a":0,"k":[0,0],"ix":1},"s":{"a":0,"k":[100,100],"ix":3},"sk":{"a":0,"k":0,"ix":4},"p":{"a":0,"k":[0,0],"ix":2},"r":{"a":0,"k":0,"ix":6},"sa":{"a":0,"k":0,"ix":5},"o":{"a":0,"k":100,"ix":7}}]},{"ty":"tm","bm":0,"hd":false,"mn":"ADBE Vector Filter - Trim","nm":"Trim Paths 1","ix":2,"e":{"a":1,"k":[{"o":{"x":0.075,"y":0.344},"i":{"x":0,"y":1},"s":[0],"t":37},{"s":[100],"t":63}],"ix":2},"o":{"a":0,"k":0,"ix":3},"s":{"a":0,"k":0,"ix":1},"m":1}],"ind":5},{"ty":4,"nm":"Shape Layer 10","sr":1,"st":0,"op":3600,"ip":0,"hd":false,"ddd":0,"bm":0,"hasMask":false,"ao":0,"ks":{"a":{"a":0,"k":[0,0,0],"ix":1},"s":{"a":0,"k":[100,100,100],"ix":6},"sk":{"a":0,"k":0},"p":{"a":0,"k":[492.5,455,0],"ix":2},"r":{"a":0,"k":0,"ix":10},"sa":{"a":0,"k":0},"o":{"a":0,"k":100,"ix":11}},"ef":[],"shapes":[{"ty":"gr","bm":0,"hd":false,"mn":"ADBE Vector Group","nm":"Shape 1","ix":1,"cix":2,"np":3,"it":[{"ty":"sh","bm":0,"hd":false,"mn":"ADBE Vector Shape - Group","nm":"Path 1","ix":1,"d":1,"ks":{"a":0,"k":{"c":false,"i":[[0,0],[0,0]],"o":[[0,0],[0,0]],"v":[[-46.5,-185.5],[2.75,-165.25]]},"ix":2}},{"ty":"st","bm":0,"hd":false,"mn":"ADBE Vector Graphic - Stroke","nm":"Stroke 1","lc":2,"lj":1,"ml":4,"o":{"a":0,"k":100,"ix":4},"w":{"a":0,"k":3,"ix":5},"c":{"a":0,"k":[0.349,0.349,0.349],"ix":3}},{"ty":"fl","bm":0,"hd":false,"mn":"ADBE Vector Graphic - Fill","nm":"Fill 1","c":{"a":0,"k":[1,1,1],"ix":4},"r":1,"o":{"a":0,"k":100,"ix":5}},{"ty":"tr","a":{"a":0,"k":[0,0],"ix":1},"s":{"a":0,"k":[100,100],"ix":3},"sk":{"a":0,"k":0,"ix":4},"p":{"a":0,"k":[0,0],"ix":2},"r":{"a":0,"k":0,"ix":6},"sa":{"a":0,"k":0,"ix":5},"o":{"a":0,"k":100,"ix":7}}]},{"ty":"tm","bm":0,"hd":false,"mn":"ADBE Vector Filter - Trim","nm":"Trim Paths 1","ix":2,"e":{"a":1,"k":[{"o":{"x":0.075,"y":0.344},"i":{"x":0,"y":1},"s":[0],"t":34},{"s":[100],"t":60}],"ix":2},"o":{"a":0,"k":0,"ix":3},"s":{"a":0,"k":0,"ix":1},"m":1}],"ind":6},{"ty":4,"nm":"Shape Layer 9","sr":1,"st":0,"op":3600,"ip":0,"hd":false,"ddd":0,"bm":0,"hasMask":false,"ao":0,"ks":{"a":{"a":0,"k":[0,0,0],"ix":1},"s":{"a":0,"k":[100,100,100],"ix":6},"sk":{"a":0,"k":0},"p":{"a":0,"k":[492.5,455,0],"ix":2},"r":{"a":0,"k":0,"ix":10},"sa":{"a":0,"k":0},"o":{"a":0,"k":100,"ix":11}},"ef":[],"shapes":[{"ty":"gr","bm":0,"hd":false,"mn":"ADBE Vector Group","nm":"Shape 1","ix":1,"cix":2,"np":3,"it":[{"ty":"sh","bm":0,"hd":false,"mn":"ADBE Vector Shape - Group","nm":"Path 1","ix":1,"d":1,"ks":{"a":0,"k":{"c":false,"i":[[0,0],[0.295,3.052],[-2.065,1.835],[-3.494,-0.079],[-1.058,-3.597],[7,1.25]],"o":[[0,0],[-0.25,-2.588],[1.985,-1.764],[4.428,0.1],[2.5,8.5],[-1.984,-0.354]],"v":[[-1.25,-183],[-3.143,-188.688],[-0.5,-196],[8.497,-199.346],[18.5,-193.25],[5.25,-180]]},"ix":2}},{"ty":"st","bm":0,"hd":false,"mn":"ADBE Vector Graphic - Stroke","nm":"Stroke 1","lc":2,"lj":1,"ml":4,"o":{"a":0,"k":100,"ix":4},"w":{"a":0,"k":3,"ix":5},"c":{"a":0,"k":[0.349,0.349,0.349],"ix":3}},{"ty":"fl","bm":0,"hd":false,"mn":"ADBE Vector Graphic - Fill","nm":"Fill 1","c":{"a":0,"k":[1,1,1],"ix":4},"r":1,"o":{"a":0,"k":100,"ix":5}},{"ty":"tr","a":{"a":0,"k":[0,0],"ix":1},"s":{"a":0,"k":[100,100],"ix":3},"sk":{"a":0,"k":0,"ix":4},"p":{"a":0,"k":[0,0],"ix":2},"r":{"a":0,"k":0,"ix":6},"sa":{"a":0,"k":0,"ix":5},"o":{"a":0,"k":100,"ix":7}}]},{"ty":"tm","bm":0,"hd":false,"mn":"ADBE Vector Filter - Trim","nm":"Trim Paths 1","ix":2,"e":{"a":1,"k":[{"o":{"x":0.075,"y":0.344},"i":{"x":0,"y":1},"s":[0],"t":38},{"s":[100],"t":64}],"ix":2},"o":{"a":0,"k":0,"ix":3},"s":{"a":0,"k":0,"ix":1},"m":1}],"ind":7},{"ty":4,"nm":"Shape Layer 8","sr":1,"st":0,"op":3600,"ip":0,"hd":false,"ddd":0,"bm":0,"hasMask":false,"ao":0,"ks":{"a":{"a":0,"k":[0,0,0],"ix":1},"s":{"a":0,"k":[100,100,100],"ix":6},"sk":{"a":0,"k":0},"p":{"a":0,"k":[492.5,455,0],"ix":2},"r":{"a":0,"k":0,"ix":10},"sa":{"a":0,"k":0},"o":{"a":0,"k":100,"ix":11}},"ef":[],"shapes":[{"ty":"gr","bm":0,"hd":false,"mn":"ADBE Vector Group","nm":"Shape 1","ix":1,"cix":2,"np":3,"it":[{"ty":"sh","bm":0,"hd":false,"mn":"ADBE Vector Shape - Group","nm":"Path 1","ix":1,"d":1,"ks":{"a":0,"k":{"c":false,"i":[[0,0],[0,0]],"o":[[0,0],[0,0]],"v":[[-32.75,-207],[-15.75,-200.5]]},"ix":2}},{"ty":"st","bm":0,"hd":false,"mn":"ADBE Vector Graphic - Stroke","nm":"Stroke 1","lc":2,"lj":1,"ml":4,"o":{"a":0,"k":100,"ix":4},"w":{"a":0,"k":3,"ix":5},"c":{"a":0,"k":[0.349,0.349,0.349],"ix":3}},{"ty":"fl","bm":0,"hd":false,"mn":"ADBE Vector Graphic - Fill","nm":"Fill 1","c":{"a":0,"k":[1,1,1],"ix":4},"r":1,"o":{"a":0,"k":100,"ix":5}},{"ty":"tr","a":{"a":0,"k":[0,0],"ix":1},"s":{"a":0,"k":[100,100],"ix":3},"sk":{"a":0,"k":0,"ix":4},"p":{"a":0,"k":[0,0],"ix":2},"r":{"a":0,"k":0,"ix":6},"sa":{"a":0,"k":0,"ix":5},"o":{"a":0,"k":100,"ix":7}}]},{"ty":"tm","bm":0,"hd":false,"mn":"ADBE Vector Filter - Trim","nm":"Trim Paths 1","ix":2,"e":{"a":1,"k":[{"o":{"x":0.075,"y":0.344},"i":{"x":0,"y":1},"s":[0],"t":32},{"s":[100],"t":58}],"ix":2},"o":{"a":0,"k":0,"ix":3},"s":{"a":0,"k":0,"ix":1},"m":1}],"ind":8},{"ty":4,"nm":"Page","sr":1,"st":0,"op":3600,"ip":0,"hd":false,"ddd":0,"bm":0,"hasMask":false,"ao":0,"ks":{"a":{"a":0,"k":[0,0,0],"ix":1},"s":{"a":0,"k":[100,100,100],"ix":6},"sk":{"a":0,"k":0},"p":{"a":0,"k":[471.356,299.63,0],"ix":2},"r":{"a":0,"k":0,"ix":10},"sa":{"a":0,"k":0},"o":{"a":0,"k":100,"ix":11}},"ef":[],"shapes":[{"ty":"gr","bm":0,"hd":false,"mn":"ADBE Vector Group","nm":"Fill 50","ix":1,"cix":2,"np":2,"it":[{"ty":"sh","bm":0,"hd":false,"mn":"ADBE Vector Shape - Group","nm":"Path 1","ix":1,"d":1,"ks":{"a":0,"k":{"c":false,"i":[[0,0],[1.82,-7.34],[-0.31,0.1],[6.69,2.57],[0.94,0.38],[0.17,0.55],[-0.03,0.35],[-0.04,0.42],[-0.11,0.88],[-0.32,1.7],[-5.49,8.32],[-1.22,1.37],[0.3,-0.08],[-7.46,-2.75],[-0.76,-0.25],[0.1,-0.37],[0.32,-0.7],[1.27,-2.91],[1.3,-3.61],[-0.12,0.33],[-3.33,7.16],[0.06,0.02],[7.84,4.29],[0.18,-0.21],[2.26,-4.92],[1.2,-5.73],[0.26,-3.47],[-0.94,-0.49],[-0.9,-0.36],[-7.11,-3.21],[-0.08,0.31],[-2.56,7.12],[0.11,-0.33]],"o":[[-2.56,7.12],[0.3,-0.11],[-6.54,-2.95],[-0.95,-0.36],[-0.53,-0.22],[-0.1,-0.34],[0.03,-0.42],[0.08,-0.9],[0.21,-1.71],[1.85,-9.78],[1,-1.53],[-0.3,0.08],[7,3.82],[0.75,0.27],[0.37,0.13],[-0.19,0.74],[-1.32,2.89],[-1.54,3.52],[-0.12,0.32],[2.69,-7.43],[0.04,-0.07],[-8.28,-3.26],[-0.26,-0.14],[-3.61,4.09],[-2.44,5.32],[-0.71,3.41],[-0.08,1.02],[0.85,0.44],[7.25,2.86],[0.24,0.11],[1.82,-7.34],[0.11,-0.32],[0,0]],"v":[[10.354,5.075],[3.894,26.805],[4.814,26.495],[-14.936,17.865],[-17.766,16.755],[-19.726,15.665],[-19.636,14.405],[-19.536,13.135],[-19.256,10.465],[-18.456,5.355],[-7.426,-22.275],[-4.156,-26.715],[-5.046,-26.475],[17.204,-17.565],[19.454,-16.725],[19.624,-16.475],[18.614,-14.275],[14.724,-5.585],[10.354,5.075],[11.374,4.935],[20.764,-16.875],[20.664,-17.045],[-4.226,-26.965],[-5.106,-26.725],[-13.706,-12.625],[-19.186,4.025],[-20.646,14.355],[-20.136,16.545],[-17.466,17.685],[3.994,26.975],[4.914,26.665],[11.374,4.935],[10.354,5.075]]},"ix":2}},{"ty":"fl","bm":0,"hd":false,"mn":"ADBE Vector Graphic - Fill","nm":"Fill 1","c":{"a":0,"k":[0.502,0.502,0.502],"ix":4},"r":1,"o":{"a":0,"k":100,"ix":5}},{"ty":"tr","a":{"a":0,"k":[0,0],"ix":1},"s":{"a":0,"k":[300,300],"ix":3},"sk":{"a":0,"k":0,"ix":4},"p":{"a":0,"k":[0,0],"ix":2},"r":{"a":0,"k":0,"ix":6},"sa":{"a":0,"k":0,"ix":5},"o":{"a":0,"k":100,"ix":7}}]},{"ty":"st","bm":0,"hd":false,"mn":"ADBE Vector Graphic - Stroke","nm":"Stroke 1","lc":1,"lj":1,"ml":4,"o":{"a":0,"k":100,"ix":4},"w":{"a":0,"k":2,"ix":5},"c":{"a":0,"k":[1,1,1],"ix":3}}],"ind":9},{"ty":4,"nm":"Shape Layer 7","sr":1,"st":0,"op":3600,"ip":0,"hd":false,"ddd":0,"bm":0,"hasMask":false,"ao":0,"ks":{"a":{"a":0,"k":[-80.322,-108.375,0],"ix":1},"s":{"a":0,"k":[100,100,100],"ix":6},"sk":{"a":0,"k":0},"p":{"a":0,"k":[412.178,346.625,0],"ix":2},"r":{"a":0,"k":0,"ix":10},"sa":{"a":0,"k":0},"o":{"a":0,"k":100,"ix":11}},"ef":[],"shapes":[{"ty":"gr","bm":0,"hd":false,"mn":"ADBE Vector Group","nm":"Shape 1","ix":1,"cix":2,"np":3,"it":[{"ty":"sh","bm":0,"hd":false,"mn":"ADBE Vector Shape - Group","nm":"Path 1","ix":1,"d":1,"ks":{"a":0,"k":{"c":true,"i":[[8,6.5],[-2.5,-33.5],[0,0],[-38.5,76]],"o":[[-28.5,25],[22.5,10.5],[0,0],[-37.5,-13.5]],"v":[[-33,-235.5],[-81,-108],[-8.5,-75.5],[40,-206]]},"ix":2}},{"ty":"st","bm":0,"hd":false,"mn":"ADBE Vector Graphic - Stroke","nm":"Stroke 1","lc":1,"lj":1,"ml":4,"o":{"a":0,"k":100,"ix":4},"w":{"a":0,"k":2,"ix":5},"c":{"a":0,"k":[0.502,0.502,0.502],"ix":3}},{"ty":"fl","bm":0,"hd":false,"mn":"ADBE Vector Graphic - Fill","nm":"Fill 1","c":{"a":0,"k":[1,1,1],"ix":4},"r":1,"o":{"a":0,"k":100,"ix":5}},{"ty":"tr","a":{"a":0,"k":[0,0],"ix":1},"s":{"a":0,"k":[100,100],"ix":3},"sk":{"a":0,"k":0,"ix":4},"p":{"a":0,"k":[0,0],"ix":2},"r":{"a":0,"k":0,"ix":6},"sa":{"a":0,"k":0,"ix":5},"o":{"a":0,"k":100,"ix":7}}]}],"ind":10},{"ty":4,"nm":"Page 6","sr":1,"st":0,"op":3600,"ip":0,"hd":false,"ddd":0,"bm":0,"hasMask":false,"ao":0,"ks":{"a":{"a":0,"k":[-25.808,62.423,0],"ix":1},"s":{"a":0,"k":[100,100,100],"ix":6},"sk":{"a":0,"k":0},"p":{"a":0,"k":[493.663,378.251,0],"ix":2},"r":{"a":1,"k":[{"o":{"x":0.067,"y":1.268},"i":{"x":0.194,"y":1.028},"s":[-10],"t":41},{"s":[0],"t":99}],"ix":10},"sa":{"a":0,"k":0},"o":{"a":1,"k":[{"o":{"x":0.026,"y":0.06},"i":{"x":0,"y":1},"s":[0],"t":40},{"s":[100],"t":63}],"ix":11}},"ef":[],"shapes":[{"ty":"gr","bm":0,"hd":false,"mn":"ADBE Vector Group","nm":"Fill 32","ix":1,"cix":2,"np":2,"it":[{"ty":"sh","bm":0,"hd":false,"mn":"ADBE Vector Shape - Group","nm":"Path 1","ix":1,"d":1,"ks":{"a":0,"k":{"c":false,"i":[[0,0],[-1.62,-1.21],[-0.23,0.21],[0.33,-0.4],[0.65,-0.91],[1.37,-2.16],[2.62,-7.94],[0.61,-1.97],[-0.29,0.08],[0.37,0.2],[-0.5,-0.27],[-0.38,-0.2],[-0.1,0.33],[-1.81,4.54],[-4.14,5.99],[-0.68,0.93],[-0.36,0.46],[-0.11,0.16],[0.59,0.19],[0.48,0.36],[1.69,1.11],[-0.48,-0.31]],"o":[[1.69,1.11],[0.23,-0.21],[-0.59,-0.2],[-0.73,0.85],[-1.48,2.08],[-4.51,7.05],[-0.65,1.96],[0.29,-0.08],[-0.37,-0.2],[-0.38,-0.21],[0.37,0.2],[0.24,0.14],[1.43,-4.67],[2.69,-6.8],[0.66,-0.96],[0.35,-0.47],[0.12,-0.15],[0.29,-0.41],[0.33,0.11],[-1.62,-1.21],[-0.38,-0.24],[0,0]],"v":[[4.827,-20.462],[9.817,-17.002],[10.497,-17.632],[9.107,-16.842],[7.087,-14.152],[2.777,-7.802],[-7.743,14.778],[-9.583,20.688],[-8.703,20.448],[-9.813,19.848],[-10.593,20.438],[-9.483,21.038],[-8.603,20.808],[-3.843,6.978],[6.687,-12.052],[8.697,-14.902],[9.757,-16.302],[10.137,-16.752],[9.907,-16.952],[10.597,-17.592],[5.617,-21.052],[4.827,-20.462]]},"ix":2}},{"ty":"fl","bm":0,"hd":false,"mn":"ADBE Vector Graphic - Fill","nm":"Fill 1","c":{"a":0,"k":[0.502,0.502,0.502],"ix":4},"r":1,"o":{"a":0,"k":100,"ix":5}},{"ty":"tr","a":{"a":0,"k":[0,0],"ix":1},"s":{"a":0,"k":[300,300],"ix":3},"sk":{"a":0,"k":0,"ix":4},"p":{"a":0,"k":[0,0],"ix":2},"r":{"a":0,"k":0,"ix":6},"sa":{"a":0,"k":0,"ix":5},"o":{"a":0,"k":100,"ix":7}}]}],"ind":11},{"ty":4,"nm":"Shape Layer 15","sr":1,"st":0,"op":3600,"ip":0,"hd":false,"ddd":0,"bm":0,"hasMask":false,"ao":0,"ks":{"a":{"a":0,"k":[-1.53,-94.465,0],"ix":1},"s":{"a":0,"k":[100,100,100],"ix":6},"sk":{"a":0,"k":0},"p":{"a":0,"k":[490.97,360.535,0],"ix":2},"r":{"a":1,"k":[{"o":{"x":0.067,"y":1.268},"i":{"x":0.194,"y":1.028},"s":[-10],"t":41},{"s":[0],"t":99}],"ix":10},"sa":{"a":0,"k":0},"o":{"a":1,"k":[{"o":{"x":0.026,"y":0.06},"i":{"x":0,"y":1},"s":[0],"t":40},{"s":[100],"t":63}],"ix":11}},"ef":[],"shapes":[{"ty":"gr","bm":0,"hd":false,"mn":"ADBE Vector Group","nm":"Shape 1","ix":1,"cix":2,"np":3,"it":[{"ty":"sh","bm":0,"hd":false,"mn":"ADBE Vector Shape - Group","nm":"Path 1","ix":1,"d":1,"ks":{"a":0,"k":{"c":true,"i":[[0,0],[17.418,-67.064],[0,0]],"o":[[0,0],[3.461,-18.041],[0,0]],"v":[[34.284,-193.75],[-1.5,-94.5],[45.75,-187.5]]},"ix":2}},{"ty":"fl","bm":0,"hd":false,"mn":"ADBE Vector Graphic - Fill","nm":"Fill 1","c":{"a":0,"k":[0.8784,0.8784,0.8784],"ix":4},"r":1,"o":{"a":0,"k":100,"ix":5}},{"ty":"tr","a":{"a":0,"k":[0,0],"ix":1},"s":{"a":0,"k":[101.989,99.963],"ix":3},"sk":{"a":0,"k":0,"ix":4},"p":{"a":0,"k":[0,0],"ix":2},"r":{"a":0,"k":0,"ix":6},"sa":{"a":0,"k":0,"ix":5},"o":{"a":0,"k":100,"ix":7}}]}],"ind":12},{"ty":4,"nm":"Page 7","sr":1,"st":0,"op":3600,"ip":0,"hd":false,"ddd":0,"bm":0,"hasMask":false,"ao":0,"ks":{"a":{"a":0,"k":[-34.569,50.461,0],"ix":1},"s":{"a":0,"k":[100,100,100],"ix":6},"sk":{"a":0,"k":0},"p":{"a":0,"k":[492.459,373.771,0],"ix":2},"r":{"a":1,"k":[{"o":{"x":0.067,"y":1.268},"i":{"x":0.194,"y":1.028},"s":[-10],"t":47},{"s":[0],"t":105}],"ix":10},"sa":{"a":0,"k":0},"o":{"a":1,"k":[{"o":{"x":0.026,"y":0.06},"i":{"x":0,"y":1},"s":[0],"t":46},{"s":[100],"t":69}],"ix":11}},"ef":[],"shapes":[{"ty":"gr","bm":0,"hd":false,"mn":"ADBE Vector Group","nm":"Fill 28","ix":1,"cix":2,"np":2,"it":[{"ty":"sh","bm":0,"hd":false,"mn":"ADBE Vector Shape - Group","nm":"Path 1","ix":1,"d":1,"ks":{"a":0,"k":{"c":false,"i":[[0,0],[-1.11,-1.29],[-0.29,0.15],[0.5,-0.44],[1.43,-1.36],[3.2,-5.07],[1.59,-3.68],[-0.14,0.33],[-3.98,5.09],[-3.34,3.09],[-0.79,0.69],[-0.32,0.26],[-0.09,0.1],[0.72,0.38],[0.3,0.35],[1.24,1.17],[-0.3,-0.27]],"o":[[1.23,1.17],[0.29,-0.15],[-0.85,-0.45],[-1.48,1.31],[-4.35,4.12],[-2.14,3.39],[-0.21,0.47],[2.57,-5.93],[2.81,-3.59],[0.77,-0.71],[0.3,-0.27],[0.11,-0.09],[0.28,-0.33],[0.22,0.12],[-1.11,-1.28],[-0.27,-0.25],[0,0]],"v":[[7.548,-16.61],[11.158,-13],[12.038,-13.46],[9.188,-11.73],[4.827,-7.7],[-6.553,6.14],[-12.132,16.78],[-11.182,16.82],[-1.372,0.18],[7.977,-9.69],[10.307,-11.79],[11.238,-12.58],[11.598,-12.86],[11.227,-12.95],[12.107,-13.41],[8.488,-17.02],[7.548,-16.61]]},"ix":2}},{"ty":"fl","bm":0,"hd":false,"mn":"ADBE Vector Graphic - Fill","nm":"Fill 1","c":{"a":0,"k":[0.502,0.502,0.502],"ix":4},"r":1,"o":{"a":0,"k":100,"ix":5}},{"ty":"tr","a":{"a":0,"k":[0,0],"ix":1},"s":{"a":0,"k":[300,300],"ix":3},"sk":{"a":0,"k":0,"ix":4},"p":{"a":0,"k":[0,0],"ix":2},"r":{"a":0,"k":0,"ix":6},"sa":{"a":0,"k":0,"ix":5},"o":{"a":0,"k":100,"ix":7}}]}],"ind":13},{"ty":4,"nm":"Shape Layer 17","sr":1,"st":0,"op":3600,"ip":0,"hd":false,"ddd":0,"bm":0,"hasMask":false,"ao":0,"ks":{"a":{"a":0,"k":[15.367,-111.7,0],"ix":1},"s":{"a":0,"k":[100,100,100],"ix":6},"sk":{"a":0,"k":0},"p":{"a":0,"k":[507.867,343.3,0],"ix":2},"r":{"a":1,"k":[{"o":{"x":0.067,"y":1.268},"i":{"x":0.194,"y":1.028},"s":[-10],"t":47},{"s":[0],"t":105}],"ix":10},"sa":{"a":0,"k":0},"o":{"a":1,"k":[{"o":{"x":0.026,"y":0.06},"i":{"x":0,"y":1},"s":[0],"t":46},{"s":[100],"t":69}],"ix":11}},"ef":[],"shapes":[{"ty":"gr","bm":0,"hd":false,"mn":"ADBE Vector Group","nm":"Shape 1","ix":1,"cix":2,"np":3,"it":[{"ty":"sh","bm":0,"hd":false,"mn":"ADBE Vector Shape - Group","nm":"Path 1","ix":1,"d":1,"ks":{"a":0,"k":{"c":true,"i":[[0,0],[0,0],[23,-38]],"o":[[0,0],[0,0],[6,-20.5]],"v":[[49.5,-177.75],[58.75,-170.25],[13,-114.5]]},"ix":2}},{"ty":"fl","bm":0,"hd":false,"mn":"ADBE Vector Graphic - Fill","nm":"Fill 1","c":{"a":0,"k":[0.8784,0.8784,0.8784],"ix":4},"r":1,"o":{"a":0,"k":100,"ix":5}},{"ty":"tr","a":{"a":0,"k":[0,0],"ix":1},"s":{"a":0,"k":[100,100],"ix":3},"sk":{"a":0,"k":0,"ix":4},"p":{"a":0,"k":[0,0],"ix":2},"r":{"a":0,"k":0,"ix":6},"sa":{"a":0,"k":0,"ix":5},"o":{"a":0,"k":100,"ix":7}}]}],"ind":14}]},{"nm":"","id":"comp_1","layers":[{"ty":4,"nm":"Fill 1","sr":1,"st":0,"op":3600,"ip":0,"hd":false,"ddd":0,"bm":0,"hasMask":false,"ao":0,"ks":{"a":{"a":0,"k":[0,0,0],"ix":1},"s":{"a":0,"k":[100,100,100],"ix":6},"sk":{"a":0,"k":0},"p":{"a":0,"k":[157.973,122.959,0],"ix":2},"r":{"a":0,"k":0,"ix":10},"sa":{"a":0,"k":0},"o":{"a":0,"k":100,"ix":11}},"ef":[],"shapes":[{"ty":"gr","bm":0,"hd":false,"mn":"ADBE Vector Group","nm":"Fill 1","ix":1,"cix":2,"np":2,"it":[{"ty":"sh","bm":0,"hd":false,"mn":"ADBE Vector Shape - Group","nm":"Path 1","ix":1,"d":1,"ks":{"a":0,"k":{"c":true,"i":[[0,0],[0.59,2],[-17.79,0],[-6.7,-1.16],[-6.74,0.1],[-5.95,13.01],[7.48,9.32],[5.81,2.71],[15.74,-5.22],[1.25,-4.87]],"o":[[2.03,0.36],[-0.6,-2.04],[6.8,0],[6.65,1.15],[7.45,-0.11],[5.02,-10.99],[-4.01,-5],[-8.29,-3.86],[-15.73,5.22],[-9.75,38.06]],"v":[[-24.755,40.762],[-23.845,38.382],[-16.395,25.092],[3.765,27.882],[23.905,29.462],[49.315,10.522],[44.985,-19.118],[24.515,-33.998],[-24.755,-38.848],[-50.005,-14.248]]},"ix":2}},{"ty":"fl","bm":0,"hd":false,"mn":"ADBE Vector Graphic - Fill","nm":"Fill 1","c":{"a":0,"k":[0.9451,0.9451,0.9451],"ix":4},"r":1,"o":{"a":0,"k":100,"ix":5}},{"ty":"tr","a":{"a":0,"k":[0,0],"ix":1},"s":{"a":0,"k":[300,300],"ix":3},"sk":{"a":0,"k":0,"ix":4},"p":{"a":0,"k":[0,0],"ix":2},"r":{"a":0,"k":0,"ix":6},"sa":{"a":0,"k":0,"ix":5},"o":{"a":0,"k":100,"ix":7}}]}],"ind":1}]}]}