{"nm":"Composição 1","ddd":0,"h":400,"w":400,"meta":{"g":"@lottiefiles/toolkit-js 0.26.1"},"layers":[{"ty":4,"nm":"Line","sr":1,"st":0,"op":360,"ip":0,"hd":false,"ddd":0,"bm":0,"hasMask":false,"ao":0,"ks":{"a":{"a":0,"k":[127,158.5,0],"ix":1},"s":{"a":0,"k":[100,100,100],"ix":6},"sk":{"a":0,"k":0},"p":{"a":0,"k":[217,184.5,0],"ix":2},"r":{"a":0,"k":0,"ix":10},"sa":{"a":0,"k":0},"o":{"a":0,"k":100,"ix":11}},"ef":[],"shapes":[{"ty":"gr","bm":0,"hd":false,"mn":"ADBE Vector Group","nm":"Grupo 1","ix":1,"cix":2,"np":3,"it":[{"ty":"sh","bm":0,"hd":false,"mn":"ADBE Vector Shape - Group","nm":"Caminho 1","ix":1,"d":1,"ks":{"a":0,"k":{"c":false,"i":[[0,0],[0,0]],"o":[[0,0],[0,0]],"v":[[253.5,0.5],[0.5,316.5]]},"ix":2}},{"ty":"tm","bm":0,"hd":false,"mn":"ADBE Vector Filter - Trim","nm":"Aparar caminhos 1","ix":2,"e":{"a":0,"k":0,"ix":2},"o":{"a":0,"k":0,"ix":3},"s":{"a":1,"k":[{"o":{"x":0.167,"y":0.167},"i":{"x":0.833,"y":0.833},"s":[0],"t":190},{"s":[100],"t":210}],"ix":1},"m":1},{"ty":"st","bm":0,"hd":false,"mn":"ADBE Vector Graphic - Stroke","nm":"Traçado 1","lc":2,"lj":2,"ml":1,"o":{"a":0,"k":100,"ix":4},"w":{"a":0,"k":20,"ix":5},"c":{"a":0,"k":[0.9137,0.302,0.302],"ix":3}},{"ty":"tr","a":{"a":0,"k":[0,0],"ix":1},"s":{"a":0,"k":[100,100],"ix":3},"sk":{"a":0,"k":0,"ix":4},"p":{"a":0,"k":[0,0],"ix":2},"r":{"a":0,"k":0,"ix":6},"sa":{"a":0,"k":0,"ix":5},"o":{"a":0,"k":100,"ix":7}}]}],"ind":1},{"ty":4,"nm":"XMLID_359_","sr":1,"st":0,"op":368,"ip":0,"hd":false,"ddd":0,"bm":0,"hasMask":false,"ao":0,"ks":{"a":{"a":0,"k":[194.9,58.173,0],"ix":1},"s":{"a":0,"k":[100,100,100],"ix":6},"sk":{"a":0,"k":0},"p":{"a":0,"k":[199.9,105.883,0],"ix":2},"r":{"a":0,"k":0,"ix":10},"sa":{"a":0,"k":0},"o":{"a":0,"k":100,"ix":11}},"ef":[],"shapes":[{"ty":"gr","bm":0,"hd":false,"mn":"ADBE Vector Group","nm":"Grupo 1","ix":1,"cix":2,"np":2,"it":[{"ty":"sh","bm":0,"hd":false,"mn":"ADBE Vector Shape - Group","nm":"Caminho 1","ix":1,"d":1,"ks":{"a":0,"k":{"c":true,"i":[[8.75,8.77],[71.15,0],[50.3,-50.32],[-8.76,-8.76],[-5.74,0],[-4.37,4.38],[-59.15,0],[-41.82,-41.84],[-8.77,8.75]],"o":[[-50.3,-50.32],[-71.16,0],[-8.76,8.77],[4.39,4.38],[5.75,0],[41.82,-41.84],[59.15,0],[8.76,8.77],[8.77,-8.77]],"v":[[383.24,78.02],[194.91,0],[6.57,78.02],[6.57,109.77],[22.45,116.34],[38.32,109.77],[194.91,44.9],[351.48,109.77],[383.22,109.78]]},"ix":2}},{"ty":"fl","bm":0,"hd":false,"mn":"ADBE Vector Graphic - Fill","nm":"Preenchimento 1","c":{"a":1,"k":[{"o":{"x":0.167,"y":0.167},"i":{"x":0.833,"y":0.833},"s":[0.8706,0.8706,0.8706],"t":90},{"o":{"x":0.167,"y":0.167},"i":{"x":0.833,"y":0.833},"s":[0.2667,0.8078,0.9608],"t":120},{"o":{"x":0.167,"y":0.167},"i":{"x":0.833,"y":0.833},"s":[0.2667,0.8078,0.9608],"t":150},{"s":[0.8706,0.8706,0.8706],"t":160}],"ix":4},"r":1,"o":{"a":0,"k":100,"ix":5}},{"ty":"tr","a":{"a":0,"k":[0,0],"ix":1},"s":{"a":0,"k":[100,100],"ix":3},"sk":{"a":0,"k":0,"ix":4},"p":{"a":0,"k":[0,0],"ix":2},"r":{"a":0,"k":0,"ix":6},"sa":{"a":0,"k":0,"ix":5},"o":{"a":0,"k":100,"ix":7}}]}],"ind":2},{"ty":4,"nm":"XMLID_360_","sr":1,"st":0,"op":368,"ip":0,"hd":false,"ddd":0,"bm":0,"hasMask":false,"ao":0,"ks":{"a":{"a":0,"k":[142.514,47.32,0],"ix":1},"s":{"a":0,"k":[100,100,100],"ix":6},"sk":{"a":0,"k":0},"p":{"a":0,"k":[199.904,169.12,0],"ix":2},"r":{"a":0,"k":0,"ix":10},"sa":{"a":0,"k":0},"o":{"a":0,"k":100,"ix":11}},"ef":[],"shapes":[{"ty":"gr","bm":0,"hd":false,"mn":"ADBE Vector Group","nm":"Grupo 1","ix":1,"cix":2,"np":2,"it":[{"ty":"sh","bm":0,"hd":false,"mn":"ADBE Vector Shape - Group","nm":"Caminho 1","ix":1,"d":1,"ks":{"a":0,"k":{"c":true,"i":[[51.36,0],[36.31,-36.31],[-8.76,-8.76],[-8.76,8.77],[-39.36,0],[-27.82,-27.83],[-5.72,0],[-4.38,4.39],[8.77,8.77]],"o":[[-51.36,0],[-8.76,8.77],[8.78,8.77],[27.83,-27.83],[39.35,0],[4.39,4.39],[5.76,0],[8.77,-8.76],[-36.31,-36.31]],"v":[[142.52,0],[6.57,56.31],[6.57,88.06],[38.32,88.06],[142.52,44.9],[246.7,88.06],[262.57,94.64],[278.45,88.06],[278.45,56.31]]},"ix":2}},{"ty":"fl","bm":0,"hd":false,"mn":"ADBE Vector Graphic - Fill","nm":"Preenchimento 1","c":{"a":1,"k":[{"o":{"x":0.167,"y":0.167},"i":{"x":0.833,"y":0.833},"s":[0.8706,0.8706,0.8706],"t":60},{"o":{"x":0.167,"y":0.167},"i":{"x":0.833,"y":0.833},"s":[0.2667,0.8078,0.9608],"t":90},{"o":{"x":0.167,"y":0.167},"i":{"x":0.833,"y":0.833},"s":[0.2667,0.8078,0.9608],"t":150},{"o":{"x":0.167,"y":0.167},"i":{"x":0.833,"y":0.833},"s":[0.2667,0.8078,0.9608],"t":160},{"s":[0.8706,0.8706,0.8706],"t":170}],"ix":4},"r":1,"o":{"a":0,"k":100,"ix":5}},{"ty":"tr","a":{"a":0,"k":[0,0],"ix":1},"s":{"a":0,"k":[100,100],"ix":3},"sk":{"a":0,"k":0,"ix":4},"p":{"a":0,"k":[0,0],"ix":2},"r":{"a":0,"k":0,"ix":6},"sa":{"a":0,"k":0,"ix":5},"o":{"a":0,"k":100,"ix":7}}]}],"ind":3},{"ty":4,"nm":"XMLID_361_","sr":1,"st":0,"op":368,"ip":0,"hd":false,"ddd":0,"bm":0,"hasMask":false,"ao":0,"ks":{"a":{"a":0,"k":[90.244,36.495,0],"ix":1},"s":{"a":0,"k":[100,100,100],"ix":6},"sk":{"a":0,"k":0},"p":{"a":0,"k":[199.914,232.215,0],"ix":2},"r":{"a":0,"k":0,"ix":10},"sa":{"a":0,"k":0},"o":{"a":0,"k":100,"ix":11}},"ef":[],"shapes":[{"ty":"gr","bm":0,"hd":false,"mn":"ADBE Vector Group","nm":"Grupo 1","ix":1,"cix":2,"np":2,"it":[{"ty":"sh","bm":0,"hd":false,"mn":"ADBE Vector Shape - Group","nm":"Caminho 1","ix":1,"d":1,"ks":{"a":0,"k":{"c":true,"i":[[31.6,0],[22.33,-22.35],[-8.77,-8.76],[-8.78,8.77],[-19.62,0],[-13.86,-13.87],[-5.72,0],[-4.38,4.39],[8.78,8.77]],"o":[[-31.6,0],[-8.77,8.77],[8.77,8.77],[13.85,-13.87],[19.62,0],[4.39,4.39],[5.76,0],[8.78,-8.76],[-22.33,-22.35]],"v":[[90.24,0],[6.58,34.66],[6.58,66.41],[38.33,66.41],[90.24,44.9],[142.16,66.41],[158.03,72.99],[173.9,66.41],[173.9,34.66]]},"ix":2}},{"ty":"fl","bm":0,"hd":false,"mn":"ADBE Vector Graphic - Fill","nm":"Preenchimento 1","c":{"a":1,"k":[{"o":{"x":0.167,"y":0.167},"i":{"x":0.833,"y":0.833},"s":[0.8706,0.8706,0.8706],"t":30},{"o":{"x":0.167,"y":0.167},"i":{"x":0.833,"y":0.833},"s":[0.2667,0.8078,0.9608],"t":60},{"o":{"x":0.167,"y":0.167},"i":{"x":0.833,"y":0.833},"s":[0.2667,0.8078,0.9608],"t":150},{"o":{"x":0.167,"y":0.167},"i":{"x":0.833,"y":0.833},"s":[0.2667,0.8078,0.9608],"t":170},{"s":[0.8706,0.8706,0.8706],"t":180}],"ix":4},"r":1,"o":{"a":0,"k":100,"ix":5}},{"ty":"tr","a":{"a":0,"k":[0,0],"ix":1},"s":{"a":0,"k":[100,100],"ix":3},"sk":{"a":0,"k":0,"ix":4},"p":{"a":0,"k":[0,0],"ix":2},"r":{"a":0,"k":0,"ix":6},"sa":{"a":0,"k":0,"ix":5},"o":{"a":0,"k":100,"ix":7}}]}],"ind":4},{"ty":4,"nm":"XMLID_362_","sr":1,"st":0,"op":368,"ip":0,"hd":false,"ddd":0,"bm":0,"hasMask":false,"ao":0,"ks":{"a":{"a":0,"k":[38.355,38.354,0],"ix":1},"s":{"a":0,"k":[100,100,100],"ix":6},"sk":{"a":0,"k":0},"p":{"a":0,"k":[199.905,314.064,0],"ix":2},"r":{"a":0,"k":0,"ix":10},"sa":{"a":0,"k":0},"o":{"a":0,"k":100,"ix":11}},"ef":[],"shapes":[{"ty":"gr","bm":0,"hd":false,"mn":"ADBE Vector Group","nm":"Grupo 1","ix":1,"cix":2,"np":2,"it":[{"ty":"sh","bm":0,"hd":false,"mn":"ADBE Vector Shape - Group","nm":"Caminho 1","ix":1,"d":1,"ks":{"a":0,"k":{"c":true,"i":[[14.98,-14.97],[-14.97,-14.97],[-14.98,14.98],[14.97,14.98]],"o":[[-14.97,14.98],[14.98,14.98],[14.97,-14.97],[-14.98,-14.97]],"v":[[11.23,11.23],[11.23,65.47],[65.48,65.47],[65.48,11.23]]},"ix":2}},{"ty":"fl","bm":0,"hd":false,"mn":"ADBE Vector Graphic - Fill","nm":"Preenchimento 1","c":{"a":1,"k":[{"o":{"x":0.167,"y":0.167},"i":{"x":0.833,"y":0.833},"s":[0.8706,0.8706,0.8706],"t":0},{"o":{"x":0.167,"y":0.167},"i":{"x":0.833,"y":0.833},"s":[0.2667,0.8078,0.9608],"t":30},{"o":{"x":0.167,"y":0.167},"i":{"x":0.833,"y":0.833},"s":[0.2667,0.8078,0.9608],"t":150},{"o":{"x":0.167,"y":0.167},"i":{"x":0.833,"y":0.833},"s":[0.2667,0.8078,0.9608],"t":180},{"s":[0.8706,0.8706,0.8706],"t":190}],"ix":4},"r":1,"o":{"a":0,"k":100,"ix":5}},{"ty":"tr","a":{"a":0,"k":[0,0],"ix":1},"s":{"a":0,"k":[100,100],"ix":3},"sk":{"a":0,"k":0,"ix":4},"p":{"a":0,"k":[0,0],"ix":2},"r":{"a":0,"k":0,"ix":6},"sa":{"a":0,"k":0,"ix":5},"o":{"a":0,"k":100,"ix":7}}]}],"ind":5}],"v":"5.1.1","fr":60,"op":360,"ip":0,"assets":[]}